WARNING: A terminally deprecated method in sun.misc.Unsafe has been called
WARNING: sun.misc.Unsafe::arrayBaseOffset has been called by net.openhft.hashing.UnsafeAccess (file:/Users/stas/.sbt/boot/scala-2.12.21/org.scala-sbt/sbt/1.13.0/zero-allocation-hashing-0.16.jar)
WARNING: Please consider reporting this to the maintainers of class net.openhft.hashing.UnsafeAccess
WARNING: sun.misc.Unsafe::arrayBaseOffset will be removed in a future release
WARNING: A restricted method in java.lang.System has been called
WARNING: java.lang.System::load has been called by org.scalasbt.ipcsocket.NativeLoader in an unnamed module (file:/Users/stas/.sbt/boot/scala-2.12.21/org.scala-sbt/sbt/1.13.0/ipcsocket-1.8.0.jar)
WARNING: Use --enable-native-access=ALL-UNNAMED to avoid a warning for callers in this module
WARNING: Restricted methods will be blocked in a future release unless native access is enabled

[info] welcome to sbt 1.13.0 (Oracle Corporation Java 25.0.3)
[info] loading global plugins from /Users/stas/.sbt/1.0/plugins
[info] loading settings for project scala-effect-bench-build from plugins.sbt...
[info] loading project definition from /Users/stas/projects/scala-effect-bench/project
[info] loading settings for project root from build.sbt...
[info] set current project to scala-effect-bench (in build file:/Users/stas/projects/scala-effect-bench/)
[info] compiling 2 Scala sources to /Users/stas/projects/scala-effect-bench/bench/target/scala-3.8.4/classes ...
[info] done compiling
[info] running (fork) org.openjdk.jmh.generators.bytecode.JmhBytecodeGenerator /Users/stas/projects/scala-effect-bench/bench/target/scala-3.8.4/classes /Users/stas/projects/scala-effect-bench/bench/target/scala-3.8.4/src_managed/jmh /Users/stas/projects/scala-effect-bench/bench/target/scala-3.8.4/resource_managed/jmh default
[info] Processing 353 classes from /Users/stas/projects/scala-effect-bench/bench/target/scala-3.8.4/classes with "reflection" generator
[info] Writing out Java source to /Users/stas/projects/scala-effect-bench/bench/target/scala-3.8.4/src_managed/jmh and resources to /Users/stas/projects/scala-effect-bench/bench/target/scala-3.8.4/resource_managed/jmh
[info] compiling 48 Java sources to /Users/stas/projects/scala-effect-bench/bench/target/scala-3.8.4/classes ...
[info] done compiling
[info] running (fork) org.openjdk.jmh.Main -i 5 -wi 5 -f 3 -r 1s -w 1s -prof gc -rf json -rff /Users/stas/projects/scala-effect-bench/results/matched/current.json .*bench.matched.*Bench.*
[error] WARNING: A terminally deprecated method in sun.misc.Unsafe has been called
[error] WARNING: sun.misc.Unsafe::objectFieldOffset has been called by org.openjdk.jmh.util.Utils (file:/Users/stas/projects/scala-effect-bench/target/bg-jobs/sbt_1a5ffb62/target/ec0caa91/1296d6b9/jmh-core-1.37.jar)
[error] WARNING: Please consider reporting this to the maintainers of class org.openjdk.jmh.util.Utils
[error] WARNING: sun.misc.Unsafe::objectFieldOffset will be removed in a future release
[info] # JMH version: 1.37
[info] # VM version: JDK 25.0.3, Java HotSpot(TM) 64-Bit Server VM, 25.0.3+9-LTS-195
[info] # VM invoker: /Users/stas/.sdkman/candidates/java/25.0.3-oracle/bin/java
[info] # VM options: --add-opens=java.base/java.lang=ALL-UNNAMED -Xms2g -Xmx2g -XX:+UseG1GC
[info] # Blackhole mode: compiler (auto-detected, use -Djmh.blackhole.autoDetect=false to disable)
[info] # Warmup: 5 iterations, 1 s each
[info] # Measurement: 5 iterations, 1 s each
[info] # Timeout: 10 min per iteration
[info] # Threads: 1 thread, will synchronize iterations
[info] # Benchmark mode: Throughput, ops/time
[info] # Benchmark: bench.matched.CoreBench.ceDeepBind
[info] # Parameters: (depth = 1000)
[info] # Run progress: 0,00% complete, ETA 00:22:00
[info] # Fork: 1 of 3
[info] WARNING: A terminally deprecated method in sun.misc.Unsafe has been called
[info] WARNING: sun.misc.Unsafe::objectFieldOffset has been called by org.openjdk.jmh.util.Utils (file:/Users/stas/projects/scala-effect-bench/target/bg-jobs/sbt_1a5ffb62/target/ec0caa91/1296d6b9/jmh-core-1.37.jar)
[info] WARNING: Please consider reporting this to the maintainers of class org.openjdk.jmh.util.Utils
[info] WARNING: sun.misc.Unsafe::objectFieldOffset will be removed in a future release
[info] # Warmup Iteration   1: 21778,247 ops/s
[info] # Warmup Iteration   2: 39681,764 ops/s
[info] # Warmup Iteration   3: 43697,003 ops/s
[info] # Warmup Iteration   4: 42537,586 ops/s
[info] # Warmup Iteration   5: 43465,926 ops/s
[info] Iteration   1: 44058,720 ops/s
[info]                  gc.alloc.rate:      3993,011 MB/sec
[info]                  gc.alloc.rate.norm: 95040,158 B/op
[info]                  gc.count:           4,000 counts
[info]                  gc.time:            6,000 ms
[info] Iteration   2: 44237,275 ops/s
[info]                  gc.alloc.rate:      4009,103 MB/sec
[info]                  gc.alloc.rate.norm: 95040,157 B/op
[info]                  gc.count:           3,000 counts
[info]                  gc.time:            3,000 ms
[info] Iteration   3: 43762,149 ops/s
[info]                  gc.alloc.rate:      3966,085 MB/sec
[info]                  gc.alloc.rate.norm: 95040,159 B/op
[info]                  gc.count:           3,000 counts
[info]                  gc.time:            2,000 ms
[info] Iteration   4: 44013,769 ops/s
[info]                  gc.alloc.rate:      3988,872 MB/sec
[info]                  gc.alloc.rate.norm: 95040,158 B/op
[info]                  gc.count:           3,000 counts
[info]                  gc.time:            3,000 ms
[info] Iteration   5: 43708,942 ops/s
[info]                  gc.alloc.rate:      3961,279 MB/sec
[info]                  gc.alloc.rate.norm: 95040,159 B/op
[info]                  gc.count:           4,000 counts
[info]                  gc.time:            3,000 ms
[info] # Run progress: 0,76% complete, ETA 00:33:16
[info] # Fork: 2 of 3
[info] WARNING: A terminally deprecated method in sun.misc.Unsafe has been called
[info] WARNING: sun.misc.Unsafe::objectFieldOffset has been called by org.openjdk.jmh.util.Utils (file:/Users/stas/projects/scala-effect-bench/target/bg-jobs/sbt_1a5ffb62/target/ec0caa91/1296d6b9/jmh-core-1.37.jar)
[info] WARNING: Please consider reporting this to the maintainers of class org.openjdk.jmh.util.Utils
[info] WARNING: sun.misc.Unsafe::objectFieldOffset will be removed in a future release
[info] # Warmup Iteration   1: 25148,437 ops/s
[info] # Warmup Iteration   2: 40611,910 ops/s
[info] # Warmup Iteration   3: 42389,835 ops/s
[info] # Warmup Iteration   4: 38526,595 ops/s
[info] # Warmup Iteration   5: 42595,803 ops/s
[info] Iteration   1: 42640,190 ops/s
[info]                  gc.alloc.rate:      3864,375 MB/sec
[info]                  gc.alloc.rate.norm: 95040,163 B/op
[info]                  gc.count:           3,000 counts
[info]                  gc.time:            3,000 ms
[info] Iteration   2: 42979,479 ops/s
[info]                  gc.alloc.rate:      3895,097 MB/sec
[info]                  gc.alloc.rate.norm: 95040,162 B/op
[info]                  gc.count:           3,000 counts
[info]                  gc.time:            3,000 ms
[info] Iteration   3: 43310,850 ops/s
[info]                  gc.alloc.rate:      3925,157 MB/sec
[info]                  gc.alloc.rate.norm: 95040,161 B/op
[info]                  gc.count:           4,000 counts
[info]                  gc.time:            4,000 ms
[info] Iteration   4: 43756,093 ops/s
[info]                  gc.alloc.rate:      3965,584 MB/sec
[info]                  gc.alloc.rate.norm: 95040,159 B/op
[info]                  gc.count:           3,000 counts
[info]                  gc.time:            3,000 ms
[info] Iteration   5: 43163,703 ops/s
[info]                  gc.alloc.rate:      3911,865 MB/sec
[info]                  gc.alloc.rate.norm: 95040,161 B/op
[info]                  gc.count:           3,000 counts
[info]                  gc.time:            3,000 ms
[info] # Run progress: 1,52% complete, ETA 00:33:00
[info] # Fork: 3 of 3
[info] WARNING: A terminally deprecated method in sun.misc.Unsafe has been called
[info] WARNING: sun.misc.Unsafe::objectFieldOffset has been called by org.openjdk.jmh.util.Utils (file:/Users/stas/projects/scala-effect-bench/target/bg-jobs/sbt_1a5ffb62/target/ec0caa91/1296d6b9/jmh-core-1.37.jar)
[info] WARNING: Please consider reporting this to the maintainers of class org.openjdk.jmh.util.Utils
[info] WARNING: sun.misc.Unsafe::objectFieldOffset will be removed in a future release
[info] # Warmup Iteration   1: 25356,035 ops/s
[info] # Warmup Iteration   2: 40974,080 ops/s
[info] # Warmup Iteration   3: 42164,150 ops/s
[info] # Warmup Iteration   4: 44001,380 ops/s
[info] # Warmup Iteration   5: 43344,019 ops/s
[info] Iteration   1: 42546,497 ops/s
[info]                  gc.alloc.rate:      3855,894 MB/sec
[info]                  gc.alloc.rate.norm: 95040,164 B/op
[info]                  gc.count:           3,000 counts
[info]                  gc.time:            3,000 ms
[info] Iteration   2: 42834,601 ops/s
[info]                  gc.alloc.rate:      3881,922 MB/sec
[info]                  gc.alloc.rate.norm: 95040,163 B/op
[info]                  gc.count:           3,000 counts
[info]                  gc.time:            3,000 ms
[info] Iteration   3: 42861,412 ops/s
[info]                  gc.alloc.rate:      3884,438 MB/sec
[info]                  gc.alloc.rate.norm: 95040,162 B/op
[info]                  gc.count:           3,000 counts
[info]                  gc.time:            2,000 ms
[info] Iteration   4: 42562,275 ops/s
[info]                  gc.alloc.rate:      3857,310 MB/sec
[info]                  gc.alloc.rate.norm: 95040,164 B/op
[info]                  gc.count:           3,000 counts
[info]                  gc.time:            3,000 ms
[info] Iteration   5: 43738,820 ops/s
[info]                  gc.alloc.rate:      3964,054 MB/sec
[info]                  gc.alloc.rate.norm: 95042,391 B/op
[info]                  gc.count:           4,000 counts
[info]                  gc.time:            4,000 ms
[info] Result "bench.matched.CoreBench.ceDeepBind":
[info]   43344,985 ±(99.9%) 625,481 ops/s [Average]
[info]   (min, avg, max) = (42546,497, 43344,985, 44237,275), stdev = 585,076
[info]   CI (99.9%): [42719,504, 43970,466] (assumes normal distribution)
[info] Secondary result "bench.matched.CoreBench.ceDeepBind:gc.alloc.rate":
[info]   3928,270 ±(99.9%) 56,710 MB/sec [Average]
[info]   (min, avg, max) = (3855,894, 3928,270, 4009,103), stdev = 53,047
[info]   CI (99.9%): [3871,560, 3984,980] (assumes normal distribution)
[info] Secondary result "bench.matched.CoreBench.ceDeepBind:gc.alloc.rate.norm":
[info]   95040,309 ±(99.9%) 0,616 B/op [Average]
[info]   (min, avg, max) = (95040,157, 95040,309, 95042,391), stdev = 0,576
[info]   CI (99.9%): [95039,694, 95040,925] (assumes normal distribution)
[info] Secondary result "bench.matched.CoreBench.ceDeepBind:gc.count":
[info]   49,000 ±(99.9%) 0,001 counts [Sum]
[info]   (min, avg, max) = (3,000, 3,267, 4,000), stdev = 0,458
[info]   CI (99.9%): [49,000, 49,000] (assumes normal distribution)
[info] Secondary result "bench.matched.CoreBench.ceDeepBind:gc.time":
[info]   48,000 ±(99.9%) 0,001 ms [Sum]
[info]   (min, avg, max) = (2,000, 3,200, 6,000), stdev = 0,941
[info]   CI (99.9%): [48,000, 48,000] (assumes normal distribution)
[info] # JMH version: 1.37
[info] # VM version: JDK 25.0.3, Java HotSpot(TM) 64-Bit Server VM, 25.0.3+9-LTS-195
[info] # VM invoker: /Users/stas/.sdkman/candidates/java/25.0.3-oracle/bin/java
[info] # VM options: --add-opens=java.base/java.lang=ALL-UNNAMED -Xms2g -Xmx2g -XX:+UseG1GC
[info] # Blackhole mode: compiler (auto-detected, use -Djmh.blackhole.autoDetect=false to disable)
[info] # Warmup: 5 iterations, 1 s each
[info] # Measurement: 5 iterations, 1 s each
[info] # Timeout: 10 min per iteration
[info] # Threads: 1 thread, will synchronize iterations
[info] # Benchmark mode: Throughput, ops/time
[info] # Benchmark: bench.matched.CoreBench.ceDeepBind
[info] # Parameters: (depth = 10000)
[info] # Run progress: 2,27% complete, ETA 00:32:44
[info] # Fork: 1 of 3
[info] WARNING: A terminally deprecated method in sun.misc.Unsafe has been called
[info] WARNING: sun.misc.Unsafe::objectFieldOffset has been called by org.openjdk.jmh.util.Utils (file:/Users/stas/projects/scala-effect-bench/target/bg-jobs/sbt_1a5ffb62/target/ec0caa91/1296d6b9/jmh-core-1.37.jar)
[info] WARNING: Please consider reporting this to the maintainers of class org.openjdk.jmh.util.Utils
[info] WARNING: sun.misc.Unsafe::objectFieldOffset will be removed in a future release
[info] # Warmup Iteration   1: 4211,885 ops/s
[info] # Warmup Iteration   2: 7266,457 ops/s
[info] # Warmup Iteration   3: 7460,062 ops/s
[info] # Warmup Iteration   4: 7448,263 ops/s
[info] # Warmup Iteration   5: 7471,987 ops/s
[info] Iteration   1: 7507,027 ops/s
[info]                  gc.alloc.rate:      6865,361 MB/sec
[info]                  gc.alloc.rate.norm: 959040,928 B/op
[info]                  gc.count:           5,000 counts
[info]                  gc.time:            4,000 ms
[info] Iteration   2: 7440,145 ops/s
[info]                  gc.alloc.rate:      6804,138 MB/sec
[info]                  gc.alloc.rate.norm: 959040,936 B/op
[info]                  gc.count:           6,000 counts
[info]                  gc.time:            5,000 ms
[info] Iteration   3: 7529,726 ops/s
[info]                  gc.alloc.rate:      6886,134 MB/sec
[info]                  gc.alloc.rate.norm: 959040,925 B/op
[info]                  gc.count:           5,000 counts
[info]                  gc.time:            4,000 ms
[info] Iteration   4: 7571,590 ops/s
[info]                  gc.alloc.rate:      6924,592 MB/sec
[info]                  gc.alloc.rate.norm: 959063,192 B/op
[info]                  gc.count:           6,000 counts
[info]                  gc.time:            6,000 ms
[info] Iteration   5: 7555,567 ops/s
[info]                  gc.alloc.rate:      6910,135 MB/sec
[info]                  gc.alloc.rate.norm: 959088,922 B/op
[info]                  gc.count:           6,000 counts
[info]                  gc.time:            6,000 ms
[info] # Run progress: 3,03% complete, ETA 00:32:30
[info] # Fork: 2 of 3
[info] WARNING: A terminally deprecated method in sun.misc.Unsafe has been called
[info] WARNING: sun.misc.Unsafe::objectFieldOffset has been called by org.openjdk.jmh.util.Utils (file:/Users/stas/projects/scala-effect-bench/target/bg-jobs/sbt_1a5ffb62/target/ec0caa91/1296d6b9/jmh-core-1.37.jar)
[info] WARNING: Please consider reporting this to the maintainers of class org.openjdk.jmh.util.Utils
[info] WARNING: sun.misc.Unsafe::objectFieldOffset will be removed in a future release
[info] # Warmup Iteration   1: 3732,926 ops/s
[info] # Warmup Iteration   2: 6961,140 ops/s
[info] # Warmup Iteration   3: 7345,012 ops/s
[info] # Warmup Iteration   4: 7237,466 ops/s
[info] # Warmup Iteration   5: 7483,389 ops/s
[info] Iteration   1: 7483,287 ops/s
[info]                  gc.alloc.rate:      6844,100 MB/sec
[info]                  gc.alloc.rate.norm: 959104,932 B/op
[info]                  gc.count:           5,000 counts
[info]                  gc.time:            6,000 ms
[info] Iteration   2: 7460,102 ops/s
[info]                  gc.alloc.rate:      6822,927 MB/sec
[info]                  gc.alloc.rate.norm: 959104,934 B/op
[info]                  gc.count:           6,000 counts
[info]                  gc.time:            5,000 ms
[info] Iteration   3: 7369,598 ops/s
[info]                  gc.alloc.rate:      6740,177 MB/sec
[info]                  gc.alloc.rate.norm: 959104,949 B/op
[info]                  gc.count:           6,000 counts
[info]                  gc.time:            6,000 ms
[info] Iteration   4: 7468,561 ops/s
[info]                  gc.alloc.rate:      6830,599 MB/sec
[info]                  gc.alloc.rate.norm: 959104,940 B/op
[info]                  gc.count:           5,000 counts
[info]                  gc.time:            5,000 ms
[info] Iteration   5: 7348,414 ops/s
[info]                  gc.alloc.rate:      6720,513 MB/sec
[info]                  gc.alloc.rate.norm: 959104,948 B/op
[info]                  gc.count:           6,000 counts
[info]                  gc.time:            5,000 ms
[info] # Run progress: 3,79% complete, ETA 00:32:15
[info] # Fork: 3 of 3
[info] WARNING: A terminally deprecated method in sun.misc.Unsafe has been called
[info] WARNING: sun.misc.Unsafe::objectFieldOffset has been called by org.openjdk.jmh.util.Utils (file:/Users/stas/projects/scala-effect-bench/target/bg-jobs/sbt_1a5ffb62/target/ec0caa91/1296d6b9/jmh-core-1.37.jar)
[info] WARNING: Please consider reporting this to the maintainers of class org.openjdk.jmh.util.Utils
[info] WARNING: sun.misc.Unsafe::objectFieldOffset will be removed in a future release
[info] # Warmup Iteration   1: 3297,488 ops/s
[info] # Warmup Iteration   2: 7162,820 ops/s
[info] # Warmup Iteration   3: 7407,327 ops/s
[info] # Warmup Iteration   4: 7436,631 ops/s
[info] # Warmup Iteration   5: 7497,199 ops/s
[info] Iteration   1: 7586,100 ops/s
[info]                  gc.alloc.rate:      6937,920 MB/sec
[info]                  gc.alloc.rate.norm: 959104,918 B/op
[info]                  gc.count:           5,000 counts
[info]                  gc.time:            5,000 ms
[info] Iteration   2: 7576,482 ops/s
[info]                  gc.alloc.rate:      6929,374 MB/sec
[info]                  gc.alloc.rate.norm: 959104,919 B/op
[info]                  gc.count:           6,000 counts
[info]                  gc.time:            5,000 ms
[info] Iteration   3: 7608,974 ops/s
[info]                  gc.alloc.rate:      6959,125 MB/sec
[info]                  gc.alloc.rate.norm: 959104,915 B/op
[info]                  gc.count:           6,000 counts
[info]                  gc.time:            6,000 ms
[info] Iteration   4: 7652,257 ops/s
[info]                  gc.alloc.rate:      6998,681 MB/sec
[info]                  gc.alloc.rate.norm: 959104,917 B/op
[info]                  gc.count:           6,000 counts
[info]                  gc.time:            5,000 ms
[info] Iteration   5: 7565,597 ops/s
[info]                  gc.alloc.rate:      6919,393 MB/sec
[info]                  gc.alloc.rate.norm: 959104,921 B/op
[info]                  gc.count:           5,000 counts
[info]                  gc.time:            4,000 ms
[info] Result "bench.matched.CoreBench.ceDeepBind":
[info]   7514,895 ±(99.9%) 92,524 ops/s [Average]
[info]   (min, avg, max) = (7348,414, 7514,895, 7652,257), stdev = 86,547
[info]   CI (99.9%): [7422,371, 7607,419] (assumes normal distribution)
[info] Secondary result "bench.matched.CoreBench.ceDeepBind:gc.alloc.rate":
[info]   6872,878 ±(99.9%) 84,664 MB/sec [Average]
[info]   (min, avg, max) = (6720,513, 6872,878, 6998,681), stdev = 79,195
[info]   CI (99.9%): [6788,214, 6957,542] (assumes normal distribution)
[info] Secondary result "bench.matched.CoreBench.ceDeepBind:gc.alloc.rate.norm":
[info]   959088,280 ±(99.9%) 28,754 B/op [Average]
[info]   (min, avg, max) = (959040,925, 959088,280, 959104,949), stdev = 26,897
[info]   CI (99.9%): [959059,526, 959117,034] (assumes normal distribution)
[info] Secondary result "bench.matched.CoreBench.ceDeepBind:gc.count":
[info]   84,000 ±(99.9%) 0,001 counts [Sum]
[info]   (min, avg, max) = (5,000, 5,600, 6,000), stdev = 0,507
[info]   CI (99.9%): [84,000, 84,000] (assumes normal distribution)
[info] Secondary result "bench.matched.CoreBench.ceDeepBind:gc.time":
[info]   77,000 ±(99.9%) 0,001 ms [Sum]
[info]   (min, avg, max) = (4,000, 5,133, 6,000), stdev = 0,743
[info]   CI (99.9%): [77,000, 77,000] (assumes normal distribution)
[info] # JMH version: 1.37
[info] # VM version: JDK 25.0.3, Java HotSpot(TM) 64-Bit Server VM, 25.0.3+9-LTS-195
[info] # VM invoker: /Users/stas/.sdkman/candidates/java/25.0.3-oracle/bin/java
[info] # VM options: --add-opens=java.base/java.lang=ALL-UNNAMED -Xms2g -Xmx2g -XX:+UseG1GC
[info] # Blackhole mode: compiler (auto-detected, use -Djmh.blackhole.autoDetect=false to disable)
[info] # Warmup: 5 iterations, 1 s each
[info] # Measurement: 5 iterations, 1 s each
[info] # Timeout: 10 min per iteration
[info] # Threads: 1 thread, will synchronize iterations
[info] # Benchmark mode: Throughput, ops/time
[info] # Benchmark: bench.matched.CoreBench.ceLeftBind
[info] # Parameters: (depth = 1000)
[info] # Run progress: 4,55% complete, ETA 00:32:01
[info] # Fork: 1 of 3
[info] WARNING: A terminally deprecated method in sun.misc.Unsafe has been called
[info] WARNING: sun.misc.Unsafe::objectFieldOffset has been called by org.openjdk.jmh.util.Utils (file:/Users/stas/projects/scala-effect-bench/target/bg-jobs/sbt_1a5ffb62/target/ec0caa91/1296d6b9/jmh-core-1.37.jar)
[info] WARNING: Please consider reporting this to the maintainers of class org.openjdk.jmh.util.Utils
[info] WARNING: sun.misc.Unsafe::objectFieldOffset will be removed in a future release
[info] # Warmup Iteration   1: 16377,546 ops/s
[info] # Warmup Iteration   2: 26354,728 ops/s
[info] # Warmup Iteration   3: 30901,479 ops/s
[info] # Warmup Iteration   4: 32086,450 ops/s
[info] # Warmup Iteration   5: 31605,536 ops/s
[info] Iteration   1: 27448,948 ops/s
[info]                  gc.alloc.rate:      2324,317 MB/sec
[info]                  gc.alloc.rate.norm: 88800,255 B/op
[info]                  gc.count:           2,000 counts
[info]                  gc.time:            4,000 ms
[info] Iteration   2: 31750,738 ops/s
[info]                  gc.alloc.rate:      2688,344 MB/sec
[info]                  gc.alloc.rate.norm: 88800,217 B/op
[info]                  gc.count:           2,000 counts
[info]                  gc.time:            3,000 ms
[info] Iteration   3: 32005,942 ops/s
[info]                  gc.alloc.rate:      2710,179 MB/sec
[info]                  gc.alloc.rate.norm: 88800,218 B/op
[info]                  gc.count:           2,000 counts
[info]                  gc.time:            2,000 ms
[info] Iteration   4: 32033,319 ops/s
[info]                  gc.alloc.rate:      2712,504 MB/sec
[info]                  gc.alloc.rate.norm: 88800,217 B/op
[info]                  gc.count:           2,000 counts
[info]                  gc.time:            2,000 ms
[info] Iteration   5: 32182,344 ops/s
[info]                  gc.alloc.rate:      2725,144 MB/sec
[info]                  gc.alloc.rate.norm: 88800,216 B/op
[info]                  gc.count:           2,000 counts
[info]                  gc.time:            2,000 ms
[info] # Run progress: 5,30% complete, ETA 00:31:45
[info] # Fork: 2 of 3
[info] WARNING: A terminally deprecated method in sun.misc.Unsafe has been called
[info] WARNING: sun.misc.Unsafe::objectFieldOffset has been called by org.openjdk.jmh.util.Utils (file:/Users/stas/projects/scala-effect-bench/target/bg-jobs/sbt_1a5ffb62/target/ec0caa91/1296d6b9/jmh-core-1.37.jar)
[info] WARNING: Please consider reporting this to the maintainers of class org.openjdk.jmh.util.Utils
[info] WARNING: sun.misc.Unsafe::objectFieldOffset will be removed in a future release
[info] # Warmup Iteration   1: 20458,614 ops/s
[info] # Warmup Iteration   2: 30214,546 ops/s
[info] # Warmup Iteration   3: 31630,626 ops/s
[info] # Warmup Iteration   4: 31717,779 ops/s
[info] # Warmup Iteration   5: 31684,695 ops/s
[info] Iteration   1: 31379,787 ops/s
[info]                  gc.alloc.rate:      2657,153 MB/sec
[info]                  gc.alloc.rate.norm: 88800,222 B/op
[info]                  gc.count:           2,000 counts
[info]                  gc.time:            3,000 ms
[info] Iteration   2: 31953,447 ops/s
[info]                  gc.alloc.rate:      2705,714 MB/sec
[info]                  gc.alloc.rate.norm: 88800,218 B/op
[info]                  gc.count:           3,000 counts
[info]                  gc.time:            5,000 ms
[info] Iteration   3: 31398,831 ops/s
[info]                  gc.alloc.rate:      2658,768 MB/sec
[info]                  gc.alloc.rate.norm: 88800,222 B/op
[info]                  gc.count:           2,000 counts
[info]                  gc.time:            2,000 ms
[info] Iteration   4: 32215,226 ops/s
[info]                  gc.alloc.rate:      2727,906 MB/sec
[info]                  gc.alloc.rate.norm: 88800,217 B/op
[info]                  gc.count:           2,000 counts
[info]                  gc.time:            2,000 ms
[info] Iteration   5: 31697,667 ops/s
[info]                  gc.alloc.rate:      2684,111 MB/sec
[info]                  gc.alloc.rate.norm: 88800,220 B/op
[info]                  gc.count:           2,000 counts
[info]                  gc.time:            2,000 ms
[info] # Run progress: 6,06% complete, ETA 00:31:30
[info] # Fork: 3 of 3
[info] WARNING: A terminally deprecated method in sun.misc.Unsafe has been called
[info] WARNING: sun.misc.Unsafe::objectFieldOffset has been called by org.openjdk.jmh.util.Utils (file:/Users/stas/projects/scala-effect-bench/target/bg-jobs/sbt_1a5ffb62/target/ec0caa91/1296d6b9/jmh-core-1.37.jar)
[info] WARNING: Please consider reporting this to the maintainers of class org.openjdk.jmh.util.Utils
[info] WARNING: sun.misc.Unsafe::objectFieldOffset will be removed in a future release
[info] # Warmup Iteration   1: 16760,182 ops/s
[info] # Warmup Iteration   2: 28070,019 ops/s
[info] # Warmup Iteration   3: 30881,489 ops/s
[info] # Warmup Iteration   4: 28500,147 ops/s
[info] # Warmup Iteration   5: 31297,232 ops/s
[info] Iteration   1: 31677,027 ops/s
[info]                  gc.alloc.rate:      2682,281 MB/sec
[info]                  gc.alloc.rate.norm: 88800,220 B/op
[info]                  gc.count:           3,000 counts
[info]                  gc.time:            6,000 ms
[info] Iteration   2: 32255,342 ops/s
[info]                  gc.alloc.rate:      2731,244 MB/sec
[info]                  gc.alloc.rate.norm: 88800,216 B/op
[info]                  gc.count:           2,000 counts
[info]                  gc.time:            4,000 ms
[info] Iteration   3: 31736,869 ops/s
[info]                  gc.alloc.rate:      2687,396 MB/sec
[info]                  gc.alloc.rate.norm: 88800,219 B/op
[info]                  gc.count:           2,000 counts
[info]                  gc.time:            3,000 ms
[info] Iteration   4: 31732,195 ops/s
[info]                  gc.alloc.rate:      2687,033 MB/sec
[info]                  gc.alloc.rate.norm: 88800,219 B/op
[info]                  gc.count:           2,000 counts
[info]                  gc.time:            2,000 ms
[info] Iteration   5: 31657,270 ops/s
[info]                  gc.alloc.rate:      2680,566 MB/sec
[info]                  gc.alloc.rate.norm: 88800,220 B/op
[info]                  gc.count:           3,000 counts
[info]                  gc.time:            2,000 ms
[info] Result "bench.matched.CoreBench.ceLeftBind":
[info]   31541,663 ±(99.9%) 1244,481 ops/s [Average]
[info]   (min, avg, max) = (27448,948, 31541,663, 32255,342), stdev = 1164,088
[info]   CI (99.9%): [30297,183, 32786,144] (assumes normal distribution)
[info] Secondary result "bench.matched.CoreBench.ceLeftBind:gc.alloc.rate":
[info]   2670,844 ±(99.9%) 105,371 MB/sec [Average]
[info]   (min, avg, max) = (2324,317, 2670,844, 2731,244), stdev = 98,565
[info]   CI (99.9%): [2565,472, 2776,215] (assumes normal distribution)
[info] Secondary result "bench.matched.CoreBench.ceLeftBind:gc.alloc.rate.norm":
[info]   88800,221 ±(99.9%) 0,010 B/op [Average]
[info]   (min, avg, max) = (88800,216, 88800,221, 88800,255), stdev = 0,009
[info]   CI (99.9%): [88800,211, 88800,231] (assumes normal distribution)
[info] Secondary result "bench.matched.CoreBench.ceLeftBind:gc.count":
[info]   33,000 ±(99.9%) 0,001 counts [Sum]
[info]   (min, avg, max) = (2,000, 2,200, 3,000), stdev = 0,414
[info]   CI (99.9%): [33,000, 33,000] (assumes normal distribution)
[info] Secondary result "bench.matched.CoreBench.ceLeftBind:gc.time":
[info]   44,000 ±(99.9%) 0,001 ms [Sum]
[info]   (min, avg, max) = (2,000, 2,933, 6,000), stdev = 1,280
[info]   CI (99.9%): [44,000, 44,000] (assumes normal distribution)
[info] # JMH version: 1.37
[info] # VM version: JDK 25.0.3, Java HotSpot(TM) 64-Bit Server VM, 25.0.3+9-LTS-195
[info] # VM invoker: /Users/stas/.sdkman/candidates/java/25.0.3-oracle/bin/java
[info] # VM options: --add-opens=java.base/java.lang=ALL-UNNAMED -Xms2g -Xmx2g -XX:+UseG1GC
[info] # Blackhole mode: compiler (auto-detected, use -Djmh.blackhole.autoDetect=false to disable)
[info] # Warmup: 5 iterations, 1 s each
[info] # Measurement: 5 iterations, 1 s each
[info] # Timeout: 10 min per iteration
[info] # Threads: 1 thread, will synchronize iterations
[info] # Benchmark mode: Throughput, ops/time
[info] # Benchmark: bench.matched.CoreBench.ceLeftBind
[info] # Parameters: (depth = 10000)
[info] # Run progress: 6,82% complete, ETA 00:31:14
[info] # Fork: 1 of 3
[info] WARNING: A terminally deprecated method in sun.misc.Unsafe has been called
[info] WARNING: sun.misc.Unsafe::objectFieldOffset has been called by org.openjdk.jmh.util.Utils (file:/Users/stas/projects/scala-effect-bench/target/bg-jobs/sbt_1a5ffb62/target/ec0caa91/1296d6b9/jmh-core-1.37.jar)
[info] WARNING: Please consider reporting this to the maintainers of class org.openjdk.jmh.util.Utils
[info] WARNING: sun.misc.Unsafe::objectFieldOffset will be removed in a future release
[info] # Warmup Iteration   1: 2882,797 ops/s
[info] # Warmup Iteration   2: 4615,542 ops/s
[info] # Warmup Iteration   3: 5151,742 ops/s
[info] # Warmup Iteration   4: 5151,746 ops/s
[info] # Warmup Iteration   5: 5208,559 ops/s
[info] Iteration   1: 5239,212 ops/s
[info]                  gc.alloc.rate:      4709,248 MB/sec
[info]                  gc.alloc.rate.norm: 942593,329 B/op
[info]                  gc.count:           4,000 counts
[info]                  gc.time:            5,000 ms
[info] Iteration   2: 5244,048 ops/s
[info]                  gc.alloc.rate:      4713,544 MB/sec
[info]                  gc.alloc.rate.norm: 942593,331 B/op
[info]                  gc.count:           4,000 counts
[info]                  gc.time:            4,000 ms
[info] Iteration   3: 5202,263 ops/s
[info]                  gc.alloc.rate:      4676,021 MB/sec
[info]                  gc.alloc.rate.norm: 942593,339 B/op
[info]                  gc.count:           4,000 counts
[info]                  gc.time:            4,000 ms
[info] Iteration   4: 5159,254 ops/s
[info]                  gc.alloc.rate:      4637,150 MB/sec
[info]                  gc.alloc.rate.norm: 942593,348 B/op
[info]                  gc.count:           4,000 counts
[info]                  gc.time:            4,000 ms
[info] Iteration   5: 5202,122 ops/s
[info]                  gc.alloc.rate:      4675,734 MB/sec
[info]                  gc.alloc.rate.norm: 942593,339 B/op
[info]                  gc.count:           3,000 counts
[info]                  gc.time:            3,000 ms
[info] # Run progress: 7,58% complete, ETA 00:30:59
[info] # Fork: 2 of 3
[info] WARNING: A terminally deprecated method in sun.misc.Unsafe has been called
[info] WARNING: sun.misc.Unsafe::objectFieldOffset has been called by org.openjdk.jmh.util.Utils (file:/Users/stas/projects/scala-effect-bench/target/bg-jobs/sbt_1a5ffb62/target/ec0caa91/1296d6b9/jmh-core-1.37.jar)
[info] WARNING: Please consider reporting this to the maintainers of class org.openjdk.jmh.util.Utils
[info] WARNING: sun.misc.Unsafe::objectFieldOffset will be removed in a future release
[info] # Warmup Iteration   1: 3142,894 ops/s
[info] # Warmup Iteration   2: 4959,307 ops/s
[info] # Warmup Iteration   3: 5156,932 ops/s
[info] # Warmup Iteration   4: 5003,583 ops/s
[info] # Warmup Iteration   5: 5214,796 ops/s
[info] Iteration   1: 5176,543 ops/s
[info]                  gc.alloc.rate:      4652,637 MB/sec
[info]                  gc.alloc.rate.norm: 942545,345 B/op
[info]                  gc.count:           4,000 counts
[info]                  gc.time:            4,000 ms
[info] Iteration   2: 5188,341 ops/s
[info]                  gc.alloc.rate:      4663,266 MB/sec
[info]                  gc.alloc.rate.norm: 942545,344 B/op
[info]                  gc.count:           4,000 counts
[info]                  gc.time:            4,000 ms
[info] Iteration   3: 5233,822 ops/s
[info]                  gc.alloc.rate:      4704,163 MB/sec
[info]                  gc.alloc.rate.norm: 942545,331 B/op
[info]                  gc.count:           4,000 counts
[info]                  gc.time:            4,000 ms
[info] Iteration   4: 5240,181 ops/s
[info]                  gc.alloc.rate:      4709,891 MB/sec
[info]                  gc.alloc.rate.norm: 942545,329 B/op
[info]                  gc.count:           4,000 counts
[info]                  gc.time:            4,000 ms
[info] Iteration   5: 5225,796 ops/s
[info]                  gc.alloc.rate:      4696,946 MB/sec
[info]                  gc.alloc.rate.norm: 942545,333 B/op
[info]                  gc.count:           4,000 counts
[info]                  gc.time:            4,000 ms
[info] # Run progress: 8,33% complete, ETA 00:30:43
[info] # Fork: 3 of 3
[info] WARNING: A terminally deprecated method in sun.misc.Unsafe has been called
[info] WARNING: sun.misc.Unsafe::objectFieldOffset has been called by org.openjdk.jmh.util.Utils (file:/Users/stas/projects/scala-effect-bench/target/bg-jobs/sbt_1a5ffb62/target/ec0caa91/1296d6b9/jmh-core-1.37.jar)
[info] WARNING: Please consider reporting this to the maintainers of class org.openjdk.jmh.util.Utils
[info] WARNING: sun.misc.Unsafe::objectFieldOffset will be removed in a future release
[info] # Warmup Iteration   1: 3079,556 ops/s
[info] # Warmup Iteration   2: 4977,851 ops/s
[info] # Warmup Iteration   3: 5235,507 ops/s
[info] # Warmup Iteration   4: 5049,464 ops/s
[info] # Warmup Iteration   5: 5225,373 ops/s
[info] Iteration   1: 5243,580 ops/s
[info]                  gc.alloc.rate:      4712,877 MB/sec
[info]                  gc.alloc.rate.norm: 942545,328 B/op
[info]                  gc.count:           3,000 counts
[info]                  gc.time:            2,000 ms
[info] Iteration   2: 5252,037 ops/s
[info]                  gc.alloc.rate:      4720,514 MB/sec
[info]                  gc.alloc.rate.norm: 942545,326 B/op
[info]                  gc.count:           4,000 counts
[info]                  gc.time:            4,000 ms
[info] Iteration   3: 5208,762 ops/s
[info]                  gc.alloc.rate:      4681,590 MB/sec
[info]                  gc.alloc.rate.norm: 942545,337 B/op
[info]                  gc.count:           4,000 counts
[info]                  gc.time:            4,000 ms
[info] Iteration   4: 5251,450 ops/s
[info]                  gc.alloc.rate:      4719,948 MB/sec
[info]                  gc.alloc.rate.norm: 942545,326 B/op
[info]                  gc.count:           4,000 counts
[info]                  gc.time:            3,000 ms
[info] Iteration   5: 5246,001 ops/s
[info]                  gc.alloc.rate:      4715,085 MB/sec
[info]                  gc.alloc.rate.norm: 942545,328 B/op
[info]                  gc.count:           4,000 counts
[info]                  gc.time:            4,000 ms
[info] Result "bench.matched.CoreBench.ceLeftBind":
[info]   5220,894 ±(99.9%) 31,502 ops/s [Average]
[info]   (min, avg, max) = (5159,254, 5220,894, 5252,037), stdev = 29,467
[info]   CI (99.9%): [5189,392, 5252,396] (assumes normal distribution)
[info] Secondary result "bench.matched.CoreBench.ceLeftBind:gc.alloc.rate":
[info]   4692,574 ±(99.9%) 28,319 MB/sec [Average]
[info]   (min, avg, max) = (4637,150, 4692,574, 4720,514), stdev = 26,490
[info]   CI (99.9%): [4664,255, 4720,893] (assumes normal distribution)
[info] Secondary result "bench.matched.CoreBench.ceLeftBind:gc.alloc.rate.norm":
[info]   942561,334 ±(99.9%) 25,041 B/op [Average]
[info]   (min, avg, max) = (942545,326, 942561,334, 942593,348), stdev = 23,424
[info]   CI (99.9%): [942536,293, 942586,376] (assumes normal distribution)
[info] Secondary result "bench.matched.CoreBench.ceLeftBind:gc.count":
[info]   58,000 ±(99.9%) 0,001 counts [Sum]
[info]   (min, avg, max) = (3,000, 3,867, 4,000), stdev = 0,352
[info]   CI (99.9%): [58,000, 58,000] (assumes normal distribution)
[info] Secondary result "bench.matched.CoreBench.ceLeftBind:gc.time":
[info]   57,000 ±(99.9%) 0,001 ms [Sum]
[info]   (min, avg, max) = (2,000, 3,800, 5,000), stdev = 0,676
[info]   CI (99.9%): [57,000, 57,000] (assumes normal distribution)
[info] # JMH version: 1.37
[info] # VM version: JDK 25.0.3, Java HotSpot(TM) 64-Bit Server VM, 25.0.3+9-LTS-195
[info] # VM invoker: /Users/stas/.sdkman/candidates/java/25.0.3-oracle/bin/java
[info] # VM options: --add-opens=java.base/java.lang=ALL-UNNAMED -Xms2g -Xmx2g -XX:+UseG1GC
[info] # Blackhole mode: compiler (auto-detected, use -Djmh.blackhole.autoDetect=false to disable)
[info] # Warmup: 5 iterations, 1 s each
[info] # Measurement: 5 iterations, 1 s each
[info] # Timeout: 10 min per iteration
[info] # Threads: 1 thread, will synchronize iterations
[info] # Benchmark mode: Throughput, ops/time
[info] # Benchmark: bench.matched.CoreBench.ceMapChain
[info] # Parameters: (depth = 1000)
[info] # Run progress: 9,09% complete, ETA 00:30:28
[info] # Fork: 1 of 3
[info] WARNING: A terminally deprecated method in sun.misc.Unsafe has been called
[info] WARNING: sun.misc.Unsafe::objectFieldOffset has been called by org.openjdk.jmh.util.Utils (file:/Users/stas/projects/scala-effect-bench/target/bg-jobs/sbt_1a5ffb62/target/ec0caa91/1296d6b9/jmh-core-1.37.jar)
[info] WARNING: Please consider reporting this to the maintainers of class org.openjdk.jmh.util.Utils
[info] WARNING: sun.misc.Unsafe::objectFieldOffset will be removed in a future release
[info] # Warmup Iteration   1: 29739,141 ops/s
[info] # Warmup Iteration   2: 42505,934 ops/s
[info] # Warmup Iteration   3: 43559,771 ops/s
[info] # Warmup Iteration   4: 44106,712 ops/s
[info] # Warmup Iteration   5: 44401,913 ops/s
[info] Iteration   1: 44469,383 ops/s
[info]                  gc.alloc.rate:      2071,749 MB/sec
[info]                  gc.alloc.rate.norm: 48856,157 B/op
[info]                  gc.count:           2,000 counts
[info]                  gc.time:            3,000 ms
[info] Iteration   2: 44991,296 ops/s
[info]                  gc.alloc.rate:      2096,072 MB/sec
[info]                  gc.alloc.rate.norm: 48856,155 B/op
[info]                  gc.count:           1,000 counts
[info]                  gc.time:            2,000 ms
[info] Iteration   3: 45326,509 ops/s
[info]                  gc.alloc.rate:      2111,674 MB/sec
[info]                  gc.alloc.rate.norm: 48856,154 B/op
[info]                  gc.count:           2,000 counts
[info]                  gc.time:            3,000 ms
[info] Iteration   4: 45140,722 ops/s
[info]                  gc.alloc.rate:      2103,048 MB/sec
[info]                  gc.alloc.rate.norm: 48856,154 B/op
[info]                  gc.count:           2,000 counts
[info]                  gc.time:            5,000 ms
[info] Iteration   5: 45552,944 ops/s
[info]                  gc.alloc.rate:      2122,226 MB/sec
[info]                  gc.alloc.rate.norm: 48856,153 B/op
[info]                  gc.count:           2,000 counts
[info]                  gc.time:            2,000 ms
[info] # Run progress: 9,85% complete, ETA 00:30:13
[info] # Fork: 2 of 3
[info] WARNING: A terminally deprecated method in sun.misc.Unsafe has been called
[info] WARNING: sun.misc.Unsafe::objectFieldOffset has been called by org.openjdk.jmh.util.Utils (file:/Users/stas/projects/scala-effect-bench/target/bg-jobs/sbt_1a5ffb62/target/ec0caa91/1296d6b9/jmh-core-1.37.jar)
[info] WARNING: Please consider reporting this to the maintainers of class org.openjdk.jmh.util.Utils
[info] WARNING: sun.misc.Unsafe::objectFieldOffset will be removed in a future release
[info] # Warmup Iteration   1: 29737,751 ops/s
[info] # Warmup Iteration   2: 40808,059 ops/s
[info] # Warmup Iteration   3: 43276,712 ops/s
[info] # Warmup Iteration   4: 42768,173 ops/s
[info] # Warmup Iteration   5: 41679,505 ops/s
[info] Iteration   1: 44928,428 ops/s
[info]                  gc.alloc.rate:      2093,132 MB/sec
[info]                  gc.alloc.rate.norm: 48856,155 B/op
[info]                  gc.count:           1,000 counts
[info]                  gc.time:            1,000 ms
[info] Iteration   2: 45284,515 ops/s
[info]                  gc.alloc.rate:      2109,732 MB/sec
[info]                  gc.alloc.rate.norm: 48856,154 B/op
[info]                  gc.count:           2,000 counts
[info]                  gc.time:            4,000 ms
[info] Iteration   3: 44124,992 ops/s
[info]                  gc.alloc.rate:      2055,736 MB/sec
[info]                  gc.alloc.rate.norm: 48856,157 B/op
[info]                  gc.count:           2,000 counts
[info]                  gc.time:            3,000 ms
[info] Iteration   4: 44656,402 ops/s
[info]                  gc.alloc.rate:      2080,477 MB/sec
[info]                  gc.alloc.rate.norm: 48856,155 B/op
[info]                  gc.count:           1,000 counts
[info]                  gc.time:            2,000 ms
[info] Iteration   5: 44646,310 ops/s
[info]                  gc.alloc.rate:      2080,005 MB/sec
[info]                  gc.alloc.rate.norm: 48856,155 B/op
[info]                  gc.count:           2,000 counts
[info]                  gc.time:            4,000 ms
[info] # Run progress: 10,61% complete, ETA 00:29:58
[info] # Fork: 3 of 3
[info] WARNING: A terminally deprecated method in sun.misc.Unsafe has been called
[info] WARNING: sun.misc.Unsafe::objectFieldOffset has been called by org.openjdk.jmh.util.Utils (file:/Users/stas/projects/scala-effect-bench/target/bg-jobs/sbt_1a5ffb62/target/ec0caa91/1296d6b9/jmh-core-1.37.jar)
[info] WARNING: Please consider reporting this to the maintainers of class org.openjdk.jmh.util.Utils
[info] WARNING: sun.misc.Unsafe::objectFieldOffset will be removed in a future release
[info] # Warmup Iteration   1: 27493,485 ops/s
[info] # Warmup Iteration   2: 39777,716 ops/s
[info] # Warmup Iteration   3: 43670,832 ops/s
[info] # Warmup Iteration   4: 38352,709 ops/s
[info] # Warmup Iteration   5: 41855,740 ops/s
[info] Iteration   1: 45191,785 ops/s
[info]                  gc.alloc.rate:      2103,684 MB/sec
[info]                  gc.alloc.rate.norm: 48816,154 B/op
[info]                  gc.count:           2,000 counts
[info]                  gc.time:            4,000 ms
[info] Iteration   2: 45255,824 ops/s
[info]                  gc.alloc.rate:      2106,673 MB/sec
[info]                  gc.alloc.rate.norm: 48816,154 B/op
[info]                  gc.count:           2,000 counts
[info]                  gc.time:            3,000 ms
[info] Iteration   3: 45074,664 ops/s
[info]                  gc.alloc.rate:      2098,215 MB/sec
[info]                  gc.alloc.rate.norm: 48816,155 B/op
[info]                  gc.count:           2,000 counts
[info]                  gc.time:            4,000 ms
[info] Iteration   4: 44391,290 ops/s
[info]                  gc.alloc.rate:      2066,401 MB/sec
[info]                  gc.alloc.rate.norm: 48816,157 B/op
[info]                  gc.count:           1,000 counts
[info]                  gc.time:            1,000 ms
[info] Iteration   5: 45320,159 ops/s
[info]                  gc.alloc.rate:      2109,678 MB/sec
[info]                  gc.alloc.rate.norm: 48816,153 B/op
[info]                  gc.count:           2,000 counts
[info]                  gc.time:            3,000 ms
[info] Result "bench.matched.CoreBench.ceMapChain":
[info]   44957,015 ±(99.9%) 439,093 ops/s [Average]
[info]   (min, avg, max) = (44124,992, 44957,015, 45552,944), stdev = 410,728
[info]   CI (99.9%): [44517,921, 45396,108] (assumes normal distribution)
[info] Secondary result "bench.matched.CoreBench.ceMapChain:gc.alloc.rate":
[info]   2093,900 ±(99.9%) 20,326 MB/sec [Average]
[info]   (min, avg, max) = (2055,736, 2093,900, 2122,226), stdev = 19,013
[info]   CI (99.9%): [2073,574, 2114,226] (assumes normal distribution)
[info] Secondary result "bench.matched.CoreBench.ceMapChain:gc.alloc.rate.norm":
[info]   48842,821 ±(99.9%) 20,866 B/op [Average]
[info]   (min, avg, max) = (48816,153, 48842,821, 48856,157), stdev = 19,518
[info]   CI (99.9%): [48821,955, 48863,688] (assumes normal distribution)
[info] Secondary result "bench.matched.CoreBench.ceMapChain:gc.count":
[info]   26,000 ±(99.9%) 0,001 counts [Sum]
[info]   (min, avg, max) = (1,000, 1,733, 2,000), stdev = 0,458
[info]   CI (99.9%): [26,000, 26,000] (assumes normal distribution)
[info] Secondary result "bench.matched.CoreBench.ceMapChain:gc.time":
[info]   44,000 ±(99.9%) 0,001 ms [Sum]
[info]   (min, avg, max) = (1,000, 2,933, 5,000), stdev = 1,163
[info]   CI (99.9%): [44,000, 44,000] (assumes normal distribution)
[info] # JMH version: 1.37
[info] # VM version: JDK 25.0.3, Java HotSpot(TM) 64-Bit Server VM, 25.0.3+9-LTS-195
[info] # VM invoker: /Users/stas/.sdkman/candidates/java/25.0.3-oracle/bin/java
[info] # VM options: --add-opens=java.base/java.lang=ALL-UNNAMED -Xms2g -Xmx2g -XX:+UseG1GC
[info] # Blackhole mode: compiler (auto-detected, use -Djmh.blackhole.autoDetect=false to disable)
[info] # Warmup: 5 iterations, 1 s each
[info] # Measurement: 5 iterations, 1 s each
[info] # Timeout: 10 min per iteration
[info] # Threads: 1 thread, will synchronize iterations
[info] # Benchmark mode: Throughput, ops/time
[info] # Benchmark: bench.matched.CoreBench.ceMapChain
[info] # Parameters: (depth = 10000)
[info] # Run progress: 11,36% complete, ETA 00:29:42
[info] # Fork: 1 of 3
[info] WARNING: A terminally deprecated method in sun.misc.Unsafe has been called
[info] WARNING: sun.misc.Unsafe::objectFieldOffset has been called by org.openjdk.jmh.util.Utils (file:/Users/stas/projects/scala-effect-bench/target/bg-jobs/sbt_1a5ffb62/target/ec0caa91/1296d6b9/jmh-core-1.37.jar)
[info] WARNING: Please consider reporting this to the maintainers of class org.openjdk.jmh.util.Utils
[info] WARNING: sun.misc.Unsafe::objectFieldOffset will be removed in a future release
[info] # Warmup Iteration   1: 4760,651 ops/s
[info] # Warmup Iteration   2: 7600,382 ops/s
[info] # Warmup Iteration   3: 7864,826 ops/s
[info] # Warmup Iteration   4: 7884,450 ops/s
[info] # Warmup Iteration   5: 7958,771 ops/s
[info] Iteration   1: 7939,916 ops/s
[info]                  gc.alloc.rate:      4110,393 MB/sec
[info]                  gc.alloc.rate.norm: 542896,877 B/op
[info]                  gc.count:           4,000 counts
[info]                  gc.time:            3,000 ms
[info] Iteration   2: 7992,092 ops/s
[info]                  gc.alloc.rate:      4137,473 MB/sec
[info]                  gc.alloc.rate.norm: 542896,876 B/op
[info]                  gc.count:           3,000 counts
[info]                  gc.time:            3,000 ms
[info] Iteration   3: 7992,372 ops/s
[info]                  gc.alloc.rate:      4137,670 MB/sec
[info]                  gc.alloc.rate.norm: 542896,871 B/op
[info]                  gc.count:           4,000 counts
[info]                  gc.time:            4,000 ms
[info] Iteration   4: 7989,088 ops/s
[info]                  gc.alloc.rate:      4135,958 MB/sec
[info]                  gc.alloc.rate.norm: 542896,879 B/op
[info]                  gc.count:           3,000 counts
[info]                  gc.time:            4,000 ms
[info] Iteration   5: 8050,316 ops/s
[info]                  gc.alloc.rate:      4167,670 MB/sec
[info]                  gc.alloc.rate.norm: 542896,865 B/op
[info]                  gc.count:           3,000 counts
[info]                  gc.time:            3,000 ms
[info] # Run progress: 12,12% complete, ETA 00:29:27
[info] # Fork: 2 of 3
[info] WARNING: A terminally deprecated method in sun.misc.Unsafe has been called
[info] WARNING: sun.misc.Unsafe::objectFieldOffset has been called by org.openjdk.jmh.util.Utils (file:/Users/stas/projects/scala-effect-bench/target/bg-jobs/sbt_1a5ffb62/target/ec0caa91/1296d6b9/jmh-core-1.37.jar)
[info] WARNING: Please consider reporting this to the maintainers of class org.openjdk.jmh.util.Utils
[info] WARNING: sun.misc.Unsafe::objectFieldOffset will be removed in a future release
[info] # Warmup Iteration   1: 5022,952 ops/s
[info] # Warmup Iteration   2: 7629,740 ops/s
[info] # Warmup Iteration   3: 7818,540 ops/s
[info] # Warmup Iteration   4: 7757,006 ops/s
[info] # Warmup Iteration   5: 7796,841 ops/s
[info] Iteration   1: 7832,814 ops/s
[info]                  gc.alloc.rate:      4054,982 MB/sec
[info]                  gc.alloc.rate.norm: 542896,889 B/op
[info]                  gc.count:           4,000 counts
[info]                  gc.time:            3,000 ms
[info] Iteration   2: 7847,418 ops/s
[info]                  gc.alloc.rate:      4062,551 MB/sec
[info]                  gc.alloc.rate.norm: 542896,888 B/op
[info]                  gc.count:           3,000 counts
[info]                  gc.time:            3,000 ms
[info] Iteration   3: 7872,124 ops/s
[info]                  gc.alloc.rate:      4075,375 MB/sec
[info]                  gc.alloc.rate.norm: 542896,885 B/op
[info]                  gc.count:           3,000 counts
[info]                  gc.time:            3,000 ms
[info] Iteration   4: 7890,656 ops/s
[info]                  gc.alloc.rate:      4085,085 MB/sec
[info]                  gc.alloc.rate.norm: 542912,487 B/op
[info]                  gc.count:           4,000 counts
[info]                  gc.time:            4,000 ms
[info] Iteration   5: 7881,483 ops/s
[info]                  gc.alloc.rate:      4080,335 MB/sec
[info]                  gc.alloc.rate.norm: 542912,884 B/op
[info]                  gc.count:           3,000 counts
[info]                  gc.time:            4,000 ms
[info] # Run progress: 12,88% complete, ETA 00:29:12
[info] # Fork: 3 of 3
[info] WARNING: A terminally deprecated method in sun.misc.Unsafe has been called
[info] WARNING: sun.misc.Unsafe::objectFieldOffset has been called by org.openjdk.jmh.util.Utils (file:/Users/stas/projects/scala-effect-bench/target/bg-jobs/sbt_1a5ffb62/target/ec0caa91/1296d6b9/jmh-core-1.37.jar)
[info] WARNING: Please consider reporting this to the maintainers of class org.openjdk.jmh.util.Utils
[info] WARNING: sun.misc.Unsafe::objectFieldOffset will be removed in a future release
[info] # Warmup Iteration   1: 5053,235 ops/s
[info] # Warmup Iteration   2: 7551,029 ops/s
[info] # Warmup Iteration   3: 7785,540 ops/s
[info] # Warmup Iteration   4: 7821,602 ops/s
[info] # Warmup Iteration   5: 7810,247 ops/s
[info] Iteration   1: 7861,191 ops/s
[info]                  gc.alloc.rate:      4069,802 MB/sec
[info]                  gc.alloc.rate.norm: 542912,889 B/op
[info]                  gc.count:           4,000 counts
[info]                  gc.time:            4,000 ms
[info] Iteration   2: 7815,327 ops/s
[info]                  gc.alloc.rate:      4046,060 MB/sec
[info]                  gc.alloc.rate.norm: 542912,891 B/op
[info]                  gc.count:           3,000 counts
[info]                  gc.time:            3,000 ms
[info] Iteration   3: 7818,293 ops/s
[info]                  gc.alloc.rate:      4047,571 MB/sec
[info]                  gc.alloc.rate.norm: 542912,891 B/op
[info]                  gc.count:           3,000 counts
[info]                  gc.time:            3,000 ms
[info] Iteration   4: 7907,110 ops/s
[info]                  gc.alloc.rate:      4093,603 MB/sec
[info]                  gc.alloc.rate.norm: 542912,891 B/op
[info]                  gc.count:           4,000 counts
[info]                  gc.time:            4,000 ms
[info] Iteration   5: 7792,740 ops/s
[info]                  gc.alloc.rate:      4034,424 MB/sec
[info]                  gc.alloc.rate.norm: 542912,894 B/op
[info]                  gc.count:           3,000 counts
[info]                  gc.time:            3,000 ms
[info] Result "bench.matched.CoreBench.ceMapChain":
[info]   7898,863 ±(99.9%) 83,061 ops/s [Average]
[info]   (min, avg, max) = (7792,740, 7898,863, 8050,316), stdev = 77,695
[info]   CI (99.9%): [7815,801, 7981,924] (assumes normal distribution)
[info] Secondary result "bench.matched.CoreBench.ceMapChain:gc.alloc.rate":
[info]   4089,263 ±(99.9%) 42,982 MB/sec [Average]
[info]   (min, avg, max) = (4034,424, 4089,263, 4167,670), stdev = 40,205
[info]   CI (99.9%): [4046,282, 4132,245] (assumes normal distribution)
[info] Secondary result "bench.matched.CoreBench.ceMapChain:gc.alloc.rate.norm":
[info]   542904,324 ±(99.9%) 8,808 B/op [Average]
[info]   (min, avg, max) = (542896,865, 542904,324, 542912,894), stdev = 8,239
[info]   CI (99.9%): [542895,516, 542913,132] (assumes normal distribution)
[info] Secondary result "bench.matched.CoreBench.ceMapChain:gc.count":
[info]   51,000 ±(99.9%) 0,001 counts [Sum]
[info]   (min, avg, max) = (3,000, 3,400, 4,000), stdev = 0,507
[info]   CI (99.9%): [51,000, 51,000] (assumes normal distribution)
[info] Secondary result "bench.matched.CoreBench.ceMapChain:gc.time":
[info]   51,000 ±(99.9%) 0,001 ms [Sum]
[info]   (min, avg, max) = (3,000, 3,400, 4,000), stdev = 0,507
[info]   CI (99.9%): [51,000, 51,000] (assumes normal distribution)
[info] # JMH version: 1.37
[info] # VM version: JDK 25.0.3, Java HotSpot(TM) 64-Bit Server VM, 25.0.3+9-LTS-195
[info] # VM invoker: /Users/stas/.sdkman/candidates/java/25.0.3-oracle/bin/java
[info] # VM options: --add-opens=java.base/java.lang=ALL-UNNAMED -Xms2g -Xmx2g -XX:+UseG1GC
[info] # Blackhole mode: compiler (auto-detected, use -Djmh.blackhole.autoDetect=false to disable)
[info] # Warmup: 5 iterations, 1 s each
[info] # Measurement: 5 iterations, 1 s each
[info] # Timeout: 10 min per iteration
[info] # Threads: 1 thread, will synchronize iterations
[info] # Benchmark mode: Throughput, ops/time
[info] # Benchmark: bench.matched.CoreBench.kyoDeepBind
[info] # Parameters: (depth = 1000)
[info] # Run progress: 13,64% complete, ETA 00:28:56
[info] # Fork: 1 of 3
[info] WARNING: A terminally deprecated method in sun.misc.Unsafe has been called
[info] WARNING: sun.misc.Unsafe::objectFieldOffset has been called by org.openjdk.jmh.util.Utils (file:/Users/stas/projects/scala-effect-bench/target/bg-jobs/sbt_1a5ffb62/target/ec0caa91/1296d6b9/jmh-core-1.37.jar)
[info] WARNING: Please consider reporting this to the maintainers of class org.openjdk.jmh.util.Utils
[info] WARNING: sun.misc.Unsafe::objectFieldOffset will be removed in a future release
[info] # Warmup Iteration   1: 23607,735 ops/s
[info] # Warmup Iteration   2: 39635,704 ops/s
[info] # Warmup Iteration   3: 42013,494 ops/s
[info] # Warmup Iteration   4: 42176,946 ops/s
[info] # Warmup Iteration   5: 43950,570 ops/s
[info] Iteration   1: 41926,992 ops/s
[info]                  gc.alloc.rate:      3221,108 MB/sec
[info]                  gc.alloc.rate.norm: 80568,508 B/op
[info]                  gc.count:           3,000 counts
[info]                  gc.time:            5,000 ms
[info] Iteration   2: 43778,485 ops/s
[info]                  gc.alloc.rate:      3363,473 MB/sec
[info]                  gc.alloc.rate.norm: 80570,769 B/op
[info]                  gc.count:           2,000 counts
[info]                  gc.time:            2,000 ms
[info] Iteration   3: 42820,031 ops/s
[info]                  gc.alloc.rate:      3289,826 MB/sec
[info]                  gc.alloc.rate.norm: 80570,833 B/op
[info]                  gc.count:           3,000 counts
[info]                  gc.time:            3,000 ms
[info] Iteration   4: 43792,535 ops/s
[info]                  gc.alloc.rate:      3364,538 MB/sec
[info]                  gc.alloc.rate.norm: 80568,484 B/op
[info]                  gc.count:           3,000 counts
[info]                  gc.time:            3,000 ms
[info] Iteration   5: 44110,550 ops/s
[info]                  gc.alloc.rate:      3388,949 MB/sec
[info]                  gc.alloc.rate.norm: 80568,485 B/op
[info]                  gc.count:           3,000 counts
[info]                  gc.time:            3,000 ms
[info] # Run progress: 14,39% complete, ETA 00:28:41
[info] # Fork: 2 of 3
[info] WARNING: A terminally deprecated method in sun.misc.Unsafe has been called
[info] WARNING: sun.misc.Unsafe::objectFieldOffset has been called by org.openjdk.jmh.util.Utils (file:/Users/stas/projects/scala-effect-bench/target/bg-jobs/sbt_1a5ffb62/target/ec0caa91/1296d6b9/jmh-core-1.37.jar)
[info] WARNING: Please consider reporting this to the maintainers of class org.openjdk.jmh.util.Utils
[info] WARNING: sun.misc.Unsafe::objectFieldOffset will be removed in a future release
[info] # Warmup Iteration   1: 26936,248 ops/s
[info] # Warmup Iteration   2: 41838,943 ops/s
[info] # Warmup Iteration   3: 41390,497 ops/s
[info] # Warmup Iteration   4: 44983,268 ops/s
[info] # Warmup Iteration   5: 42436,801 ops/s
[info] Iteration   1: 44691,311 ops/s
[info]                  gc.alloc.rate:      3433,601 MB/sec
[info]                  gc.alloc.rate.norm: 80568,522 B/op
[info]                  gc.count:           3,000 counts
[info]                  gc.time:            4,000 ms
[info] Iteration   2: 42232,174 ops/s
[info]                  gc.alloc.rate:      3244,785 MB/sec
[info]                  gc.alloc.rate.norm: 80573,325 B/op
[info]                  gc.count:           3,000 counts
[info]                  gc.time:            3,000 ms
[info] Iteration   3: 43776,711 ops/s
[info]                  gc.alloc.rate:      3363,215 MB/sec
[info]                  gc.alloc.rate.norm: 80568,988 B/op
[info]                  gc.count:           3,000 counts
[info]                  gc.time:            3,000 ms
[info] Iteration   4: 44021,862 ops/s
[info]                  gc.alloc.rate:      3382,074 MB/sec
[info]                  gc.alloc.rate.norm: 80568,540 B/op
[info]                  gc.count:           2,000 counts
[info]                  gc.time:            2,000 ms
[info] Iteration   5: 45135,250 ops/s
[info]                  gc.alloc.rate:      3467,660 MB/sec
[info]                  gc.alloc.rate.norm: 80568,535 B/op
[info]                  gc.count:           3,000 counts
[info]                  gc.time:            3,000 ms
[info] # Run progress: 15,15% complete, ETA 00:28:25
[info] # Fork: 3 of 3
[info] WARNING: A terminally deprecated method in sun.misc.Unsafe has been called
[info] WARNING: sun.misc.Unsafe::objectFieldOffset has been called by org.openjdk.jmh.util.Utils (file:/Users/stas/projects/scala-effect-bench/target/bg-jobs/sbt_1a5ffb62/target/ec0caa91/1296d6b9/jmh-core-1.37.jar)
[info] WARNING: Please consider reporting this to the maintainers of class org.openjdk.jmh.util.Utils
[info] WARNING: sun.misc.Unsafe::objectFieldOffset will be removed in a future release
[info] # Warmup Iteration   1: 27731,386 ops/s
[info] # Warmup Iteration   2: 40561,029 ops/s
[info] # Warmup Iteration   3: 39580,422 ops/s
[info] # Warmup Iteration   4: 44035,761 ops/s
[info] # Warmup Iteration   5: 42594,821 ops/s
[info] Iteration   1: 43335,682 ops/s
[info]                  gc.alloc.rate:      3329,227 MB/sec
[info]                  gc.alloc.rate.norm: 80568,540 B/op
[info]                  gc.count:           3,000 counts
[info]                  gc.time:            5,000 ms
[info] Iteration   2: 44880,264 ops/s
[info]                  gc.alloc.rate:      3448,039 MB/sec
[info]                  gc.alloc.rate.norm: 80568,521 B/op
[info]                  gc.count:           3,000 counts
[info]                  gc.time:            3,000 ms
[info] Iteration   3: 44062,590 ops/s
[info]                  gc.alloc.rate:      3385,228 MB/sec
[info]                  gc.alloc.rate.norm: 80569,694 B/op
[info]                  gc.count:           3,000 counts
[info]                  gc.time:            2,000 ms
[info] Iteration   4: 44747,902 ops/s
[info]                  gc.alloc.rate:      3437,907 MB/sec
[info]                  gc.alloc.rate.norm: 80568,526 B/op
[info]                  gc.count:           2,000 counts
[info]                  gc.time:            2,000 ms
[info] Iteration   5: 43279,417 ops/s
[info]                  gc.alloc.rate:      3325,049 MB/sec
[info]                  gc.alloc.rate.norm: 80568,540 B/op
[info]                  gc.count:           3,000 counts
[info]                  gc.time:            3,000 ms
[info] Result "bench.matched.CoreBench.kyoDeepBind":
[info]   43772,784 ±(99.9%) 1000,446 ops/s [Average]
[info]   (min, avg, max) = (41926,992, 43772,784, 45135,250), stdev = 935,817
[info]   CI (99.9%): [42772,338, 44773,229] (assumes normal distribution)
[info] Secondary result "bench.matched.CoreBench.kyoDeepBind:gc.alloc.rate":
[info]   3362,979 ±(99.9%) 76,857 MB/sec [Average]
[info]   (min, avg, max) = (3221,108, 3362,979, 3467,660), stdev = 71,892
[info]   CI (99.9%): [3286,122, 3439,835] (assumes normal distribution)
[info] Secondary result "bench.matched.CoreBench.kyoDeepBind:gc.alloc.rate.norm":
[info]   80569,254 ±(99.9%) 1,485 B/op [Average]
[info]   (min, avg, max) = (80568,484, 80569,254, 80573,325), stdev = 1,389
[info]   CI (99.9%): [80567,769, 80570,739] (assumes normal distribution)
[info] Secondary result "bench.matched.CoreBench.kyoDeepBind:gc.count":
[info]   42,000 ±(99.9%) 0,001 counts [Sum]
[info]   (min, avg, max) = (2,000, 2,800, 3,000), stdev = 0,414
[info]   CI (99.9%): [42,000, 42,000] (assumes normal distribution)
[info] Secondary result "bench.matched.CoreBench.kyoDeepBind:gc.time":
[info]   46,000 ±(99.9%) 0,001 ms [Sum]
[info]   (min, avg, max) = (2,000, 3,067, 5,000), stdev = 0,961
[info]   CI (99.9%): [46,000, 46,000] (assumes normal distribution)
[info] # JMH version: 1.37
[info] # VM version: JDK 25.0.3, Java HotSpot(TM) 64-Bit Server VM, 25.0.3+9-LTS-195
[info] # VM invoker: /Users/stas/.sdkman/candidates/java/25.0.3-oracle/bin/java
[info] # VM options: --add-opens=java.base/java.lang=ALL-UNNAMED -Xms2g -Xmx2g -XX:+UseG1GC
[info] # Blackhole mode: compiler (auto-detected, use -Djmh.blackhole.autoDetect=false to disable)
[info] # Warmup: 5 iterations, 1 s each
[info] # Measurement: 5 iterations, 1 s each
[info] # Timeout: 10 min per iteration
[info] # Threads: 1 thread, will synchronize iterations
[info] # Benchmark mode: Throughput, ops/time
[info] # Benchmark: bench.matched.CoreBench.kyoDeepBind
[info] # Parameters: (depth = 10000)
[info] # Run progress: 15,91% complete, ETA 00:28:10
[info] # Fork: 1 of 3
[info] WARNING: A terminally deprecated method in sun.misc.Unsafe has been called
[info] WARNING: sun.misc.Unsafe::objectFieldOffset has been called by org.openjdk.jmh.util.Utils (file:/Users/stas/projects/scala-effect-bench/target/bg-jobs/sbt_1a5ffb62/target/ec0caa91/1296d6b9/jmh-core-1.37.jar)
[info] WARNING: Please consider reporting this to the maintainers of class org.openjdk.jmh.util.Utils
[info] WARNING: sun.misc.Unsafe::objectFieldOffset will be removed in a future release
[info] # Warmup Iteration   1: 3764,352 ops/s
[info] # Warmup Iteration   2: 6224,305 ops/s
[info] # Warmup Iteration   3: 6677,274 ops/s
[info] # Warmup Iteration   4: 6668,827 ops/s
[info] # Warmup Iteration   5: 6669,285 ops/s
[info] Iteration   1: 6635,698 ops/s
[info]                  gc.alloc.rate:      5065,657 MB/sec
[info]                  gc.alloc.rate.norm: 800555,266 B/op
[info]                  gc.count:           4,000 counts
[info]                  gc.time:            4,000 ms
[info] Iteration   2: 6652,591 ops/s
[info]                  gc.alloc.rate:      5078,545 MB/sec
[info]                  gc.alloc.rate.norm: 800555,293 B/op
[info]                  gc.count:           4,000 counts
[info]                  gc.time:            3,000 ms
[info] Iteration   3: 6708,034 ops/s
[info]                  gc.alloc.rate:      5120,873 MB/sec
[info]                  gc.alloc.rate.norm: 800555,280 B/op
[info]                  gc.count:           4,000 counts
[info]                  gc.time:            4,000 ms
[info] Iteration   4: 6713,175 ops/s
[info]                  gc.alloc.rate:      5124,801 MB/sec
[info]                  gc.alloc.rate.norm: 800555,319 B/op
[info]                  gc.count:           4,000 counts
[info]                  gc.time:            4,000 ms
[info] Iteration   5: 6737,629 ops/s
[info]                  gc.alloc.rate:      5143,458 MB/sec
[info]                  gc.alloc.rate.norm: 800555,224 B/op
[info]                  gc.count:           5,000 counts
[info]                  gc.time:            5,000 ms
[info] # Run progress: 16,67% complete, ETA 00:27:55
[info] # Fork: 2 of 3
[info] WARNING: A terminally deprecated method in sun.misc.Unsafe has been called
[info] WARNING: sun.misc.Unsafe::objectFieldOffset has been called by org.openjdk.jmh.util.Utils (file:/Users/stas/projects/scala-effect-bench/target/bg-jobs/sbt_1a5ffb62/target/ec0caa91/1296d6b9/jmh-core-1.37.jar)
[info] WARNING: Please consider reporting this to the maintainers of class org.openjdk.jmh.util.Utils
[info] WARNING: sun.misc.Unsafe::objectFieldOffset will be removed in a future release
[info] # Warmup Iteration   1: 4185,439 ops/s
[info] # Warmup Iteration   2: 6528,956 ops/s
[info] # Warmup Iteration   3: 6602,144 ops/s
[info] # Warmup Iteration   4: 6541,578 ops/s
[info] # Warmup Iteration   5: 6491,819 ops/s
[info] Iteration   1: 6539,173 ops/s
[info]                  gc.alloc.rate:      4992,037 MB/sec
[info]                  gc.alloc.rate.norm: 800571,871 B/op
[info]                  gc.count:           4,000 counts
[info]                  gc.time:            3,000 ms
[info] Iteration   2: 6563,568 ops/s
[info]                  gc.alloc.rate:      5010,733 MB/sec
[info]                  gc.alloc.rate.norm: 800571,845 B/op
[info]                  gc.count:           4,000 counts
[info]                  gc.time:            4,000 ms
[info] Iteration   3: 6600,136 ops/s
[info]                  gc.alloc.rate:      5038,484 MB/sec
[info]                  gc.alloc.rate.norm: 800571,829 B/op
[info]                  gc.count:           4,000 counts
[info]                  gc.time:            4,000 ms
[info] Iteration   4: 6638,112 ops/s
[info]                  gc.alloc.rate:      5067,535 MB/sec
[info]                  gc.alloc.rate.norm: 800571,808 B/op
[info]                  gc.count:           4,000 counts
[info]                  gc.time:            4,000 ms
[info] Iteration   5: 6622,643 ops/s
[info]                  gc.alloc.rate:      5055,823 MB/sec
[info]                  gc.alloc.rate.norm: 800571,841 B/op
[info]                  gc.count:           5,000 counts
[info]                  gc.time:            5,000 ms
[info] # Run progress: 17,42% complete, ETA 00:27:39
[info] # Fork: 3 of 3
[info] WARNING: A terminally deprecated method in sun.misc.Unsafe has been called
[info] WARNING: sun.misc.Unsafe::objectFieldOffset has been called by org.openjdk.jmh.util.Utils (file:/Users/stas/projects/scala-effect-bench/target/bg-jobs/sbt_1a5ffb62/target/ec0caa91/1296d6b9/jmh-core-1.37.jar)
[info] WARNING: Please consider reporting this to the maintainers of class org.openjdk.jmh.util.Utils
[info] WARNING: sun.misc.Unsafe::objectFieldOffset will be removed in a future release
[info] # Warmup Iteration   1: 4259,883 ops/s
[info] # Warmup Iteration   2: 6276,116 ops/s
[info] # Warmup Iteration   3: 6531,095 ops/s
[info] # Warmup Iteration   4: 6499,392 ops/s
[info] # Warmup Iteration   5: 6615,283 ops/s
[info] Iteration   1: 6520,976 ops/s
[info]                  gc.alloc.rate:      4978,112 MB/sec
[info]                  gc.alloc.rate.norm: 800555,863 B/op
[info]                  gc.count:           4,000 counts
[info]                  gc.time:            4,000 ms
[info] Iteration   2: 6611,171 ops/s
[info]                  gc.alloc.rate:      5047,006 MB/sec
[info]                  gc.alloc.rate.norm: 800555,760 B/op
[info]                  gc.count:           4,000 counts
[info]                  gc.time:            5,000 ms
[info] Iteration   3: 6555,748 ops/s
[info]                  gc.alloc.rate:      5004,551 MB/sec
[info]                  gc.alloc.rate.norm: 800555,834 B/op
[info]                  gc.count:           4,000 counts
[info]                  gc.time:            10,000 ms
[info] Iteration   4: 6623,918 ops/s
[info]                  gc.alloc.rate:      5056,665 MB/sec
[info]                  gc.alloc.rate.norm: 800555,825 B/op
[info]                  gc.count:           4,000 counts
[info]                  gc.time:            4,000 ms
[info] Iteration   5: 6515,676 ops/s
[info]                  gc.alloc.rate:      4973,987 MB/sec
[info]                  gc.alloc.rate.norm: 800555,880 B/op
[info]                  gc.count:           4,000 counts
[info]                  gc.time:            4,000 ms
[info] Result "bench.matched.CoreBench.kyoDeepBind":
[info]   6615,883 ±(99.9%) 73,780 ops/s [Average]
[info]   (min, avg, max) = (6515,676, 6615,883, 6737,629), stdev = 69,014
[info]   CI (99.9%): [6542,103, 6689,663] (assumes normal distribution)
[info] Secondary result "bench.matched.CoreBench.kyoDeepBind:gc.alloc.rate":
[info]   5050,551 ±(99.9%) 56,315 MB/sec [Average]
[info]   (min, avg, max) = (4973,987, 5050,551, 5143,458), stdev = 52,677
[info]   CI (99.9%): [4994,236, 5106,866] (assumes normal distribution)
[info] Secondary result "bench.matched.CoreBench.kyoDeepBind:gc.alloc.rate.norm":
[info]   800560,982 ±(99.9%) 8,499 B/op [Average]
[info]   (min, avg, max) = (800555,224, 800560,982, 800571,871), stdev = 7,950
[info]   CI (99.9%): [800552,484, 800569,481] (assumes normal distribution)
[info] Secondary result "bench.matched.CoreBench.kyoDeepBind:gc.count":
[info]   62,000 ±(99.9%) 0,001 counts [Sum]
[info]   (min, avg, max) = (4,000, 4,133, 5,000), stdev = 0,352
[info]   CI (99.9%): [62,000, 62,000] (assumes normal distribution)
[info] Secondary result "bench.matched.CoreBench.kyoDeepBind:gc.time":
[info]   67,000 ±(99.9%) 0,001 ms [Sum]
[info]   (min, avg, max) = (3,000, 4,467, 10,000), stdev = 1,642
[info]   CI (99.9%): [67,000, 67,000] (assumes normal distribution)
[info] # JMH version: 1.37
[info] # VM version: JDK 25.0.3, Java HotSpot(TM) 64-Bit Server VM, 25.0.3+9-LTS-195
[info] # VM invoker: /Users/stas/.sdkman/candidates/java/25.0.3-oracle/bin/java
[info] # VM options: --add-opens=java.base/java.lang=ALL-UNNAMED -Xms2g -Xmx2g -XX:+UseG1GC
[info] # Blackhole mode: compiler (auto-detected, use -Djmh.blackhole.autoDetect=false to disable)
[info] # Warmup: 5 iterations, 1 s each
[info] # Measurement: 5 iterations, 1 s each
[info] # Timeout: 10 min per iteration
[info] # Threads: 1 thread, will synchronize iterations
[info] # Benchmark mode: Throughput, ops/time
[info] # Benchmark: bench.matched.CoreBench.kyoLeftBind
[info] # Parameters: (depth = 1000)
[info] # Run progress: 18,18% complete, ETA 00:27:24
[info] # Fork: 1 of 3
[info] WARNING: A terminally deprecated method in sun.misc.Unsafe has been called
[info] WARNING: sun.misc.Unsafe::objectFieldOffset has been called by org.openjdk.jmh.util.Utils (file:/Users/stas/projects/scala-effect-bench/target/bg-jobs/sbt_1a5ffb62/target/ec0caa91/1296d6b9/jmh-core-1.37.jar)
[info] WARNING: Please consider reporting this to the maintainers of class org.openjdk.jmh.util.Utils
[info] WARNING: sun.misc.Unsafe::objectFieldOffset will be removed in a future release
[info] # Warmup Iteration   1: 189,621 ops/s
[info] # Warmup Iteration   2: 259,040 ops/s
[info] # Warmup Iteration   3: 271,283 ops/s
[info] # Warmup Iteration   4: 270,578 ops/s
[info] # Warmup Iteration   5: 269,957 ops/s
[info] Iteration   1: 271,601 ops/s
[info]                  gc.alloc.rate:      4167,964 MB/sec
[info]                  gc.alloc.rate.norm: 16092745,382 B/op
[info]                  gc.count:           3,000 counts
[info]                  gc.time:            2,000 ms
[info] Iteration   2: 272,459 ops/s
[info]                  gc.alloc.rate:      4181,080 MB/sec
[info]                  gc.alloc.rate.norm: 16092747,282 B/op
[info]                  gc.count:           4,000 counts
[info]                  gc.time:            4,000 ms
[info] Iteration   3: 271,853 ops/s
[info]                  gc.alloc.rate:      4171,686 MB/sec
[info]                  gc.alloc.rate.norm: 16092744,409 B/op
[info]                  gc.count:           3,000 counts
[info]                  gc.time:            3,000 ms
[info] Iteration   4: 268,015 ops/s
[info]                  gc.alloc.rate:      4112,526 MB/sec
[info]                  gc.alloc.rate.norm: 16092745,338 B/op
[info]                  gc.count:           4,000 counts
[info]                  gc.time:            7,000 ms
[info] Iteration   5: 274,741 ops/s
[info]                  gc.alloc.rate:      4215,992 MB/sec
[info]                  gc.alloc.rate.norm: 16092743,480 B/op
[info]                  gc.count:           3,000 counts
[info]                  gc.time:            3,000 ms
[info] # Run progress: 18,94% complete, ETA 00:27:09
[info] # Fork: 2 of 3
[info] WARNING: A terminally deprecated method in sun.misc.Unsafe has been called
[info] WARNING: sun.misc.Unsafe::objectFieldOffset has been called by org.openjdk.jmh.util.Utils (file:/Users/stas/projects/scala-effect-bench/target/bg-jobs/sbt_1a5ffb62/target/ec0caa91/1296d6b9/jmh-core-1.37.jar)
[info] WARNING: Please consider reporting this to the maintainers of class org.openjdk.jmh.util.Utils
[info] WARNING: sun.misc.Unsafe::objectFieldOffset will be removed in a future release
[info] # Warmup Iteration   1: 188,369 ops/s
[info] # Warmup Iteration   2: 293,071 ops/s
[info] # Warmup Iteration   3: 306,730 ops/s
[info] # Warmup Iteration   4: 304,992 ops/s
[info] # Warmup Iteration   5: 305,648 ops/s
[info] Iteration   1: 306,946 ops/s
[info]                  gc.alloc.rate:      4710,214 MB/sec
[info]                  gc.alloc.rate.norm: 16092697,657 B/op
[info]                  gc.count:           4,000 counts
[info]                  gc.time:            3,000 ms
[info] Iteration   2: 305,017 ops/s
[info]                  gc.alloc.rate:      4680,614 MB/sec
[info]                  gc.alloc.rate.norm: 16092695,896 B/op
[info]                  gc.count:           3,000 counts
[info]                  gc.time:            3,000 ms
[info] Iteration   3: 305,394 ops/s
[info]                  gc.alloc.rate:      4686,433 MB/sec
[info]                  gc.alloc.rate.norm: 16092696,365 B/op
[info]                  gc.count:           4,000 counts
[info]                  gc.time:            4,000 ms
[info] Iteration   4: 307,684 ops/s
[info]                  gc.alloc.rate:      4721,650 MB/sec
[info]                  gc.alloc.rate.norm: 16092694,831 B/op
[info]                  gc.count:           4,000 counts
[info]                  gc.time:            5,000 ms
[info] Iteration   5: 308,672 ops/s
[info]                  gc.alloc.rate:      4736,826 MB/sec
[info]                  gc.alloc.rate.norm: 16092680,000 B/op
[info]                  gc.count:           4,000 counts
[info]                  gc.time:            4,000 ms
[info] # Run progress: 19,70% complete, ETA 00:26:53
[info] # Fork: 3 of 3
[info] WARNING: A terminally deprecated method in sun.misc.Unsafe has been called
[info] WARNING: sun.misc.Unsafe::objectFieldOffset has been called by org.openjdk.jmh.util.Utils (file:/Users/stas/projects/scala-effect-bench/target/bg-jobs/sbt_1a5ffb62/target/ec0caa91/1296d6b9/jmh-core-1.37.jar)
[info] WARNING: Please consider reporting this to the maintainers of class org.openjdk.jmh.util.Utils
[info] WARNING: sun.misc.Unsafe::objectFieldOffset will be removed in a future release
[info] # Warmup Iteration   1: 184,983 ops/s
[info] # Warmup Iteration   2: 297,907 ops/s
[info] # Warmup Iteration   3: 308,465 ops/s
[info] # Warmup Iteration   4: 301,660 ops/s
[info] # Warmup Iteration   5: 306,449 ops/s
[info] Iteration   1: 310,646 ops/s
[info]                  gc.alloc.rate:      4767,105 MB/sec
[info]                  gc.alloc.rate.norm: 16092695,335 B/op
[info]                  gc.count:           4,000 counts
[info]                  gc.time:            4,000 ms
[info] Iteration   2: 311,181 ops/s
[info]                  gc.alloc.rate:      4775,277 MB/sec
[info]                  gc.alloc.rate.norm: 16092694,620 B/op
[info]                  gc.count:           3,000 counts
[info]                  gc.time:            3,000 ms
[info] Iteration   3: 309,931 ops/s
[info]                  gc.alloc.rate:      4756,108 MB/sec
[info]                  gc.alloc.rate.norm: 16092694,842 B/op
[info]                  gc.count:           4,000 counts
[info]                  gc.time:            5,000 ms
[info] Iteration   4: 309,551 ops/s
[info]                  gc.alloc.rate:      4750,137 MB/sec
[info]                  gc.alloc.rate.norm: 16092695,510 B/op
[info]                  gc.count:           4,000 counts
[info]                  gc.time:            4,000 ms
[info] Iteration   5: 307,503 ops/s
[info]                  gc.alloc.rate:      4718,883 MB/sec
[info]                  gc.alloc.rate.norm: 16092696,233 B/op
[info]                  gc.count:           4,000 counts
[info]                  gc.time:            5,000 ms
[info] Result "bench.matched.CoreBench.kyoLeftBind":
[info]   296,080 ±(99.9%) 19,186 ops/s [Average]
[info]   (min, avg, max) = (268,015, 296,080, 311,181), stdev = 17,947
[info]   CI (99.9%): [276,894, 315,266] (assumes normal distribution)
[info] Secondary result "bench.matched.CoreBench.kyoLeftBind:gc.alloc.rate":
[info]   4543,500 ±(99.9%) 294,462 MB/sec [Average]
[info]   (min, avg, max) = (4112,526, 4543,500, 4775,277), stdev = 275,440
[info]   CI (99.9%): [4249,038, 4837,961] (assumes normal distribution)
[info] Secondary result "bench.matched.CoreBench.kyoLeftBind:gc.alloc.rate.norm":
[info]   16092711,145 ±(99.9%) 26,991 B/op [Average]
[info]   (min, avg, max) = (16092680,000, 16092711,145, 16092747,282), stdev = 25,247
[info]   CI (99.9%): [16092684,154, 16092738,136] (assumes normal distribution)
[info] Secondary result "bench.matched.CoreBench.kyoLeftBind:gc.count":
[info]   55,000 ±(99.9%) 0,001 counts [Sum]
[info]   (min, avg, max) = (3,000, 3,667, 4,000), stdev = 0,488
[info]   CI (99.9%): [55,000, 55,000] (assumes normal distribution)
[info] Secondary result "bench.matched.CoreBench.kyoLeftBind:gc.time":
[info]   59,000 ±(99.9%) 0,001 ms [Sum]
[info]   (min, avg, max) = (2,000, 3,933, 7,000), stdev = 1,223
[info]   CI (99.9%): [59,000, 59,000] (assumes normal distribution)
[info] # JMH version: 1.37
[info] # VM version: JDK 25.0.3, Java HotSpot(TM) 64-Bit Server VM, 25.0.3+9-LTS-195
[info] # VM invoker: /Users/stas/.sdkman/candidates/java/25.0.3-oracle/bin/java
[info] # VM options: --add-opens=java.base/java.lang=ALL-UNNAMED -Xms2g -Xmx2g -XX:+UseG1GC
[info] # Blackhole mode: compiler (auto-detected, use -Djmh.blackhole.autoDetect=false to disable)
[info] # Warmup: 5 iterations, 1 s each
[info] # Measurement: 5 iterations, 1 s each
[info] # Timeout: 10 min per iteration
[info] # Threads: 1 thread, will synchronize iterations
[info] # Benchmark mode: Throughput, ops/time
[info] # Benchmark: bench.matched.CoreBench.kyoLeftBind
[info] # Parameters: (depth = 10000)
[info] # Run progress: 20,45% complete, ETA 00:26:38
[info] # Fork: 1 of 3
[info] WARNING: A terminally deprecated method in sun.misc.Unsafe has been called
[info] WARNING: sun.misc.Unsafe::objectFieldOffset has been called by org.openjdk.jmh.util.Utils (file:/Users/stas/projects/scala-effect-bench/target/bg-jobs/sbt_1a5ffb62/target/ec0caa91/1296d6b9/jmh-core-1.37.jar)
[info] WARNING: Please consider reporting this to the maintainers of class org.openjdk.jmh.util.Utils
[info] WARNING: sun.misc.Unsafe::objectFieldOffset will be removed in a future release
[info] # Warmup Iteration   1: 1,762 ops/s
[info] # Warmup Iteration   2: 2,636 ops/s
[info] # Warmup Iteration   3: 2,667 ops/s
[info] # Warmup Iteration   4: 2,728 ops/s
[info] # Warmup Iteration   5: 2,621 ops/s
[info] Iteration   1: 2,747 ops/s
[info]                  gc.alloc.rate:      4197,300 MB/sec
[info]                  gc.alloc.rate.norm: 1602481744,000 B/op
[info]                  gc.count:           3,000 counts
[info]                  gc.time:            3,000 ms
[info] Iteration   2: 2,752 ops/s
[info]                  gc.alloc.rate:      4203,317 MB/sec
[info]                  gc.alloc.rate.norm: 1601951138,667 B/op
[info]                  gc.count:           4,000 counts
[info]                  gc.time:            4,000 ms
[info] Iteration   3: 2,768 ops/s
[info]                  gc.alloc.rate:      4228,457 MB/sec
[info]                  gc.alloc.rate.norm: 1601721954,667 B/op
[info]                  gc.count:           4,000 counts
[info]                  gc.time:            5,000 ms
[info] Iteration   4: 2,780 ops/s
[info]                  gc.alloc.rate:      4248,616 MB/sec
[info]                  gc.alloc.rate.norm: 1602650677,333 B/op
[info]                  gc.count:           4,000 counts
[info]                  gc.time:            5,000 ms
[info] Iteration   5: 2,785 ops/s
[info]                  gc.alloc.rate:      4254,321 MB/sec
[info]                  gc.alloc.rate.norm: 1602007594,667 B/op
[info]                  gc.count:           3,000 counts
[info]                  gc.time:            4,000 ms
[info] # Run progress: 21,21% complete, ETA 00:26:27
[info] # Fork: 2 of 3
[info] WARNING: A terminally deprecated method in sun.misc.Unsafe has been called
[info] WARNING: sun.misc.Unsafe::objectFieldOffset has been called by org.openjdk.jmh.util.Utils (file:/Users/stas/projects/scala-effect-bench/target/bg-jobs/sbt_1a5ffb62/target/ec0caa91/1296d6b9/jmh-core-1.37.jar)
[info] WARNING: Please consider reporting this to the maintainers of class org.openjdk.jmh.util.Utils
[info] WARNING: sun.misc.Unsafe::objectFieldOffset will be removed in a future release
[info] # Warmup Iteration   1: 1,897 ops/s
[info] # Warmup Iteration   2: 2,635 ops/s
[info] # Warmup Iteration   3: 2,700 ops/s
[info] # Warmup Iteration   4: 2,719 ops/s
[info] # Warmup Iteration   5: 2,734 ops/s
[info] Iteration   1: 2,742 ops/s
[info]                  gc.alloc.rate:      4189,905 MB/sec
[info]                  gc.alloc.rate.norm: 1602423490,667 B/op
[info]                  gc.count:           4,000 counts
[info]                  gc.time:            4,000 ms
[info] Iteration   2: 2,748 ops/s
[info]                  gc.alloc.rate:      4200,234 MB/sec
[info]                  gc.alloc.rate.norm: 1603013765,333 B/op
[info]                  gc.count:           3,000 counts
[info]                  gc.time:            4,000 ms
[info] Iteration   3: 2,744 ops/s
[info]                  gc.alloc.rate:      4194,411 MB/sec
[info]                  gc.alloc.rate.norm: 1602821325,333 B/op
[info]                  gc.count:           4,000 counts
[info]                  gc.time:            4,000 ms
[info] Iteration   4: 2,753 ops/s
[info]                  gc.alloc.rate:      4206,990 MB/sec
[info]                  gc.alloc.rate.norm: 1602553117,333 B/op
[info]                  gc.count:           4,000 counts
[info]                  gc.time:            5,000 ms
[info] Iteration   5: 2,735 ops/s
[info]                  gc.alloc.rate:      4179,977 MB/sec
[info]                  gc.alloc.rate.norm: 1603048040,000 B/op
[info]                  gc.count:           4,000 counts
[info]                  gc.time:            5,000 ms
[info] # Run progress: 21,97% complete, ETA 00:26:15
[info] # Fork: 3 of 3
[info] WARNING: A terminally deprecated method in sun.misc.Unsafe has been called
[info] WARNING: sun.misc.Unsafe::objectFieldOffset has been called by org.openjdk.jmh.util.Utils (file:/Users/stas/projects/scala-effect-bench/target/bg-jobs/sbt_1a5ffb62/target/ec0caa91/1296d6b9/jmh-core-1.37.jar)
[info] WARNING: Please consider reporting this to the maintainers of class org.openjdk.jmh.util.Utils
[info] WARNING: sun.misc.Unsafe::objectFieldOffset will be removed in a future release
[info] # Warmup Iteration   1: 1,798 ops/s
[info] # Warmup Iteration   2: 2,650 ops/s
[info] # Warmup Iteration   3: 2,712 ops/s
[info] # Warmup Iteration   4: 2,738 ops/s
[info] # Warmup Iteration   5: 2,738 ops/s
[info] Iteration   1: 2,731 ops/s
[info]                  gc.alloc.rate:      4172,627 MB/sec
[info]                  gc.alloc.rate.norm: 1602406818,667 B/op
[info]                  gc.count:           4,000 counts
[info]                  gc.time:            4,000 ms
[info] Iteration   2: 2,743 ops/s
[info]                  gc.alloc.rate:      4193,785 MB/sec
[info]                  gc.alloc.rate.norm: 1603061640,000 B/op
[info]                  gc.count:           3,000 counts
[info]                  gc.time:            3,000 ms
[info] Iteration   3: 2,754 ops/s
[info]                  gc.alloc.rate:      4208,175 MB/sec
[info]                  gc.alloc.rate.norm: 1602377029,333 B/op
[info]                  gc.count:           4,000 counts
[info]                  gc.time:            5,000 ms
[info] Iteration   4: 2,763 ops/s
[info]                  gc.alloc.rate:      4223,331 MB/sec
[info]                  gc.alloc.rate.norm: 1602928610,667 B/op
[info]                  gc.count:           4,000 counts
[info]                  gc.time:            5,000 ms
[info] Iteration   5: 2,784 ops/s
[info]                  gc.alloc.rate:      4255,523 MB/sec
[info]                  gc.alloc.rate.norm: 1602742146,667 B/op
[info]                  gc.count:           4,000 counts
[info]                  gc.time:            5,000 ms
[info] Result "bench.matched.CoreBench.kyoLeftBind":
[info]   2,755 ±(99.9%) 0,018 ops/s [Average]
[info]   (min, avg, max) = (2,731, 2,755, 2,785), stdev = 0,017
[info]   CI (99.9%): [2,737, 2,774] (assumes normal distribution)
[info] Secondary result "bench.matched.CoreBench.kyoLeftBind:gc.alloc.rate":
[info]   4210,465 ±(99.9%) 27,943 MB/sec [Average]
[info]   (min, avg, max) = (4172,627, 4210,465, 4255,523), stdev = 26,138
[info]   CI (99.9%): [4182,522, 4238,408] (assumes normal distribution)
[info] Secondary result "bench.matched.CoreBench.kyoLeftBind:gc.alloc.rate.norm":
[info]   1602545939,556 ±(99.9%) 442472,728 B/op [Average]
[info]   (min, avg, max) = (1601721954,667, 1602545939,556, 1603061640,000), stdev = 413889,264
[info]   CI (99.9%): [1602103466,828, 1602988412,283] (assumes normal distribution)
[info] Secondary result "bench.matched.CoreBench.kyoLeftBind:gc.count":
[info]   56,000 ±(99.9%) 0,001 counts [Sum]
[info]   (min, avg, max) = (3,000, 3,733, 4,000), stdev = 0,458
[info]   CI (99.9%): [56,000, 56,000] (assumes normal distribution)
[info] Secondary result "bench.matched.CoreBench.kyoLeftBind:gc.time":
[info]   65,000 ±(99.9%) 0,001 ms [Sum]
[info]   (min, avg, max) = (3,000, 4,333, 5,000), stdev = 0,724
[info]   CI (99.9%): [65,000, 65,000] (assumes normal distribution)
[info] # JMH version: 1.37
[info] # VM version: JDK 25.0.3, Java HotSpot(TM) 64-Bit Server VM, 25.0.3+9-LTS-195
[info] # VM invoker: /Users/stas/.sdkman/candidates/java/25.0.3-oracle/bin/java
[info] # VM options: --add-opens=java.base/java.lang=ALL-UNNAMED -Xms2g -Xmx2g -XX:+UseG1GC
[info] # Blackhole mode: compiler (auto-detected, use -Djmh.blackhole.autoDetect=false to disable)
[info] # Warmup: 5 iterations, 1 s each
[info] # Measurement: 5 iterations, 1 s each
[info] # Timeout: 10 min per iteration
[info] # Threads: 1 thread, will synchronize iterations
[info] # Benchmark mode: Throughput, ops/time
[info] # Benchmark: bench.matched.CoreBench.kyoMapChain
[info] # Parameters: (depth = 1000)
[info] # Run progress: 22,73% complete, ETA 00:26:02
[info] # Fork: 1 of 3
[info] WARNING: A terminally deprecated method in sun.misc.Unsafe has been called
[info] WARNING: sun.misc.Unsafe::objectFieldOffset has been called by org.openjdk.jmh.util.Utils (file:/Users/stas/projects/scala-effect-bench/target/bg-jobs/sbt_1a5ffb62/target/ec0caa91/1296d6b9/jmh-core-1.37.jar)
[info] WARNING: Please consider reporting this to the maintainers of class org.openjdk.jmh.util.Utils
[info] WARNING: sun.misc.Unsafe::objectFieldOffset will be removed in a future release
[info] # Warmup Iteration   1: 26420,683 ops/s
[info] # Warmup Iteration   2: 41340,669 ops/s
[info] # Warmup Iteration   3: 39529,397 ops/s
[info] # Warmup Iteration   4: 43201,766 ops/s
[info] # Warmup Iteration   5: 41663,917 ops/s
[info] Iteration   1: 43486,861 ops/s
[info]                  gc.alloc.rate:      1931,105 MB/sec
[info]                  gc.alloc.rate.norm: 46568,483 B/op
[info]                  gc.count:           2,000 counts
[info]                  gc.time:            3,000 ms
[info] Iteration   2: 41670,519 ops/s
[info]                  gc.alloc.rate:      1850,463 MB/sec
[info]                  gc.alloc.rate.norm: 46568,515 B/op
[info]                  gc.count:           1,000 counts
[info]                  gc.time:            2,000 ms
[info] Iteration   3: 39790,139 ops/s
[info]                  gc.alloc.rate:      1766,766 MB/sec
[info]                  gc.alloc.rate.norm: 46568,532 B/op
[info]                  gc.count:           2,000 counts
[info]                  gc.time:            4,000 ms
[info] Iteration   4: 39686,587 ops/s
[info]                  gc.alloc.rate:      1762,326 MB/sec
[info]                  gc.alloc.rate.norm: 46568,532 B/op
[info]                  gc.count:           1,000 counts
[info]                  gc.time:            1,000 ms
[info] Iteration   5: 42707,131 ops/s
[info]                  gc.alloc.rate:      1896,686 MB/sec
[info]                  gc.alloc.rate.norm: 46573,359 B/op
[info]                  gc.count:           2,000 counts
[info]                  gc.time:            3,000 ms
[info] # Run progress: 23,48% complete, ETA 00:25:46
[info] # Fork: 2 of 3
[info] WARNING: A terminally deprecated method in sun.misc.Unsafe has been called
[info] WARNING: sun.misc.Unsafe::objectFieldOffset has been called by org.openjdk.jmh.util.Utils (file:/Users/stas/projects/scala-effect-bench/target/bg-jobs/sbt_1a5ffb62/target/ec0caa91/1296d6b9/jmh-core-1.37.jar)
[info] WARNING: Please consider reporting this to the maintainers of class org.openjdk.jmh.util.Utils
[info] WARNING: sun.misc.Unsafe::objectFieldOffset will be removed in a future release
[info] # Warmup Iteration   1: 27960,491 ops/s
[info] # Warmup Iteration   2: 39740,855 ops/s
[info] # Warmup Iteration   3: 41699,477 ops/s
[info] # Warmup Iteration   4: 41114,852 ops/s
[info] # Warmup Iteration   5: 42742,895 ops/s
[info] Iteration   1: 41589,998 ops/s
[info]                  gc.alloc.rate:      1846,835 MB/sec
[info]                  gc.alloc.rate.norm: 46568,565 B/op
[info]                  gc.count:           1,000 counts
[info]                  gc.time:            2,000 ms
[info] Iteration   2: 42243,785 ops/s
[info]                  gc.alloc.rate:      1875,888 MB/sec
[info]                  gc.alloc.rate.norm: 46568,560 B/op
[info]                  gc.count:           2,000 counts
[info]                  gc.time:            2,000 ms
[info] Iteration   3: 42441,447 ops/s
[info]                  gc.alloc.rate:      1884,689 MB/sec
[info]                  gc.alloc.rate.norm: 46568,552 B/op
[info]                  gc.count:           2,000 counts
[info]                  gc.time:            4,000 ms
[info] Iteration   4: 42385,404 ops/s
[info]                  gc.alloc.rate:      1882,178 MB/sec
[info]                  gc.alloc.rate.norm: 46568,556 B/op
[info]                  gc.count:           1,000 counts
[info]                  gc.time:            2,000 ms
[info] Iteration   5: 42547,872 ops/s
[info]                  gc.alloc.rate:      1889,417 MB/sec
[info]                  gc.alloc.rate.norm: 46568,543 B/op
[info]                  gc.count:           2,000 counts
[info]                  gc.time:            4,000 ms
[info] # Run progress: 24,24% complete, ETA 00:25:31
[info] # Fork: 3 of 3
[info] WARNING: A terminally deprecated method in sun.misc.Unsafe has been called
[info] WARNING: sun.misc.Unsafe::objectFieldOffset has been called by org.openjdk.jmh.util.Utils (file:/Users/stas/projects/scala-effect-bench/target/bg-jobs/sbt_1a5ffb62/target/ec0caa91/1296d6b9/jmh-core-1.37.jar)
[info] WARNING: Please consider reporting this to the maintainers of class org.openjdk.jmh.util.Utils
[info] WARNING: sun.misc.Unsafe::objectFieldOffset will be removed in a future release
[info] # Warmup Iteration   1: 27174,667 ops/s
[info] # Warmup Iteration   2: 37186,895 ops/s
[info] # Warmup Iteration   3: 38784,209 ops/s
[info] # Warmup Iteration   4: 42663,033 ops/s
[info] # Warmup Iteration   5: 42207,093 ops/s
[info] Iteration   1: 42269,481 ops/s
[info]                  gc.alloc.rate:      1877,068 MB/sec
[info]                  gc.alloc.rate.norm: 46568,678 B/op
[info]                  gc.count:           1,000 counts
[info]                  gc.time:            2,000 ms
[info] Iteration   2: 43980,911 ops/s
[info]                  gc.alloc.rate:      1953,077 MB/sec
[info]                  gc.alloc.rate.norm: 46568,642 B/op
[info]                  gc.count:           2,000 counts
[info]                  gc.time:            3,000 ms
[info] Iteration   3: 42770,986 ops/s
[info]                  gc.alloc.rate:      1899,314 MB/sec
[info]                  gc.alloc.rate.norm: 46568,678 B/op
[info]                  gc.count:           2,000 counts
[info]                  gc.time:            4,000 ms
[info] Iteration   4: 43233,953 ops/s
[info]                  gc.alloc.rate:      1919,888 MB/sec
[info]                  gc.alloc.rate.norm: 46568,659 B/op
[info]                  gc.count:           1,000 counts
[info]                  gc.time:            2,000 ms
[info] Iteration   5: 42821,464 ops/s
[info]                  gc.alloc.rate:      1901,588 MB/sec
[info]                  gc.alloc.rate.norm: 46568,667 B/op
[info]                  gc.count:           2,000 counts
[info]                  gc.time:            4,000 ms
[info] Result "bench.matched.CoreBench.kyoMapChain":
[info]   42241,769 ±(99.9%) 1272,571 ops/s [Average]
[info]   (min, avg, max) = (39686,587, 42241,769, 43980,911), stdev = 1190,364
[info]   CI (99.9%): [40969,198, 43514,340] (assumes normal distribution)
[info] Secondary result "bench.matched.CoreBench.kyoMapChain:gc.alloc.rate":
[info]   1875,819 ±(99.9%) 56,555 MB/sec [Average]
[info]   (min, avg, max) = (1762,326, 1875,819, 1953,077), stdev = 52,902
[info]   CI (99.9%): [1819,264, 1932,375] (assumes normal distribution)
[info] Secondary result "bench.matched.CoreBench.kyoMapChain:gc.alloc.rate.norm":
[info]   46568,901 ±(99.9%) 1,320 B/op [Average]
[info]   (min, avg, max) = (46568,483, 46568,901, 46573,359), stdev = 1,235
[info]   CI (99.9%): [46567,581, 46570,221] (assumes normal distribution)
[info] Secondary result "bench.matched.CoreBench.kyoMapChain:gc.count":
[info]   24,000 ±(99.9%) 0,001 counts [Sum]
[info]   (min, avg, max) = (1,000, 1,600, 2,000), stdev = 0,507
[info]   CI (99.9%): [24,000, 24,000] (assumes normal distribution)
[info] Secondary result "bench.matched.CoreBench.kyoMapChain:gc.time":
[info]   42,000 ±(99.9%) 0,001 ms [Sum]
[info]   (min, avg, max) = (1,000, 2,800, 4,000), stdev = 1,014
[info]   CI (99.9%): [42,000, 42,000] (assumes normal distribution)
[info] # JMH version: 1.37
[info] # VM version: JDK 25.0.3, Java HotSpot(TM) 64-Bit Server VM, 25.0.3+9-LTS-195
[info] # VM invoker: /Users/stas/.sdkman/candidates/java/25.0.3-oracle/bin/java
[info] # VM options: --add-opens=java.base/java.lang=ALL-UNNAMED -Xms2g -Xmx2g -XX:+UseG1GC
[info] # Blackhole mode: compiler (auto-detected, use -Djmh.blackhole.autoDetect=false to disable)
[info] # Warmup: 5 iterations, 1 s each
[info] # Measurement: 5 iterations, 1 s each
[info] # Timeout: 10 min per iteration
[info] # Threads: 1 thread, will synchronize iterations
[info] # Benchmark mode: Throughput, ops/time
[info] # Benchmark: bench.matched.CoreBench.kyoMapChain
[info] # Parameters: (depth = 10000)
[info] # Run progress: 25,00% complete, ETA 00:25:15
[info] # Fork: 1 of 3
[info] WARNING: A terminally deprecated method in sun.misc.Unsafe has been called
[info] WARNING: sun.misc.Unsafe::objectFieldOffset has been called by org.openjdk.jmh.util.Utils (file:/Users/stas/projects/scala-effect-bench/target/bg-jobs/sbt_1a5ffb62/target/ec0caa91/1296d6b9/jmh-core-1.37.jar)
[info] WARNING: Please consider reporting this to the maintainers of class org.openjdk.jmh.util.Utils
[info] WARNING: sun.misc.Unsafe::objectFieldOffset will be removed in a future release
[info] # Warmup Iteration   1: 4510,384 ops/s
[info] # Warmup Iteration   2: 6303,598 ops/s
[info] # Warmup Iteration   3: 6554,664 ops/s
[info] # Warmup Iteration   4: 6545,339 ops/s
[info] # Warmup Iteration   5: 6501,771 ops/s
[info] Iteration   1: 6565,494 ops/s
[info]                  gc.alloc.rate:      2996,157 MB/sec
[info]                  gc.alloc.rate.norm: 478571,349 B/op
[info]                  gc.count:           2,000 counts
[info]                  gc.time:            4,000 ms
[info] Iteration   2: 6538,290 ops/s
[info]                  gc.alloc.rate:      2983,779 MB/sec
[info]                  gc.alloc.rate.norm: 478571,388 B/op
[info]                  gc.count:           2,000 counts
[info]                  gc.time:            3,000 ms
[info] Iteration   3: 5973,237 ops/s
[info]                  gc.alloc.rate:      2725,911 MB/sec
[info]                  gc.alloc.rate.norm: 478571,667 B/op
[info]                  gc.count:           3,000 counts
[info]                  gc.time:            3,000 ms
[info] Iteration   4: 6506,433 ops/s
[info]                  gc.alloc.rate:      2969,222 MB/sec
[info]                  gc.alloc.rate.norm: 478582,718 B/op
[info]                  gc.count:           2,000 counts
[info]                  gc.time:            2,000 ms
[info] Iteration   5: 6535,544 ops/s
[info]                  gc.alloc.rate:      2982,558 MB/sec
[info]                  gc.alloc.rate.norm: 478571,383 B/op
[info]                  gc.count:           3,000 counts
[info]                  gc.time:            3,000 ms
[info] # Run progress: 25,76% complete, ETA 00:24:59
[info] # Fork: 2 of 3
[info] WARNING: A terminally deprecated method in sun.misc.Unsafe has been called
[info] WARNING: sun.misc.Unsafe::objectFieldOffset has been called by org.openjdk.jmh.util.Utils (file:/Users/stas/projects/scala-effect-bench/target/bg-jobs/sbt_1a5ffb62/target/ec0caa91/1296d6b9/jmh-core-1.37.jar)
[info] WARNING: Please consider reporting this to the maintainers of class org.openjdk.jmh.util.Utils
[info] WARNING: sun.misc.Unsafe::objectFieldOffset will be removed in a future release
[info] # Warmup Iteration   1: 5255,312 ops/s
[info] # Warmup Iteration   2: 6602,703 ops/s
[info] # Warmup Iteration   3: 6822,717 ops/s
[info] # Warmup Iteration   4: 6702,843 ops/s
[info] # Warmup Iteration   5: 6539,510 ops/s
[info] Iteration   1: 6654,387 ops/s
[info]                  gc.alloc.rate:      3036,778 MB/sec
[info]                  gc.alloc.rate.norm: 478573,664 B/op
[info]                  gc.count:           3,000 counts
[info]                  gc.time:            6,000 ms
[info] Iteration   2: 6618,559 ops/s
[info]                  gc.alloc.rate:      3020,386 MB/sec
[info]                  gc.alloc.rate.norm: 478573,754 B/op
[info]                  gc.count:           2,000 counts
[info]                  gc.time:            2,000 ms
[info] Iteration   3: 6657,032 ops/s
[info]                  gc.alloc.rate:      3038,021 MB/sec
[info]                  gc.alloc.rate.norm: 478573,703 B/op
[info]                  gc.count:           3,000 counts
[info]                  gc.time:            3,000 ms
[info] Iteration   4: 6686,393 ops/s
[info]                  gc.alloc.rate:      3051,305 MB/sec
[info]                  gc.alloc.rate.norm: 478573,647 B/op
[info]                  gc.count:           2,000 counts
[info]                  gc.time:            2,000 ms
[info] Iteration   5: 6606,181 ops/s
[info]                  gc.alloc.rate:      3014,816 MB/sec
[info]                  gc.alloc.rate.norm: 478573,781 B/op
[info]                  gc.count:           2,000 counts
[info]                  gc.time:            3,000 ms
[info] # Run progress: 26,52% complete, ETA 00:24:44
[info] # Fork: 3 of 3
[info] WARNING: A terminally deprecated method in sun.misc.Unsafe has been called
[info] WARNING: sun.misc.Unsafe::objectFieldOffset has been called by org.openjdk.jmh.util.Utils (file:/Users/stas/projects/scala-effect-bench/target/bg-jobs/sbt_1a5ffb62/target/ec0caa91/1296d6b9/jmh-core-1.37.jar)
[info] WARNING: Please consider reporting this to the maintainers of class org.openjdk.jmh.util.Utils
[info] WARNING: sun.misc.Unsafe::objectFieldOffset will be removed in a future release
[info] # Warmup Iteration   1: 4546,526 ops/s
[info] # Warmup Iteration   2: 6327,328 ops/s
[info] # Warmup Iteration   3: 6672,722 ops/s
[info] # Warmup Iteration   4: 6597,697 ops/s
[info] # Warmup Iteration   5: 6585,436 ops/s
[info] Iteration   1: 6665,745 ops/s
[info]                  gc.alloc.rate:      3041,952 MB/sec
[info]                  gc.alloc.rate.norm: 478571,256 B/op
[info]                  gc.count:           2,000 counts
[info]                  gc.time:            4,000 ms
[info] Iteration   2: 6690,879 ops/s
[info]                  gc.alloc.rate:      3053,396 MB/sec
[info]                  gc.alloc.rate.norm: 478571,263 B/op
[info]                  gc.count:           3,000 counts
[info]                  gc.time:            4,000 ms
[info] Iteration   3: 6791,400 ops/s
[info]                  gc.alloc.rate:      3099,316 MB/sec
[info]                  gc.alloc.rate.norm: 478571,245 B/op
[info]                  gc.count:           2,000 counts
[info]                  gc.time:            2,000 ms
[info] Iteration   4: 6733,951 ops/s
[info]                  gc.alloc.rate:      3073,025 MB/sec
[info]                  gc.alloc.rate.norm: 478571,267 B/op
[info]                  gc.count:           3,000 counts
[info]                  gc.time:            4,000 ms
[info] Iteration   5: 6759,661 ops/s
[info]                  gc.alloc.rate:      3084,796 MB/sec
[info]                  gc.alloc.rate.norm: 478571,321 B/op
[info]                  gc.count:           2,000 counts
[info]                  gc.time:            2,000 ms
[info] Result "bench.matched.CoreBench.kyoMapChain":
[info]   6598,879 ±(99.9%) 205,524 ops/s [Average]
[info]   (min, avg, max) = (5973,237, 6598,879, 6791,400), stdev = 192,248
[info]   CI (99.9%): [6393,355, 6804,403] (assumes normal distribution)
[info] Secondary result "bench.matched.CoreBench.kyoMapChain:gc.alloc.rate":
[info]   3011,428 ±(99.9%) 93,792 MB/sec [Average]
[info]   (min, avg, max) = (2725,911, 3011,428, 3099,316), stdev = 87,733
[info]   CI (99.9%): [2917,636, 3105,219] (assumes normal distribution)
[info] Secondary result "bench.matched.CoreBench.kyoMapChain:gc.alloc.rate.norm":
[info]   478572,894 ±(99.9%) 3,149 B/op [Average]
[info]   (min, avg, max) = (478571,245, 478572,894, 478582,718), stdev = 2,946
[info]   CI (99.9%): [478569,744, 478576,043] (assumes normal distribution)
[info] Secondary result "bench.matched.CoreBench.kyoMapChain:gc.count":
[info]   36,000 ±(99.9%) 0,001 counts [Sum]
[info]   (min, avg, max) = (2,000, 2,400, 3,000), stdev = 0,507
[info]   CI (99.9%): [36,000, 36,000] (assumes normal distribution)
[info] Secondary result "bench.matched.CoreBench.kyoMapChain:gc.time":
[info]   47,000 ±(99.9%) 0,001 ms [Sum]
[info]   (min, avg, max) = (2,000, 3,133, 6,000), stdev = 1,125
[info]   CI (99.9%): [47,000, 47,000] (assumes normal distribution)
[info] # JMH version: 1.37
[info] # VM version: JDK 25.0.3, Java HotSpot(TM) 64-Bit Server VM, 25.0.3+9-LTS-195
[info] # VM invoker: /Users/stas/.sdkman/candidates/java/25.0.3-oracle/bin/java
[info] # VM options: --add-opens=java.base/java.lang=ALL-UNNAMED -Xms2g -Xmx2g -XX:+UseG1GC
[info] # Blackhole mode: compiler (auto-detected, use -Djmh.blackhole.autoDetect=false to disable)
[info] # Warmup: 5 iterations, 1 s each
[info] # Measurement: 5 iterations, 1 s each
[info] # Timeout: 10 min per iteration
[info] # Threads: 1 thread, will synchronize iterations
[info] # Benchmark mode: Throughput, ops/time
[info] # Benchmark: bench.matched.ParallelBench.ceCollectSuccesses
[info] # Parameters: (parallelism = 8, size = 4096, work = 0)
[info] # Run progress: 27,27% complete, ETA 00:24:28
[info] # Fork: 1 of 3
[info] WARNING: A terminally deprecated method in sun.misc.Unsafe has been called
[info] WARNING: sun.misc.Unsafe::objectFieldOffset has been called by org.openjdk.jmh.util.Utils (file:/Users/stas/projects/scala-effect-bench/target/bg-jobs/sbt_1a5ffb62/target/ec0caa91/1296d6b9/jmh-core-1.37.jar)
[info] WARNING: Please consider reporting this to the maintainers of class org.openjdk.jmh.util.Utils
[info] WARNING: sun.misc.Unsafe::objectFieldOffset will be removed in a future release
[info] # Warmup Iteration   1: 266,210 ops/s
[info] # Warmup Iteration   2: 777,597 ops/s
[info] # Warmup Iteration   3: 875,981 ops/s
[info] # Warmup Iteration   4: 847,648 ops/s
[info] # Warmup Iteration   5: 896,359 ops/s
[info] Iteration   1: 861,175 ops/s
[info]                  gc.alloc.rate:      4412,366 MB/sec
[info]                  gc.alloc.rate.norm: 5373057,025 B/op
[info]                  gc.count:           3,000 counts
[info]                  gc.time:            4,000 ms
[info] Iteration   2: 878,877 ops/s
[info]                  gc.alloc.rate:      4502,874 MB/sec
[info]                  gc.alloc.rate.norm: 5372979,878 B/op
[info]                  gc.count:           4,000 counts
[info]                  gc.time:            6,000 ms
[info] Iteration   3: 901,087 ops/s
[info]                  gc.alloc.rate:      4616,630 MB/sec
[info]                  gc.alloc.rate.norm: 5372922,481 B/op
[info]                  gc.count:           4,000 counts
[info]                  gc.time:            7,000 ms
[info] Iteration   4: 911,560 ops/s
[info]                  gc.alloc.rate:      4670,296 MB/sec
[info]                  gc.alloc.rate.norm: 5372894,358 B/op
[info]                  gc.count:           4,000 counts
[info]                  gc.time:            6,000 ms
[info] Iteration   5: 958,050 ops/s
[info]                  gc.alloc.rate:      4908,343 MB/sec
[info]                  gc.alloc.rate.norm: 5372793,512 B/op
[info]                  gc.count:           4,000 counts
[info]                  gc.time:            6,000 ms
[info] # Run progress: 28,03% complete, ETA 00:24:13
[info] # Fork: 2 of 3
[info] WARNING: A terminally deprecated method in sun.misc.Unsafe has been called
[info] WARNING: sun.misc.Unsafe::objectFieldOffset has been called by org.openjdk.jmh.util.Utils (file:/Users/stas/projects/scala-effect-bench/target/bg-jobs/sbt_1a5ffb62/target/ec0caa91/1296d6b9/jmh-core-1.37.jar)
[info] WARNING: Please consider reporting this to the maintainers of class org.openjdk.jmh.util.Utils
[info] WARNING: sun.misc.Unsafe::objectFieldOffset will be removed in a future release
[info] # Warmup Iteration   1: 450,100 ops/s
[info] # Warmup Iteration   2: 939,689 ops/s
[info] # Warmup Iteration   3: 884,559 ops/s
[info] # Warmup Iteration   4: 990,754 ops/s
[info] # Warmup Iteration   5: 1014,781 ops/s
[info] Iteration   1: 1040,228 ops/s
[info]                  gc.alloc.rate:      5329,695 MB/sec
[info]                  gc.alloc.rate.norm: 5373014,432 B/op
[info]                  gc.count:           5,000 counts
[info]                  gc.time:            7,000 ms
[info] Iteration   2: 1013,148 ops/s
[info]                  gc.alloc.rate:      5190,814 MB/sec
[info]                  gc.alloc.rate.norm: 5372875,360 B/op
[info]                  gc.count:           4,000 counts
[info]                  gc.time:            5,000 ms
[info] Iteration   3: 1028,597 ops/s
[info]                  gc.alloc.rate:      5269,865 MB/sec
[info]                  gc.alloc.rate.norm: 5372730,151 B/op
[info]                  gc.count:           4,000 counts
[info]                  gc.time:            5,000 ms
[info] Iteration   4: 1037,052 ops/s
[info]                  gc.alloc.rate:      5313,141 MB/sec
[info]                  gc.alloc.rate.norm: 5372702,313 B/op
[info]                  gc.count:           5,000 counts
[info]                  gc.time:            6,000 ms
[info] Iteration   5: 1046,944 ops/s
[info]                  gc.alloc.rate:      5363,715 MB/sec
[info]                  gc.alloc.rate.norm: 5372750,336 B/op
[info]                  gc.count:           4,000 counts
[info]                  gc.time:            7,000 ms
[info] # Run progress: 28,79% complete, ETA 00:23:57
[info] # Fork: 3 of 3
[info] WARNING: A terminally deprecated method in sun.misc.Unsafe has been called
[info] WARNING: sun.misc.Unsafe::objectFieldOffset has been called by org.openjdk.jmh.util.Utils (file:/Users/stas/projects/scala-effect-bench/target/bg-jobs/sbt_1a5ffb62/target/ec0caa91/1296d6b9/jmh-core-1.37.jar)
[info] WARNING: Please consider reporting this to the maintainers of class org.openjdk.jmh.util.Utils
[info] WARNING: sun.misc.Unsafe::objectFieldOffset will be removed in a future release
[info] # Warmup Iteration   1: 535,967 ops/s
[info] # Warmup Iteration   2: 986,963 ops/s
[info] # Warmup Iteration   3: 975,661 ops/s
[info] # Warmup Iteration   4: 993,511 ops/s
[info] # Warmup Iteration   5: 973,039 ops/s
[info] Iteration   1: 874,638 ops/s
[info]                  gc.alloc.rate:      4481,687 MB/sec
[info]                  gc.alloc.rate.norm: 5373875,513 B/op
[info]                  gc.count:           4,000 counts
[info]                  gc.time:            5,000 ms
[info] Iteration   2: 820,217 ops/s
[info]                  gc.alloc.rate:      4203,231 MB/sec
[info]                  gc.alloc.rate.norm: 5374171,563 B/op
[info]                  gc.count:           3,000 counts
[info]                  gc.time:            5,000 ms
[info] Iteration   3: 990,810 ops/s
[info]                  gc.alloc.rate:      5076,299 MB/sec
[info]                  gc.alloc.rate.norm: 5372855,526 B/op
[info]                  gc.count:           4,000 counts
[info]                  gc.time:            6,000 ms
[info] Iteration   4: 1025,909 ops/s
[info]                  gc.alloc.rate:      5256,079 MB/sec
[info]                  gc.alloc.rate.norm: 5372772,482 B/op
[info]                  gc.count:           5,000 counts
[info]                  gc.time:            7,000 ms
[info] Iteration   5: 1031,426 ops/s
[info]                  gc.alloc.rate:      5284,262 MB/sec
[info]                  gc.alloc.rate.norm: 5372838,797 B/op
[info]                  gc.count:           4,000 counts
[info]                  gc.time:            6,000 ms
[info] Result "bench.matched.ParallelBench.ceCollectSuccesses":
[info]   961,315 ±(99.9%) 84,191 ops/s [Average]
[info]   (min, avg, max) = (820,217, 961,315, 1046,944), stdev = 78,752
[info]   CI (99.9%): [877,124, 1045,505] (assumes normal distribution)
[info] Secondary result "bench.matched.ParallelBench.ceCollectSuccesses:gc.alloc.rate":
[info]   4925,286 ±(99.9%) 431,120 MB/sec [Average]
[info]   (min, avg, max) = (4203,231, 4925,286, 5363,715), stdev = 403,269
[info]   CI (99.9%): [4494,167, 5356,406] (assumes normal distribution)
[info] Secondary result "bench.matched.ParallelBench.ceCollectSuccesses:gc.alloc.rate.norm":
[info]   5373015,582 ±(99.9%) 455,095 B/op [Average]
[info]   (min, avg, max) = (5372702,313, 5373015,582, 5374171,563), stdev = 425,696
[info]   CI (99.9%): [5372560,487, 5373470,677] (assumes normal distribution)
[info] Secondary result "bench.matched.ParallelBench.ceCollectSuccesses:gc.count":
[info]   61,000 ±(99.9%) 0,001 counts [Sum]
[info]   (min, avg, max) = (3,000, 4,067, 5,000), stdev = 0,594
[info]   CI (99.9%): [61,000, 61,000] (assumes normal distribution)
[info] Secondary result "bench.matched.ParallelBench.ceCollectSuccesses:gc.time":
[info]   88,000 ±(99.9%) 0,001 ms [Sum]
[info]   (min, avg, max) = (4,000, 5,867, 7,000), stdev = 0,915
[info]   CI (99.9%): [88,000, 88,000] (assumes normal distribution)
[info] # JMH version: 1.37
[info] # VM version: JDK 25.0.3, Java HotSpot(TM) 64-Bit Server VM, 25.0.3+9-LTS-195
[info] # VM invoker: /Users/stas/.sdkman/candidates/java/25.0.3-oracle/bin/java
[info] # VM options: --add-opens=java.base/java.lang=ALL-UNNAMED -Xms2g -Xmx2g -XX:+UseG1GC
[info] # Blackhole mode: compiler (auto-detected, use -Djmh.blackhole.autoDetect=false to disable)
[info] # Warmup: 5 iterations, 1 s each
[info] # Measurement: 5 iterations, 1 s each
[info] # Timeout: 10 min per iteration
[info] # Threads: 1 thread, will synchronize iterations
[info] # Benchmark mode: Throughput, ops/time
[info] # Benchmark: bench.matched.ParallelBench.ceCollectSuccesses
[info] # Parameters: (parallelism = 8, size = 4096, work = 64)
[info] # Run progress: 29,55% complete, ETA 00:23:42
[info] # Fork: 1 of 3
[info] WARNING: A terminally deprecated method in sun.misc.Unsafe has been called
[info] WARNING: sun.misc.Unsafe::objectFieldOffset has been called by org.openjdk.jmh.util.Utils (file:/Users/stas/projects/scala-effect-bench/target/bg-jobs/sbt_1a5ffb62/target/ec0caa91/1296d6b9/jmh-core-1.37.jar)
[info] WARNING: Please consider reporting this to the maintainers of class org.openjdk.jmh.util.Utils
[info] WARNING: sun.misc.Unsafe::objectFieldOffset will be removed in a future release
[info] # Warmup Iteration   1: 524,224 ops/s
[info] # Warmup Iteration   2: 716,545 ops/s
[info] # Warmup Iteration   3: 738,507 ops/s
[info] # Warmup Iteration   4: 767,189 ops/s
[info] # Warmup Iteration   5: 745,293 ops/s
[info] Iteration   1: 726,592 ops/s
[info]                  gc.alloc.rate:      3725,929 MB/sec
[info]                  gc.alloc.rate.norm: 5377703,858 B/op
[info]                  gc.count:           3,000 counts
[info]                  gc.time:            3,000 ms
[info] Iteration   2: 738,913 ops/s
[info]                  gc.alloc.rate:      3789,220 MB/sec
[info]                  gc.alloc.rate.norm: 5377877,653 B/op
[info]                  gc.count:           3,000 counts
[info]                  gc.time:            4,000 ms
[info] Iteration   3: 738,472 ops/s
[info]                  gc.alloc.rate:      3787,011 MB/sec
[info]                  gc.alloc.rate.norm: 5377871,795 B/op
[info]                  gc.count:           3,000 counts
[info]                  gc.time:            4,000 ms
[info] Iteration   4: 738,501 ops/s
[info]                  gc.alloc.rate:      3787,143 MB/sec
[info]                  gc.alloc.rate.norm: 5377920,280 B/op
[info]                  gc.count:           3,000 counts
[info]                  gc.time:            4,000 ms
[info] Iteration   5: 724,030 ops/s
[info]                  gc.alloc.rate:      3712,530 MB/sec
[info]                  gc.alloc.rate.norm: 5377396,352 B/op
[info]                  gc.count:           3,000 counts
[info]                  gc.time:            4,000 ms
[info] # Run progress: 30,30% complete, ETA 00:23:27
[info] # Fork: 2 of 3
[info] WARNING: A terminally deprecated method in sun.misc.Unsafe has been called
[info] WARNING: sun.misc.Unsafe::objectFieldOffset has been called by org.openjdk.jmh.util.Utils (file:/Users/stas/projects/scala-effect-bench/target/bg-jobs/sbt_1a5ffb62/target/ec0caa91/1296d6b9/jmh-core-1.37.jar)
[info] WARNING: Please consider reporting this to the maintainers of class org.openjdk.jmh.util.Utils
[info] WARNING: sun.misc.Unsafe::objectFieldOffset will be removed in a future release
[info] # Warmup Iteration   1: 548,820 ops/s
[info] # Warmup Iteration   2: 900,142 ops/s
[info] # Warmup Iteration   3: 912,942 ops/s
[info] # Warmup Iteration   4: 916,363 ops/s
[info] # Warmup Iteration   5: 868,886 ops/s
[info] Iteration   1: 943,910 ops/s
[info]                  gc.alloc.rate:      4838,866 MB/sec
[info]                  gc.alloc.rate.norm: 5375983,022 B/op
[info]                  gc.count:           4,000 counts
[info]                  gc.time:            6,000 ms
[info] Iteration   2: 931,239 ops/s
[info]                  gc.alloc.rate:      4773,878 MB/sec
[info]                  gc.alloc.rate.norm: 5376031,496 B/op
[info]                  gc.count:           4,000 counts
[info]                  gc.time:            5,000 ms
[info] Iteration   3: 943,592 ops/s
[info]                  gc.alloc.rate:      4837,251 MB/sec
[info]                  gc.alloc.rate.norm: 5375980,241 B/op
[info]                  gc.count:           3,000 counts
[info]                  gc.time:            4,000 ms
[info] Iteration   4: 916,722 ops/s
[info]                  gc.alloc.rate:      4699,448 MB/sec
[info]                  gc.alloc.rate.norm: 5375916,321 B/op
[info]                  gc.count:           4,000 counts
[info]                  gc.time:            5,000 ms
[info] Iteration   5: 921,853 ops/s
[info]                  gc.alloc.rate:      4725,546 MB/sec
[info]                  gc.alloc.rate.norm: 5375892,073 B/op
[info]                  gc.count:           4,000 counts
[info]                  gc.time:            6,000 ms
[info] # Run progress: 31,06% complete, ETA 00:23:12
[info] # Fork: 3 of 3
[info] WARNING: A terminally deprecated method in sun.misc.Unsafe has been called
[info] WARNING: sun.misc.Unsafe::objectFieldOffset has been called by org.openjdk.jmh.util.Utils (file:/Users/stas/projects/scala-effect-bench/target/bg-jobs/sbt_1a5ffb62/target/ec0caa91/1296d6b9/jmh-core-1.37.jar)
[info] WARNING: Please consider reporting this to the maintainers of class org.openjdk.jmh.util.Utils
[info] WARNING: sun.misc.Unsafe::objectFieldOffset will be removed in a future release
[info] # Warmup Iteration   1: 514,138 ops/s
[info] # Warmup Iteration   2: 884,161 ops/s
[info] # Warmup Iteration   3: 934,907 ops/s
[info] # Warmup Iteration   4: 918,444 ops/s
[info] # Warmup Iteration   5: 957,639 ops/s
[info] Iteration   1: 958,738 ops/s
[info]                  gc.alloc.rate:      4914,692 MB/sec
[info]                  gc.alloc.rate.norm: 5375730,556 B/op
[info]                  gc.count:           4,000 counts
[info]                  gc.time:            4,000 ms
[info] Iteration   2: 932,712 ops/s
[info]                  gc.alloc.rate:      4781,365 MB/sec
[info]                  gc.alloc.rate.norm: 5375892,904 B/op
[info]                  gc.count:           4,000 counts
[info]                  gc.time:            6,000 ms
[info] Iteration   3: 932,051 ops/s
[info]                  gc.alloc.rate:      4777,940 MB/sec
[info]                  gc.alloc.rate.norm: 5375779,031 B/op
[info]                  gc.count:           4,000 counts
[info]                  gc.time:            6,000 ms
[info] Iteration   4: 943,245 ops/s
[info]                  gc.alloc.rate:      4835,299 MB/sec
[info]                  gc.alloc.rate.norm: 5375808,524 B/op
[info]                  gc.count:           4,000 counts
[info]                  gc.time:            5,000 ms
[info] Iteration   5: 971,155 ops/s
[info]                  gc.alloc.rate:      4978,222 MB/sec
[info]                  gc.alloc.rate.norm: 5375736,674 B/op
[info]                  gc.count:           4,000 counts
[info]                  gc.time:            5,000 ms
[info] Result "bench.matched.ParallelBench.ceCollectSuccesses":
[info]   870,782 ±(99.9%) 108,571 ops/s [Average]
[info]   (min, avg, max) = (724,030, 870,782, 971,155), stdev = 101,557
[info]   CI (99.9%): [762,211, 979,353] (assumes normal distribution)
[info] Secondary result "bench.matched.ParallelBench.ceCollectSuccesses:gc.alloc.rate":
[info]   4464,289 ±(99.9%) 555,914 MB/sec [Average]
[info]   (min, avg, max) = (3712,530, 4464,289, 4978,222), stdev = 520,002
[info]   CI (99.9%): [3908,376, 5020,203] (assumes normal distribution)
[info] Secondary result "bench.matched.ParallelBench.ceCollectSuccesses:gc.alloc.rate.norm":
[info]   5376501,385 ±(99.9%) 992,148 B/op [Average]
[info]   (min, avg, max) = (5375730,556, 5376501,385, 5377920,280), stdev = 928,055
[info]   CI (99.9%): [5375509,238, 5377493,533] (assumes normal distribution)
[info] Secondary result "bench.matched.ParallelBench.ceCollectSuccesses:gc.count":
[info]   54,000 ±(99.9%) 0,001 counts [Sum]
[info]   (min, avg, max) = (3,000, 3,600, 4,000), stdev = 0,507
[info]   CI (99.9%): [54,000, 54,000] (assumes normal distribution)
[info] Secondary result "bench.matched.ParallelBench.ceCollectSuccesses:gc.time":
[info]   71,000 ±(99.9%) 0,001 ms [Sum]
[info]   (min, avg, max) = (3,000, 4,733, 6,000), stdev = 0,961
[info]   CI (99.9%): [71,000, 71,000] (assumes normal distribution)
[info] # JMH version: 1.37
[info] # VM version: JDK 25.0.3, Java HotSpot(TM) 64-Bit Server VM, 25.0.3+9-LTS-195
[info] # VM invoker: /Users/stas/.sdkman/candidates/java/25.0.3-oracle/bin/java
[info] # VM options: --add-opens=java.base/java.lang=ALL-UNNAMED -Xms2g -Xmx2g -XX:+UseG1GC
[info] # Blackhole mode: compiler (auto-detected, use -Djmh.blackhole.autoDetect=false to disable)
[info] # Warmup: 5 iterations, 1 s each
[info] # Measurement: 5 iterations, 1 s each
[info] # Timeout: 10 min per iteration
[info] # Threads: 1 thread, will synchronize iterations
[info] # Benchmark mode: Throughput, ops/time
[info] # Benchmark: bench.matched.ParallelBench.ceWorkers
[info] # Parameters: (parallelism = 8, size = 4096, work = 0)
[info] # Run progress: 31,82% complete, ETA 00:22:56
[info] # Fork: 1 of 3
[info] WARNING: A terminally deprecated method in sun.misc.Unsafe has been called
[info] WARNING: sun.misc.Unsafe::objectFieldOffset has been called by org.openjdk.jmh.util.Utils (file:/Users/stas/projects/scala-effect-bench/target/bg-jobs/sbt_1a5ffb62/target/ec0caa91/1296d6b9/jmh-core-1.37.jar)
[info] WARNING: Please consider reporting this to the maintainers of class org.openjdk.jmh.util.Utils
[info] WARNING: sun.misc.Unsafe::objectFieldOffset will be removed in a future release
[info] # Warmup Iteration   1: 2232,307 ops/s
[info] # Warmup Iteration   2: 3646,921 ops/s
[info] # Warmup Iteration   3: 3901,936 ops/s
[info] # Warmup Iteration   4: 3976,263 ops/s
[info] # Warmup Iteration   5: 3652,346 ops/s
[info] Iteration   1: 3469,020 ops/s
[info]                  gc.alloc.rate:      4586,250 MB/sec
[info]                  gc.alloc.rate.norm: 1386491,852 B/op
[info]                  gc.count:           4,000 counts
[info]                  gc.time:            3,000 ms
[info] Iteration   2: 3948,373 ops/s
[info]                  gc.alloc.rate:      5220,079 MB/sec
[info]                  gc.alloc.rate.norm: 1386477,186 B/op
[info]                  gc.count:           4,000 counts
[info]                  gc.time:            4,000 ms
[info] Iteration   3: 3907,116 ops/s
[info]                  gc.alloc.rate:      5165,561 MB/sec
[info]                  gc.alloc.rate.norm: 1386478,713 B/op
[info]                  gc.count:           4,000 counts
[info]                  gc.time:            3,000 ms
[info] Iteration   4: 3943,673 ops/s
[info]                  gc.alloc.rate:      5213,997 MB/sec
[info]                  gc.alloc.rate.norm: 1386477,314 B/op
[info]                  gc.count:           5,000 counts
[info]                  gc.time:            4,000 ms
[info] Iteration   5: 3976,336 ops/s
[info]                  gc.alloc.rate:      5256,831 MB/sec
[info]                  gc.alloc.rate.norm: 1386476,764 B/op
[info]                  gc.count:           4,000 counts
[info]                  gc.time:            4,000 ms
[info] # Run progress: 32,58% complete, ETA 00:22:41
[info] # Fork: 2 of 3
[info] WARNING: A terminally deprecated method in sun.misc.Unsafe has been called
[info] WARNING: sun.misc.Unsafe::objectFieldOffset has been called by org.openjdk.jmh.util.Utils (file:/Users/stas/projects/scala-effect-bench/target/bg-jobs/sbt_1a5ffb62/target/ec0caa91/1296d6b9/jmh-core-1.37.jar)
[info] WARNING: Please consider reporting this to the maintainers of class org.openjdk.jmh.util.Utils
[info] WARNING: sun.misc.Unsafe::objectFieldOffset will be removed in a future release
[info] # Warmup Iteration   1: 2434,879 ops/s
[info] # Warmup Iteration   2: 3644,989 ops/s
[info] # Warmup Iteration   3: 3897,843 ops/s
[info] # Warmup Iteration   4: 3945,803 ops/s
[info] # Warmup Iteration   5: 3992,659 ops/s
[info] Iteration   1: 3977,393 ops/s
[info]                  gc.alloc.rate:      5258,518 MB/sec
[info]                  gc.alloc.rate.norm: 1386477,403 B/op
[info]                  gc.count:           4,000 counts
[info]                  gc.time:            3,000 ms
[info] Iteration   2: 3831,093 ops/s
[info]                  gc.alloc.rate:      5065,095 MB/sec
[info]                  gc.alloc.rate.norm: 1386478,261 B/op
[info]                  gc.count:           4,000 counts
[info]                  gc.time:            3,000 ms
[info] Iteration   3: 3907,331 ops/s
[info]                  gc.alloc.rate:      5165,867 MB/sec
[info]                  gc.alloc.rate.norm: 1386477,704 B/op
[info]                  gc.count:           4,000 counts
[info]                  gc.time:            4,000 ms
[info] Iteration   4: 3893,219 ops/s
[info]                  gc.alloc.rate:      5146,973 MB/sec
[info]                  gc.alloc.rate.norm: 1386480,684 B/op
[info]                  gc.count:           5,000 counts
[info]                  gc.time:            4,000 ms
[info] Iteration   5: 3961,887 ops/s
[info]                  gc.alloc.rate:      5237,915 MB/sec
[info]                  gc.alloc.rate.norm: 1386477,085 B/op
[info]                  gc.count:           4,000 counts
[info]                  gc.time:            3,000 ms
[info] # Run progress: 33,33% complete, ETA 00:22:26
[info] # Fork: 3 of 3
[info] WARNING: A terminally deprecated method in sun.misc.Unsafe has been called
[info] WARNING: sun.misc.Unsafe::objectFieldOffset has been called by org.openjdk.jmh.util.Utils (file:/Users/stas/projects/scala-effect-bench/target/bg-jobs/sbt_1a5ffb62/target/ec0caa91/1296d6b9/jmh-core-1.37.jar)
[info] WARNING: Please consider reporting this to the maintainers of class org.openjdk.jmh.util.Utils
[info] WARNING: sun.misc.Unsafe::objectFieldOffset will be removed in a future release
[info] # Warmup Iteration   1: 2399,166 ops/s
[info] # Warmup Iteration   2: 3788,497 ops/s
[info] # Warmup Iteration   3: 3960,637 ops/s
[info] # Warmup Iteration   4: 3924,904 ops/s
[info] # Warmup Iteration   5: 3948,265 ops/s
[info] Iteration   1: 3972,498 ops/s
[info]                  gc.alloc.rate:      5252,083 MB/sec
[info]                  gc.alloc.rate.norm: 1386485,163 B/op
[info]                  gc.count:           4,000 counts
[info]                  gc.time:            3,000 ms
[info] Iteration   2: 3947,079 ops/s
[info]                  gc.alloc.rate:      5218,504 MB/sec
[info]                  gc.alloc.rate.norm: 1386486,129 B/op
[info]                  gc.count:           4,000 counts
[info]                  gc.time:            4,000 ms
[info] Iteration   3: 3919,558 ops/s
[info]                  gc.alloc.rate:      5182,127 MB/sec
[info]                  gc.alloc.rate.norm: 1386488,098 B/op
[info]                  gc.count:           5,000 counts
[info]                  gc.time:            4,000 ms
[info] Iteration   4: 3978,615 ops/s
[info]                  gc.alloc.rate:      5260,189 MB/sec
[info]                  gc.alloc.rate.norm: 1386485,437 B/op
[info]                  gc.count:           4,000 counts
[info]                  gc.time:            3,000 ms
[info] Iteration   5: 4019,680 ops/s
[info]                  gc.alloc.rate:      5314,369 MB/sec
[info]                  gc.alloc.rate.norm: 1386486,067 B/op
[info]                  gc.count:           4,000 counts
[info]                  gc.time:            4,000 ms
[info] Result "bench.matched.ParallelBench.ceWorkers":
[info]   3910,192 ±(99.9%) 139,194 ops/s [Average]
[info]   (min, avg, max) = (3469,020, 3910,192, 4019,680), stdev = 130,202
[info]   CI (99.9%): [3770,997, 4049,386] (assumes normal distribution)
[info] Secondary result "bench.matched.ParallelBench.ceWorkers:gc.alloc.rate":
[info]   5169,624 ±(99.9%) 184,057 MB/sec [Average]
[info]   (min, avg, max) = (4586,250, 5169,624, 5314,369), stdev = 172,167
[info]   CI (99.9%): [4985,567, 5353,681] (assumes normal distribution)
[info] Secondary result "bench.matched.ParallelBench.ceWorkers:gc.alloc.rate.norm":
[info]   1386481,591 ±(99.9%) 5,345 B/op [Average]
[info]   (min, avg, max) = (1386476,764, 1386481,591, 1386491,852), stdev = 5,000
[info]   CI (99.9%): [1386476,246, 1386486,936] (assumes normal distribution)
[info] Secondary result "bench.matched.ParallelBench.ceWorkers:gc.count":
[info]   63,000 ±(99.9%) 0,001 counts [Sum]
[info]   (min, avg, max) = (4,000, 4,200, 5,000), stdev = 0,414
[info]   CI (99.9%): [63,000, 63,000] (assumes normal distribution)
[info] Secondary result "bench.matched.ParallelBench.ceWorkers:gc.time":
[info]   53,000 ±(99.9%) 0,001 ms [Sum]
[info]   (min, avg, max) = (3,000, 3,533, 4,000), stdev = 0,516
[info]   CI (99.9%): [53,000, 53,000] (assumes normal distribution)
[info] # JMH version: 1.37
[info] # VM version: JDK 25.0.3, Java HotSpot(TM) 64-Bit Server VM, 25.0.3+9-LTS-195
[info] # VM invoker: /Users/stas/.sdkman/candidates/java/25.0.3-oracle/bin/java
[info] # VM options: --add-opens=java.base/java.lang=ALL-UNNAMED -Xms2g -Xmx2g -XX:+UseG1GC
[info] # Blackhole mode: compiler (auto-detected, use -Djmh.blackhole.autoDetect=false to disable)
[info] # Warmup: 5 iterations, 1 s each
[info] # Measurement: 5 iterations, 1 s each
[info] # Timeout: 10 min per iteration
[info] # Threads: 1 thread, will synchronize iterations
[info] # Benchmark mode: Throughput, ops/time
[info] # Benchmark: bench.matched.ParallelBench.ceWorkers
[info] # Parameters: (parallelism = 8, size = 4096, work = 64)
[info] # Run progress: 34,09% complete, ETA 00:22:10
[info] # Fork: 1 of 3
[info] WARNING: A terminally deprecated method in sun.misc.Unsafe has been called
[info] WARNING: sun.misc.Unsafe::objectFieldOffset has been called by org.openjdk.jmh.util.Utils (file:/Users/stas/projects/scala-effect-bench/target/bg-jobs/sbt_1a5ffb62/target/ec0caa91/1296d6b9/jmh-core-1.37.jar)
[info] WARNING: Please consider reporting this to the maintainers of class org.openjdk.jmh.util.Utils
[info] WARNING: sun.misc.Unsafe::objectFieldOffset will be removed in a future release
[info] # Warmup Iteration   1: 1701,797 ops/s
[info] # Warmup Iteration   2: 2849,199 ops/s
[info] # Warmup Iteration   3: 3059,734 ops/s
[info] # Warmup Iteration   4: 2952,603 ops/s
[info] # Warmup Iteration   5: 3097,217 ops/s
[info] Iteration   1: 3176,198 ops/s
[info]                  gc.alloc.rate:      4211,464 MB/sec
[info]                  gc.alloc.rate.norm: 1390503,454 B/op
[info]                  gc.count:           3,000 counts
[info]                  gc.time:            3,000 ms
[info] Iteration   2: 3040,976 ops/s
[info]                  gc.alloc.rate:      4031,719 MB/sec
[info]                  gc.alloc.rate.norm: 1390506,989 B/op
[info]                  gc.count:           4,000 counts
[info]                  gc.time:            3,000 ms
[info] Iteration   3: 3171,699 ops/s
[info]                  gc.alloc.rate:      4205,393 MB/sec
[info]                  gc.alloc.rate.norm: 1390501,107 B/op
[info]                  gc.count:           3,000 counts
[info]                  gc.time:            3,000 ms
[info] Iteration   4: 3169,403 ops/s
[info]                  gc.alloc.rate:      4202,460 MB/sec
[info]                  gc.alloc.rate.norm: 1390501,994 B/op
[info]                  gc.count:           4,000 counts
[info]                  gc.time:            3,000 ms
[info] Iteration   5: 3173,641 ops/s
[info]                  gc.alloc.rate:      4207,916 MB/sec
[info]                  gc.alloc.rate.norm: 1390502,066 B/op
[info]                  gc.count:           3,000 counts
[info]                  gc.time:            3,000 ms
[info] # Run progress: 34,85% complete, ETA 00:21:55
[info] # Fork: 2 of 3
[info] WARNING: A terminally deprecated method in sun.misc.Unsafe has been called
[info] WARNING: sun.misc.Unsafe::objectFieldOffset has been called by org.openjdk.jmh.util.Utils (file:/Users/stas/projects/scala-effect-bench/target/bg-jobs/sbt_1a5ffb62/target/ec0caa91/1296d6b9/jmh-core-1.37.jar)
[info] WARNING: Please consider reporting this to the maintainers of class org.openjdk.jmh.util.Utils
[info] WARNING: sun.misc.Unsafe::objectFieldOffset will be removed in a future release
[info] # Warmup Iteration   1: 1730,582 ops/s
[info] # Warmup Iteration   2: 2732,159 ops/s
[info] # Warmup Iteration   3: 2909,480 ops/s
[info] # Warmup Iteration   4: 2918,049 ops/s
[info] # Warmup Iteration   5: 3122,091 ops/s
[info] Iteration   1: 3144,138 ops/s
[info]                  gc.alloc.rate:      4168,843 MB/sec
[info]                  gc.alloc.rate.norm: 1390503,438 B/op
[info]                  gc.count:           3,000 counts
[info]                  gc.time:            3,000 ms
[info] Iteration   2: 3127,180 ops/s
[info]                  gc.alloc.rate:      4146,459 MB/sec
[info]                  gc.alloc.rate.norm: 1390504,038 B/op
[info]                  gc.count:           4,000 counts
[info]                  gc.time:            4,000 ms
[info] Iteration   3: 3169,515 ops/s
[info]                  gc.alloc.rate:      4202,486 MB/sec
[info]                  gc.alloc.rate.norm: 1390502,272 B/op
[info]                  gc.count:           3,000 counts
[info]                  gc.time:            2,000 ms
[info] Iteration   4: 3077,523 ops/s
[info]                  gc.alloc.rate:      4080,603 MB/sec
[info]                  gc.alloc.rate.norm: 1390504,977 B/op
[info]                  gc.count:           3,000 counts
[info]                  gc.time:            3,000 ms
[info] Iteration   5: 3029,222 ops/s
[info]                  gc.alloc.rate:      4016,409 MB/sec
[info]                  gc.alloc.rate.norm: 1390506,162 B/op
[info]                  gc.count:           4,000 counts
[info]                  gc.time:            3,000 ms
[info] # Run progress: 35,61% complete, ETA 00:21:40
[info] # Fork: 3 of 3
[info] WARNING: A terminally deprecated method in sun.misc.Unsafe has been called
[info] WARNING: sun.misc.Unsafe::objectFieldOffset has been called by org.openjdk.jmh.util.Utils (file:/Users/stas/projects/scala-effect-bench/target/bg-jobs/sbt_1a5ffb62/target/ec0caa91/1296d6b9/jmh-core-1.37.jar)
[info] WARNING: Please consider reporting this to the maintainers of class org.openjdk.jmh.util.Utils
[info] WARNING: sun.misc.Unsafe::objectFieldOffset will be removed in a future release
[info] # Warmup Iteration   1: 1872,915 ops/s
[info] # Warmup Iteration   2: 2817,312 ops/s
[info] # Warmup Iteration   3: 3034,367 ops/s
[info] # Warmup Iteration   4: 3146,001 ops/s
[info] # Warmup Iteration   5: 3147,068 ops/s
[info] Iteration   1: 3170,824 ops/s
[info]                  gc.alloc.rate:      4204,528 MB/sec
[info]                  gc.alloc.rate.norm: 1390550,085 B/op
[info]                  gc.count:           4,000 counts
[info]                  gc.time:            4,000 ms
[info] Iteration   2: 3118,466 ops/s
[info]                  gc.alloc.rate:      4134,974 MB/sec
[info]                  gc.alloc.rate.norm: 1390549,674 B/op
[info]                  gc.count:           3,000 counts
[info]                  gc.time:            2,000 ms
[info] Iteration   3: 3140,288 ops/s
[info]                  gc.alloc.rate:      4164,004 MB/sec
[info]                  gc.alloc.rate.norm: 1390550,008 B/op
[info]                  gc.count:           4,000 counts
[info]                  gc.time:            4,000 ms
[info] Iteration   4: 3162,915 ops/s
[info]                  gc.alloc.rate:      4193,952 MB/sec
[info]                  gc.alloc.rate.norm: 1390550,669 B/op
[info]                  gc.count:           3,000 counts
[info]                  gc.time:            2,000 ms
[info] Iteration   5: 3179,278 ops/s
[info]                  gc.alloc.rate:      4214,462 MB/sec
[info]                  gc.alloc.rate.norm: 1390549,812 B/op
[info]                  gc.count:           4,000 counts
[info]                  gc.time:            3,000 ms
[info] Result "bench.matched.ParallelBench.ceWorkers":
[info]   3136,751 ±(99.9%) 53,199 ops/s [Average]
[info]   (min, avg, max) = (3029,222, 3136,751, 3179,278), stdev = 49,763
[info]   CI (99.9%): [3083,552, 3189,950] (assumes normal distribution)
[info] Secondary result "bench.matched.ParallelBench.ceWorkers:gc.alloc.rate":
[info]   4159,045 ±(99.9%) 70,557 MB/sec [Average]
[info]   (min, avg, max) = (4016,409, 4159,045, 4214,462), stdev = 65,999
[info]   CI (99.9%): [4088,487, 4229,602] (assumes normal distribution)
[info] Secondary result "bench.matched.ParallelBench.ceWorkers:gc.alloc.rate.norm":
[info]   1390519,116 ±(99.9%) 24,261 B/op [Average]
[info]   (min, avg, max) = (1390501,107, 1390519,116, 1390550,669), stdev = 22,694
[info]   CI (99.9%): [1390494,855, 1390543,377] (assumes normal distribution)
[info] Secondary result "bench.matched.ParallelBench.ceWorkers:gc.count":
[info]   52,000 ±(99.9%) 0,001 counts [Sum]
[info]   (min, avg, max) = (3,000, 3,467, 4,000), stdev = 0,516
[info]   CI (99.9%): [52,000, 52,000] (assumes normal distribution)
[info] Secondary result "bench.matched.ParallelBench.ceWorkers:gc.time":
[info]   45,000 ±(99.9%) 0,001 ms [Sum]
[info]   (min, avg, max) = (2,000, 3,000, 4,000), stdev = 0,655
[info]   CI (99.9%): [45,000, 45,000] (assumes normal distribution)
[info] # JMH version: 1.37
[info] # VM version: JDK 25.0.3, Java HotSpot(TM) 64-Bit Server VM, 25.0.3+9-LTS-195
[info] # VM invoker: /Users/stas/.sdkman/candidates/java/25.0.3-oracle/bin/java
[info] # VM options: --add-opens=java.base/java.lang=ALL-UNNAMED -Xms2g -Xmx2g -XX:+UseG1GC
[info] # Blackhole mode: compiler (auto-detected, use -Djmh.blackhole.autoDetect=false to disable)
[info] # Warmup: 5 iterations, 1 s each
[info] # Measurement: 5 iterations, 1 s each
[info] # Timeout: 10 min per iteration
[info] # Threads: 1 thread, will synchronize iterations
[info] # Benchmark mode: Throughput, ops/time
[info] # Benchmark: bench.matched.ParallelBench.kyoCollectSuccesses
[info] # Parameters: (parallelism = 8, size = 4096, work = 0)
[info] # Run progress: 36,36% complete, ETA 00:21:24
[info] # Fork: 1 of 3
[info] WARNING: A terminally deprecated method in sun.misc.Unsafe has been called
[info] WARNING: sun.misc.Unsafe::objectFieldOffset has been called by org.openjdk.jmh.util.Utils (file:/Users/stas/projects/scala-effect-bench/target/bg-jobs/sbt_1a5ffb62/target/ec0caa91/1296d6b9/jmh-core-1.37.jar)
[info] WARNING: Please consider reporting this to the maintainers of class org.openjdk.jmh.util.Utils
[info] WARNING: sun.misc.Unsafe::objectFieldOffset will be removed in a future release
[info] # Warmup Iteration   1: 575,022 ops/s
[info] # Warmup Iteration   2: 885,987 ops/s
[info] # Warmup Iteration   3: 907,369 ops/s
[info] # Warmup Iteration   4: 911,877 ops/s
[info] # Warmup Iteration   5: 910,969 ops/s
[info] Iteration   1: 899,780 ops/s
[info]                  gc.alloc.rate:      3798,047 MB/sec
[info]                  gc.alloc.rate.norm: 4426627,694 B/op
[info]                  gc.count:           3,000 counts
[info]                  gc.time:            4,000 ms
[info] Iteration   2: 887,926 ops/s
[info]                  gc.alloc.rate:      3748,053 MB/sec
[info]                  gc.alloc.rate.norm: 4426841,294 B/op
[info]                  gc.count:           3,000 counts
[info]                  gc.time:            3,000 ms
[info] Iteration   3: 893,237 ops/s
[info]                  gc.alloc.rate:      3770,750 MB/sec
[info]                  gc.alloc.rate.norm: 4426967,251 B/op
[info]                  gc.count:           3,000 counts
[info]                  gc.time:            4,000 ms
[info] Iteration   4: 917,516 ops/s
[info]                  gc.alloc.rate:      3872,928 MB/sec
[info]                  gc.alloc.rate.norm: 4426570,431 B/op
[info]                  gc.count:           3,000 counts
[info]                  gc.time:            4,000 ms
[info] Iteration   5: 917,239 ops/s
[info]                  gc.alloc.rate:      3872,048 MB/sec
[info]                  gc.alloc.rate.norm: 4427022,659 B/op
[info]                  gc.count:           3,000 counts
[info]                  gc.time:            3,000 ms
[info] # Run progress: 37,12% complete, ETA 00:21:09
[info] # Fork: 2 of 3
[info] WARNING: A terminally deprecated method in sun.misc.Unsafe has been called
[info] WARNING: sun.misc.Unsafe::objectFieldOffset has been called by org.openjdk.jmh.util.Utils (file:/Users/stas/projects/scala-effect-bench/target/bg-jobs/sbt_1a5ffb62/target/ec0caa91/1296d6b9/jmh-core-1.37.jar)
[info] WARNING: Please consider reporting this to the maintainers of class org.openjdk.jmh.util.Utils
[info] WARNING: sun.misc.Unsafe::objectFieldOffset will be removed in a future release
[info] # Warmup Iteration   1: 514,042 ops/s
[info] # Warmup Iteration   2: 862,424 ops/s
[info] # Warmup Iteration   3: 898,431 ops/s
[info] # Warmup Iteration   4: 883,642 ops/s
[info] # Warmup Iteration   5: 898,657 ops/s
[info] Iteration   1: 882,538 ops/s
[info]                  gc.alloc.rate:      3725,307 MB/sec
[info]                  gc.alloc.rate.norm: 4426625,237 B/op
[info]                  gc.count:           3,000 counts
[info]                  gc.time:            5,000 ms
[info] Iteration   2: 867,046 ops/s
[info]                  gc.alloc.rate:      3659,814 MB/sec
[info]                  gc.alloc.rate.norm: 4426611,411 B/op
[info]                  gc.count:           3,000 counts
[info]                  gc.time:            3,000 ms
[info] Iteration   3: 887,822 ops/s
[info]                  gc.alloc.rate:      3747,582 MB/sec
[info]                  gc.alloc.rate.norm: 4426666,243 B/op
[info]                  gc.count:           3,000 counts
[info]                  gc.time:            3,000 ms
[info] Iteration   4: 890,296 ops/s
[info]                  gc.alloc.rate:      3757,992 MB/sec
[info]                  gc.alloc.rate.norm: 4426568,951 B/op
[info]                  gc.count:           3,000 counts
[info]                  gc.time:            4,000 ms
[info] Iteration   5: 892,527 ops/s
[info]                  gc.alloc.rate:      3767,374 MB/sec
[info]                  gc.alloc.rate.norm: 4426567,643 B/op
[info]                  gc.count:           3,000 counts
[info]                  gc.time:            4,000 ms
[info] # Run progress: 37,88% complete, ETA 00:20:54
[info] # Fork: 3 of 3
[info] WARNING: A terminally deprecated method in sun.misc.Unsafe has been called
[info] WARNING: sun.misc.Unsafe::objectFieldOffset has been called by org.openjdk.jmh.util.Utils (file:/Users/stas/projects/scala-effect-bench/target/bg-jobs/sbt_1a5ffb62/target/ec0caa91/1296d6b9/jmh-core-1.37.jar)
[info] WARNING: Please consider reporting this to the maintainers of class org.openjdk.jmh.util.Utils
[info] WARNING: sun.misc.Unsafe::objectFieldOffset will be removed in a future release
[info] # Warmup Iteration   1: 527,221 ops/s
[info] # Warmup Iteration   2: 856,326 ops/s
[info] # Warmup Iteration   3: 895,212 ops/s
[info] # Warmup Iteration   4: 898,168 ops/s
[info] # Warmup Iteration   5: 889,692 ops/s
[info] Iteration   1: 889,584 ops/s
[info]                  gc.alloc.rate:      3755,004 MB/sec
[info]                  gc.alloc.rate.norm: 4426622,123 B/op
[info]                  gc.count:           3,000 counts
[info]                  gc.time:            4,000 ms
[info] Iteration   2: 886,511 ops/s
[info]                  gc.alloc.rate:      3742,379 MB/sec
[info]                  gc.alloc.rate.norm: 4426998,689 B/op
[info]                  gc.count:           3,000 counts
[info]                  gc.time:            3,000 ms
[info] Iteration   3: 904,404 ops/s
[info]                  gc.alloc.rate:      3817,842 MB/sec
[info]                  gc.alloc.rate.norm: 4427039,692 B/op
[info]                  gc.count:           4,000 counts
[info]                  gc.time:            5,000 ms
[info] Iteration   4: 902,675 ops/s
[info]                  gc.alloc.rate:      3810,239 MB/sec
[info]                  gc.alloc.rate.norm: 4426567,938 B/op
[info]                  gc.count:           3,000 counts
[info]                  gc.time:            4,000 ms
[info] Iteration   5: 889,806 ops/s
[info]                  gc.alloc.rate:      3756,334 MB/sec
[info]                  gc.alloc.rate.norm: 4427186,118 B/op
[info]                  gc.count:           3,000 counts
[info]                  gc.time:            4,000 ms
[info] Result "bench.matched.ParallelBench.kyoCollectSuccesses":
[info]   893,927 ±(99.9%) 13,858 ops/s [Average]
[info]   (min, avg, max) = (867,046, 893,927, 917,516), stdev = 12,963
[info]   CI (99.9%): [880,069, 907,785] (assumes normal distribution)
[info] Secondary result "bench.matched.ParallelBench.kyoCollectSuccesses:gc.alloc.rate":
[info]   3773,446 ±(99.9%) 58,536 MB/sec [Average]
[info]   (min, avg, max) = (3659,814, 3773,446, 3872,928), stdev = 54,755
[info]   CI (99.9%): [3714,910, 3831,983] (assumes normal distribution)
[info] Secondary result "bench.matched.ParallelBench.kyoCollectSuccesses:gc.alloc.rate.norm":
[info]   4426765,558 ±(99.9%) 233,300 B/op [Average]
[info]   (min, avg, max) = (4426567,643, 4426765,558, 4427186,118), stdev = 218,229
[info]   CI (99.9%): [4426532,258, 4426998,859] (assumes normal distribution)
[info] Secondary result "bench.matched.ParallelBench.kyoCollectSuccesses:gc.count":
[info]   46,000 ±(99.9%) 0,001 counts [Sum]
[info]   (min, avg, max) = (3,000, 3,067, 4,000), stdev = 0,258
[info]   CI (99.9%): [46,000, 46,000] (assumes normal distribution)
[info] Secondary result "bench.matched.ParallelBench.kyoCollectSuccesses:gc.time":
[info]   57,000 ±(99.9%) 0,001 ms [Sum]
[info]   (min, avg, max) = (3,000, 3,800, 5,000), stdev = 0,676
[info]   CI (99.9%): [57,000, 57,000] (assumes normal distribution)
[info] # JMH version: 1.37
[info] # VM version: JDK 25.0.3, Java HotSpot(TM) 64-Bit Server VM, 25.0.3+9-LTS-195
[info] # VM invoker: /Users/stas/.sdkman/candidates/java/25.0.3-oracle/bin/java
[info] # VM options: --add-opens=java.base/java.lang=ALL-UNNAMED -Xms2g -Xmx2g -XX:+UseG1GC
[info] # Blackhole mode: compiler (auto-detected, use -Djmh.blackhole.autoDetect=false to disable)
[info] # Warmup: 5 iterations, 1 s each
[info] # Measurement: 5 iterations, 1 s each
[info] # Timeout: 10 min per iteration
[info] # Threads: 1 thread, will synchronize iterations
[info] # Benchmark mode: Throughput, ops/time
[info] # Benchmark: bench.matched.ParallelBench.kyoCollectSuccesses
[info] # Parameters: (parallelism = 8, size = 4096, work = 64)
[info] # Run progress: 38,64% complete, ETA 00:20:38
[info] # Fork: 1 of 3
[info] WARNING: A terminally deprecated method in sun.misc.Unsafe has been called
[info] WARNING: sun.misc.Unsafe::objectFieldOffset has been called by org.openjdk.jmh.util.Utils (file:/Users/stas/projects/scala-effect-bench/target/bg-jobs/sbt_1a5ffb62/target/ec0caa91/1296d6b9/jmh-core-1.37.jar)
[info] WARNING: Please consider reporting this to the maintainers of class org.openjdk.jmh.util.Utils
[info] WARNING: sun.misc.Unsafe::objectFieldOffset will be removed in a future release
[info] # Warmup Iteration   1: 382,660 ops/s
[info] # Warmup Iteration   2: 593,223 ops/s
[info] # Warmup Iteration   3: 604,118 ops/s
[info] # Warmup Iteration   4: 630,300 ops/s
[info] # Warmup Iteration   5: 621,004 ops/s
[info] Iteration   1: 621,597 ops/s
[info]                  gc.alloc.rate:      2626,222 MB/sec
[info]                  gc.alloc.rate.norm: 4430704,179 B/op
[info]                  gc.count:           2,000 counts
[info]                  gc.time:            4,000 ms
[info] Iteration   2: 626,142 ops/s
[info]                  gc.alloc.rate:      2645,519 MB/sec
[info]                  gc.alloc.rate.norm: 4430901,563 B/op
[info]                  gc.count:           2,000 counts
[info]                  gc.time:            4,000 ms
[info] Iteration   3: 627,375 ops/s
[info]                  gc.alloc.rate:      2650,679 MB/sec
[info]                  gc.alloc.rate.norm: 4430669,172 B/op
[info]                  gc.count:           2,000 counts
[info]                  gc.time:            4,000 ms
[info] Iteration   4: 622,035 ops/s
[info]                  gc.alloc.rate:      2628,075 MB/sec
[info]                  gc.alloc.rate.norm: 4430668,019 B/op
[info]                  gc.count:           3,000 counts
[info]                  gc.time:            4,000 ms
[info] Iteration   5: 620,988 ops/s
[info]                  gc.alloc.rate:      2623,687 MB/sec
[info]                  gc.alloc.rate.norm: 4430755,213 B/op
[info]                  gc.count:           2,000 counts
[info]                  gc.time:            2,000 ms
[info] # Run progress: 39,39% complete, ETA 00:20:23
[info] # Fork: 2 of 3
[info] WARNING: A terminally deprecated method in sun.misc.Unsafe has been called
[info] WARNING: sun.misc.Unsafe::objectFieldOffset has been called by org.openjdk.jmh.util.Utils (file:/Users/stas/projects/scala-effect-bench/target/bg-jobs/sbt_1a5ffb62/target/ec0caa91/1296d6b9/jmh-core-1.37.jar)
[info] WARNING: Please consider reporting this to the maintainers of class org.openjdk.jmh.util.Utils
[info] WARNING: sun.misc.Unsafe::objectFieldOffset will be removed in a future release
[info] # Warmup Iteration   1: 394,391 ops/s
[info] # Warmup Iteration   2: 573,333 ops/s
[info] # Warmup Iteration   3: 558,236 ops/s
[info] # Warmup Iteration   4: 623,665 ops/s
[info] # Warmup Iteration   5: 627,557 ops/s
[info] Iteration   1: 627,462 ops/s
[info]                  gc.alloc.rate:      2651,042 MB/sec
[info]                  gc.alloc.rate.norm: 4430731,720 B/op
[info]                  gc.count:           2,000 counts
[info]                  gc.time:            4,000 ms
[info] Iteration   2: 622,656 ops/s
[info]                  gc.alloc.rate:      2630,750 MB/sec
[info]                  gc.alloc.rate.norm: 4430796,915 B/op
[info]                  gc.count:           2,000 counts
[info]                  gc.time:            3,000 ms
[info] Iteration   3: 616,022 ops/s
[info]                  gc.alloc.rate:      2602,698 MB/sec
[info]                  gc.alloc.rate.norm: 4430673,089 B/op
[info]                  gc.count:           2,000 counts
[info]                  gc.time:            3,000 ms
[info] Iteration   4: 625,410 ops/s
[info]                  gc.alloc.rate:      2642,371 MB/sec
[info]                  gc.alloc.rate.norm: 4430671,898 B/op
[info]                  gc.count:           2,000 counts
[info]                  gc.time:            3,000 ms
[info] Iteration   5: 617,141 ops/s
[info]                  gc.alloc.rate:      2607,417 MB/sec
[info]                  gc.alloc.rate.norm: 4430763,399 B/op
[info]                  gc.count:           3,000 counts
[info]                  gc.time:            3,000 ms
[info] # Run progress: 40,15% complete, ETA 00:20:08
[info] # Fork: 3 of 3
[info] WARNING: A terminally deprecated method in sun.misc.Unsafe has been called
[info] WARNING: sun.misc.Unsafe::objectFieldOffset has been called by org.openjdk.jmh.util.Utils (file:/Users/stas/projects/scala-effect-bench/target/bg-jobs/sbt_1a5ffb62/target/ec0caa91/1296d6b9/jmh-core-1.37.jar)
[info] WARNING: Please consider reporting this to the maintainers of class org.openjdk.jmh.util.Utils
[info] WARNING: sun.misc.Unsafe::objectFieldOffset will be removed in a future release
[info] # Warmup Iteration   1: 390,435 ops/s
[info] # Warmup Iteration   2: 596,406 ops/s
[info] # Warmup Iteration   3: 614,400 ops/s
[info] # Warmup Iteration   4: 617,253 ops/s
[info] # Warmup Iteration   5: 612,627 ops/s
[info] Iteration   1: 645,657 ops/s
[info]                  gc.alloc.rate:      2788,435 MB/sec
[info]                  gc.alloc.rate.norm: 4529045,049 B/op
[info]                  gc.count:           2,000 counts
[info]                  gc.time:            4,000 ms
[info] Iteration   2: 630,972 ops/s
[info]                  gc.alloc.rate:      2725,312 MB/sec
[info]                  gc.alloc.rate.norm: 4529548,858 B/op
[info]                  gc.count:           3,000 counts
[info]                  gc.time:            7,000 ms
[info] Iteration   3: 563,672 ops/s
[info]                  gc.alloc.rate:      2434,511 MB/sec
[info]                  gc.alloc.rate.norm: 4529727,788 B/op
[info]                  gc.count:           2,000 counts
[info]                  gc.time:            2,000 ms
[info] Iteration   4: 624,874 ops/s
[info]                  gc.alloc.rate:      2698,589 MB/sec
[info]                  gc.alloc.rate.norm: 4528996,570 B/op
[info]                  gc.count:           2,000 counts
[info]                  gc.time:            2,000 ms
[info] Iteration   5: 599,208 ops/s
[info]                  gc.alloc.rate:      2588,203 MB/sec
[info]                  gc.alloc.rate.norm: 4529887,747 B/op
[info]                  gc.count:           2,000 counts
[info]                  gc.time:            2,000 ms
[info] Result "bench.matched.ParallelBench.kyoCollectSuccesses":
[info]   619,414 ±(99.9%) 19,417 ops/s [Average]
[info]   (min, avg, max) = (563,672, 619,414, 645,657), stdev = 18,162
[info]   CI (99.9%): [599,997, 638,831] (assumes normal distribution)
[info] Secondary result "bench.matched.ParallelBench.kyoCollectSuccesses:gc.alloc.rate":
[info]   2636,234 ±(99.9%) 81,241 MB/sec [Average]
[info]   (min, avg, max) = (2434,511, 2636,234, 2788,435), stdev = 75,993
[info]   CI (99.9%): [2554,993, 2717,475] (assumes normal distribution)
[info] Secondary result "bench.matched.ParallelBench.kyoCollectSuccesses:gc.alloc.rate.norm":
[info]   4463636,079 ±(99.9%) 51491,239 B/op [Average]
[info]   (min, avg, max) = (4430668,019, 4463636,079, 4529887,747), stdev = 48164,936
[info]   CI (99.9%): [4412144,840, 4515127,317] (assumes normal distribution)
[info] Secondary result "bench.matched.ParallelBench.kyoCollectSuccesses:gc.count":
[info]   33,000 ±(99.9%) 0,001 counts [Sum]
[info]   (min, avg, max) = (2,000, 2,200, 3,000), stdev = 0,414
[info]   CI (99.9%): [33,000, 33,000] (assumes normal distribution)
[info] Secondary result "bench.matched.ParallelBench.kyoCollectSuccesses:gc.time":
[info]   51,000 ±(99.9%) 0,001 ms [Sum]
[info]   (min, avg, max) = (2,000, 3,400, 7,000), stdev = 1,298
[info]   CI (99.9%): [51,000, 51,000] (assumes normal distribution)
[info] # JMH version: 1.37
[info] # VM version: JDK 25.0.3, Java HotSpot(TM) 64-Bit Server VM, 25.0.3+9-LTS-195
[info] # VM invoker: /Users/stas/.sdkman/candidates/java/25.0.3-oracle/bin/java
[info] # VM options: --add-opens=java.base/java.lang=ALL-UNNAMED -Xms2g -Xmx2g -XX:+UseG1GC
[info] # Blackhole mode: compiler (auto-detected, use -Djmh.blackhole.autoDetect=false to disable)
[info] # Warmup: 5 iterations, 1 s each
[info] # Measurement: 5 iterations, 1 s each
[info] # Timeout: 10 min per iteration
[info] # Threads: 1 thread, will synchronize iterations
[info] # Benchmark mode: Throughput, ops/time
[info] # Benchmark: bench.matched.ParallelBench.kyoWorkers
[info] # Parameters: (parallelism = 8, size = 4096, work = 0)
[info] # Run progress: 40,91% complete, ETA 00:19:52
[info] # Fork: 1 of 3
[info] WARNING: A terminally deprecated method in sun.misc.Unsafe has been called
[info] WARNING: sun.misc.Unsafe::objectFieldOffset has been called by org.openjdk.jmh.util.Utils (file:/Users/stas/projects/scala-effect-bench/target/bg-jobs/sbt_1a5ffb62/target/ec0caa91/1296d6b9/jmh-core-1.37.jar)
[info] WARNING: Please consider reporting this to the maintainers of class org.openjdk.jmh.util.Utils
[info] WARNING: sun.misc.Unsafe::objectFieldOffset will be removed in a future release
[info] # Warmup Iteration   1: 2671,507 ops/s
[info] # Warmup Iteration   2: 4442,263 ops/s
[info] # Warmup Iteration   3: 4488,748 ops/s
[info] # Warmup Iteration   4: 4458,127 ops/s
[info] # Warmup Iteration   5: 4430,018 ops/s
[info] Iteration   1: 4457,334 ops/s
[info]                  gc.alloc.rate:      6718,241 MB/sec
[info]                  gc.alloc.rate.norm: 1580596,902 B/op
[info]                  gc.count:           6,000 counts
[info]                  gc.time:            5,000 ms
[info] Iteration   2: 4497,560 ops/s
[info]                  gc.alloc.rate:      6778,664 MB/sec
[info]                  gc.alloc.rate.norm: 1580596,884 B/op
[info]                  gc.count:           5,000 counts
[info]                  gc.time:            5,000 ms
[info] Iteration   3: 4541,809 ops/s
[info]                  gc.alloc.rate:      6845,530 MB/sec
[info]                  gc.alloc.rate.norm: 1580596,769 B/op
[info]                  gc.count:           6,000 counts
[info]                  gc.time:            5,000 ms
[info] Iteration   4: 4525,289 ops/s
[info]                  gc.alloc.rate:      6820,583 MB/sec
[info]                  gc.alloc.rate.norm: 1580596,854 B/op
[info]                  gc.count:           6,000 counts
[info]                  gc.time:            6,000 ms
[info] Iteration   5: 4506,208 ops/s
[info]                  gc.alloc.rate:      6791,821 MB/sec
[info]                  gc.alloc.rate.norm: 1580596,842 B/op
[info]                  gc.count:           5,000 counts
[info]                  gc.time:            5,000 ms
[info] # Run progress: 41,67% complete, ETA 00:19:37
[info] # Fork: 2 of 3
[info] WARNING: A terminally deprecated method in sun.misc.Unsafe has been called
[info] WARNING: sun.misc.Unsafe::objectFieldOffset has been called by org.openjdk.jmh.util.Utils (file:/Users/stas/projects/scala-effect-bench/target/bg-jobs/sbt_1a5ffb62/target/ec0caa91/1296d6b9/jmh-core-1.37.jar)
[info] WARNING: Please consider reporting this to the maintainers of class org.openjdk.jmh.util.Utils
[info] WARNING: sun.misc.Unsafe::objectFieldOffset will be removed in a future release
[info] # Warmup Iteration   1: 2598,451 ops/s
[info] # Warmup Iteration   2: 4387,261 ops/s
[info] # Warmup Iteration   3: 4528,386 ops/s
[info] # Warmup Iteration   4: 4421,557 ops/s
[info] # Warmup Iteration   5: 4495,730 ops/s
[info] Iteration   1: 4530,712 ops/s
[info]                  gc.alloc.rate:      6828,767 MB/sec
[info]                  gc.alloc.rate.norm: 1580580,790 B/op
[info]                  gc.count:           6,000 counts
[info]                  gc.time:            6,000 ms
[info] Iteration   2: 4489,138 ops/s
[info]                  gc.alloc.rate:      6766,020 MB/sec
[info]                  gc.alloc.rate.norm: 1580580,907 B/op
[info]                  gc.count:           5,000 counts
[info]                  gc.time:            5,000 ms
[info] Iteration   3: 4452,974 ops/s
[info]                  gc.alloc.rate:      6711,583 MB/sec
[info]                  gc.alloc.rate.norm: 1580581,077 B/op
[info]                  gc.count:           6,000 counts
[info]                  gc.time:            6,000 ms
[info] Iteration   4: 4325,335 ops/s
[info]                  gc.alloc.rate:      6518,896 MB/sec
[info]                  gc.alloc.rate.norm: 1580582,149 B/op
[info]                  gc.count:           5,000 counts
[info]                  gc.time:            4,000 ms
[info] Iteration   5: 4221,955 ops/s
[info]                  gc.alloc.rate:      6362,376 MB/sec
[info]                  gc.alloc.rate.norm: 1580581,255 B/op
[info]                  gc.count:           5,000 counts
[info]                  gc.time:            5,000 ms
[info] # Run progress: 42,42% complete, ETA 00:19:22
[info] # Fork: 3 of 3
[info] WARNING: A terminally deprecated method in sun.misc.Unsafe has been called
[info] WARNING: sun.misc.Unsafe::objectFieldOffset has been called by org.openjdk.jmh.util.Utils (file:/Users/stas/projects/scala-effect-bench/target/bg-jobs/sbt_1a5ffb62/target/ec0caa91/1296d6b9/jmh-core-1.37.jar)
[info] WARNING: Please consider reporting this to the maintainers of class org.openjdk.jmh.util.Utils
[info] WARNING: sun.misc.Unsafe::objectFieldOffset will be removed in a future release
[info] # Warmup Iteration   1: 2571,337 ops/s
[info] # Warmup Iteration   2: 3974,329 ops/s
[info] # Warmup Iteration   3: 4431,986 ops/s
[info] # Warmup Iteration   4: 3202,498 ops/s
[info] # Warmup Iteration   5: 4163,072 ops/s
[info] Iteration   1: 4538,588 ops/s
[info]                  gc.alloc.rate:      6839,785 MB/sec
[info]                  gc.alloc.rate.norm: 1580436,791 B/op
[info]                  gc.count:           5,000 counts
[info]                  gc.time:            5,000 ms
[info] Iteration   2: 4443,582 ops/s
[info]                  gc.alloc.rate:      6696,652 MB/sec
[info]                  gc.alloc.rate.norm: 1580438,588 B/op
[info]                  gc.count:           6,000 counts
[info]                  gc.time:            7,000 ms
[info] Iteration   3: 4488,176 ops/s
[info]                  gc.alloc.rate:      6764,017 MB/sec
[info]                  gc.alloc.rate.norm: 1580436,937 B/op
[info]                  gc.count:           5,000 counts
[info]                  gc.time:            5,000 ms
[info] Iteration   4: 3934,779 ops/s
[info]                  gc.alloc.rate:      5929,979 MB/sec
[info]                  gc.alloc.rate.norm: 1580437,496 B/op
[info]                  gc.count:           5,000 counts
[info]                  gc.time:            5,000 ms
[info] Iteration   5: 4309,556 ops/s
[info]                  gc.alloc.rate:      6494,581 MB/sec
[info]                  gc.alloc.rate.norm: 1580437,217 B/op
[info]                  gc.count:           6,000 counts
[info]                  gc.time:            6,000 ms
[info] Result "bench.matched.ParallelBench.kyoWorkers":
[info]   4417,533 ±(99.9%) 174,706 ops/s [Average]
[info]   (min, avg, max) = (3934,779, 4417,533, 4541,809), stdev = 163,420
[info]   CI (99.9%): [4242,827, 4592,239] (assumes normal distribution)
[info] Secondary result "bench.matched.ParallelBench.kyoWorkers:gc.alloc.rate":
[info]   6657,833 ±(99.9%) 263,519 MB/sec [Average]
[info]   (min, avg, max) = (5929,979, 6657,833, 6845,530), stdev = 246,495
[info]   CI (99.9%): [6394,314, 6921,352] (assumes normal distribution)
[info] Secondary result "bench.matched.ParallelBench.kyoWorkers:gc.alloc.rate.norm":
[info]   1580538,497 ±(99.9%) 79,417 B/op [Average]
[info]   (min, avg, max) = (1580436,791, 1580538,497, 1580596,902), stdev = 74,287
[info]   CI (99.9%): [1580459,080, 1580617,914] (assumes normal distribution)
[info] Secondary result "bench.matched.ParallelBench.kyoWorkers:gc.count":
[info]   82,000 ±(99.9%) 0,001 counts [Sum]
[info]   (min, avg, max) = (5,000, 5,467, 6,000), stdev = 0,516
[info]   CI (99.9%): [82,000, 82,000] (assumes normal distribution)
[info] Secondary result "bench.matched.ParallelBench.kyoWorkers:gc.time":
[info]   80,000 ±(99.9%) 0,001 ms [Sum]
[info]   (min, avg, max) = (4,000, 5,333, 7,000), stdev = 0,724
[info]   CI (99.9%): [80,000, 80,000] (assumes normal distribution)
[info] # JMH version: 1.37
[info] # VM version: JDK 25.0.3, Java HotSpot(TM) 64-Bit Server VM, 25.0.3+9-LTS-195
[info] # VM invoker: /Users/stas/.sdkman/candidates/java/25.0.3-oracle/bin/java
[info] # VM options: --add-opens=java.base/java.lang=ALL-UNNAMED -Xms2g -Xmx2g -XX:+UseG1GC
[info] # Blackhole mode: compiler (auto-detected, use -Djmh.blackhole.autoDetect=false to disable)
[info] # Warmup: 5 iterations, 1 s each
[info] # Measurement: 5 iterations, 1 s each
[info] # Timeout: 10 min per iteration
[info] # Threads: 1 thread, will synchronize iterations
[info] # Benchmark mode: Throughput, ops/time
[info] # Benchmark: bench.matched.ParallelBench.kyoWorkers
[info] # Parameters: (parallelism = 8, size = 4096, work = 64)
[info] # Run progress: 43,18% complete, ETA 00:19:06
[info] # Fork: 1 of 3
[info] WARNING: A terminally deprecated method in sun.misc.Unsafe has been called
[info] WARNING: sun.misc.Unsafe::objectFieldOffset has been called by org.openjdk.jmh.util.Utils (file:/Users/stas/projects/scala-effect-bench/target/bg-jobs/sbt_1a5ffb62/target/ec0caa91/1296d6b9/jmh-core-1.37.jar)
[info] WARNING: Please consider reporting this to the maintainers of class org.openjdk.jmh.util.Utils
[info] WARNING: sun.misc.Unsafe::objectFieldOffset will be removed in a future release
[info] # Warmup Iteration   1: 915,315 ops/s
[info] # Warmup Iteration   2: 1228,125 ops/s
[info] # Warmup Iteration   3: 1342,720 ops/s
[info] # Warmup Iteration   4: 1356,267 ops/s
[info] # Warmup Iteration   5: 1370,928 ops/s
[info] Iteration   1: 1380,278 ops/s
[info]                  gc.alloc.rate:      2166,803 MB/sec
[info]                  gc.alloc.rate.norm: 1646258,290 B/op
[info]                  gc.count:           2,000 counts
[info]                  gc.time:            3,000 ms
[info] Iteration   2: 1371,603 ops/s
[info]                  gc.alloc.rate:      2153,159 MB/sec
[info]                  gc.alloc.rate.norm: 1646242,500 B/op
[info]                  gc.count:           2,000 counts
[info]                  gc.time:            4,000 ms
[info] Iteration   3: 1383,904 ops/s
[info]                  gc.alloc.rate:      2172,502 MB/sec
[info]                  gc.alloc.rate.norm: 1646242,391 B/op
[info]                  gc.count:           1,000 counts
[info]                  gc.time:            2,000 ms
[info] Iteration   4: 1380,748 ops/s
[info]                  gc.alloc.rate:      2167,463 MB/sec
[info]                  gc.alloc.rate.norm: 1646242,617 B/op
[info]                  gc.count:           2,000 counts
[info]                  gc.time:            4,000 ms
[info] Iteration   5: 1369,356 ops/s
[info]                  gc.alloc.rate:      2149,588 MB/sec
[info]                  gc.alloc.rate.norm: 1646242,417 B/op
[info]                  gc.count:           2,000 counts
[info]                  gc.time:            2,000 ms
[info] # Run progress: 43,94% complete, ETA 00:18:51
[info] # Fork: 2 of 3
[info] WARNING: A terminally deprecated method in sun.misc.Unsafe has been called
[info] WARNING: sun.misc.Unsafe::objectFieldOffset has been called by org.openjdk.jmh.util.Utils (file:/Users/stas/projects/scala-effect-bench/target/bg-jobs/sbt_1a5ffb62/target/ec0caa91/1296d6b9/jmh-core-1.37.jar)
[info] WARNING: Please consider reporting this to the maintainers of class org.openjdk.jmh.util.Utils
[info] WARNING: sun.misc.Unsafe::objectFieldOffset will be removed in a future release
[info] # Warmup Iteration   1: 890,238 ops/s
[info] # Warmup Iteration   2: 1303,708 ops/s
[info] # Warmup Iteration   3: 1371,167 ops/s
[info] # Warmup Iteration   4: 1384,047 ops/s
[info] # Warmup Iteration   5: 1366,729 ops/s
[info] Iteration   1: 1366,110 ops/s
[info]                  gc.alloc.rate:      2061,650 MB/sec
[info]                  gc.alloc.rate.norm: 1582625,148 B/op
[info]                  gc.count:           2,000 counts
[info]                  gc.time:            3,000 ms
[info] Iteration   2: 1379,455 ops/s
[info]                  gc.alloc.rate:      2081,788 MB/sec
[info]                  gc.alloc.rate.norm: 1582624,145 B/op
[info]                  gc.count:           1,000 counts
[info]                  gc.time:            2,000 ms
[info] Iteration   3: 1420,330 ops/s
[info]                  gc.alloc.rate:      2143,507 MB/sec
[info]                  gc.alloc.rate.norm: 1582623,769 B/op
[info]                  gc.count:           2,000 counts
[info]                  gc.time:            4,000 ms
[info] Iteration   4: 1428,284 ops/s
[info]                  gc.alloc.rate:      2155,518 MB/sec
[info]                  gc.alloc.rate.norm: 1582623,710 B/op
[info]                  gc.count:           2,000 counts
[info]                  gc.time:            4,000 ms
[info] Iteration   5: 1431,213 ops/s
[info]                  gc.alloc.rate:      2159,896 MB/sec
[info]                  gc.alloc.rate.norm: 1582623,509 B/op
[info]                  gc.count:           2,000 counts
[info]                  gc.time:            2,000 ms
[info] # Run progress: 44,70% complete, ETA 00:18:36
[info] # Fork: 3 of 3
[info] WARNING: A terminally deprecated method in sun.misc.Unsafe has been called
[info] WARNING: sun.misc.Unsafe::objectFieldOffset has been called by org.openjdk.jmh.util.Utils (file:/Users/stas/projects/scala-effect-bench/target/bg-jobs/sbt_1a5ffb62/target/ec0caa91/1296d6b9/jmh-core-1.37.jar)
[info] WARNING: Please consider reporting this to the maintainers of class org.openjdk.jmh.util.Utils
[info] WARNING: sun.misc.Unsafe::objectFieldOffset will be removed in a future release
[info] # Warmup Iteration   1: 941,626 ops/s
[info] # Warmup Iteration   2: 1315,871 ops/s
[info] # Warmup Iteration   3: 1422,901 ops/s
[info] # Warmup Iteration   4: 1434,019 ops/s
[info] # Warmup Iteration   5: 1453,436 ops/s
[info] Iteration   1: 1451,100 ops/s
[info]                  gc.alloc.rate:      2189,918 MB/sec
[info]                  gc.alloc.rate.norm: 1582623,391 B/op
[info]                  gc.count:           2,000 counts
[info]                  gc.time:            3,000 ms
[info] Iteration   2: 1445,605 ops/s
[info]                  gc.alloc.rate:      2181,622 MB/sec
[info]                  gc.alloc.rate.norm: 1582623,466 B/op
[info]                  gc.count:           2,000 counts
[info]                  gc.time:            3,000 ms
[info] Iteration   3: 1457,329 ops/s
[info]                  gc.alloc.rate:      2199,348 MB/sec
[info]                  gc.alloc.rate.norm: 1582623,115 B/op
[info]                  gc.count:           1,000 counts
[info]                  gc.time:            1,000 ms
[info] Iteration   4: 1446,452 ops/s
[info]                  gc.alloc.rate:      2182,933 MB/sec
[info]                  gc.alloc.rate.norm: 1582623,349 B/op
[info]                  gc.count:           2,000 counts
[info]                  gc.time:            4,000 ms
[info] Iteration   5: 1452,721 ops/s
[info]                  gc.alloc.rate:      2192,326 MB/sec
[info]                  gc.alloc.rate.norm: 1582623,228 B/op
[info]                  gc.count:           2,000 counts
[info]                  gc.time:            2,000 ms
[info] Result "bench.matched.ParallelBench.kyoWorkers":
[info]   1410,966 ±(99.9%) 37,941 ops/s [Average]
[info]   (min, avg, max) = (1366,110, 1410,966, 1457,329), stdev = 35,490
[info]   CI (99.9%): [1373,025, 1448,907] (assumes normal distribution)
[info] Secondary result "bench.matched.ParallelBench.kyoWorkers:gc.alloc.rate":
[info]   2157,202 ±(99.9%) 41,266 MB/sec [Average]
[info]   (min, avg, max) = (2061,650, 2157,202, 2199,348), stdev = 38,600
[info]   CI (99.9%): [2115,935, 2198,468] (assumes normal distribution)
[info] Secondary result "bench.matched.ParallelBench.kyoWorkers:gc.alloc.rate.norm":
[info]   1603831,003 ±(99.9%) 33188,280 B/op [Average]
[info]   (min, avg, max) = (1582623,115, 1603831,003, 1646258,290), stdev = 31044,338
[info]   CI (99.9%): [1570642,723, 1637019,283] (assumes normal distribution)
[info] Secondary result "bench.matched.ParallelBench.kyoWorkers:gc.count":
[info]   27,000 ±(99.9%) 0,001 counts [Sum]
[info]   (min, avg, max) = (1,000, 1,800, 2,000), stdev = 0,414
[info]   CI (99.9%): [27,000, 27,000] (assumes normal distribution)
[info] Secondary result "bench.matched.ParallelBench.kyoWorkers:gc.time":
[info]   43,000 ±(99.9%) 0,001 ms [Sum]
[info]   (min, avg, max) = (1,000, 2,867, 4,000), stdev = 0,990
[info]   CI (99.9%): [43,000, 43,000] (assumes normal distribution)
[info] # JMH version: 1.37
[info] # VM version: JDK 25.0.3, Java HotSpot(TM) 64-Bit Server VM, 25.0.3+9-LTS-195
[info] # VM invoker: /Users/stas/.sdkman/candidates/java/25.0.3-oracle/bin/java
[info] # VM options: --add-opens=java.base/java.lang=ALL-UNNAMED -Xms2g -Xmx2g -XX:+UseG1GC
[info] # Blackhole mode: compiler (auto-detected, use -Djmh.blackhole.autoDetect=false to disable)
[info] # Warmup: 5 iterations, 1 s each
[info] # Measurement: 5 iterations, 1 s each
[info] # Timeout: 10 min per iteration
[info] # Threads: 1 thread, will synchronize iterations
[info] # Benchmark mode: Throughput, ops/time
[info] # Benchmark: bench.matched.PrimitivesBench.ceDeferred
[info] # Parameters: (capacity = 64, ops = 1000)
[info] # Run progress: 45,45% complete, ETA 00:18:21
[info] # Fork: 1 of 3
[info] WARNING: A terminally deprecated method in sun.misc.Unsafe has been called
[info] WARNING: sun.misc.Unsafe::objectFieldOffset has been called by org.openjdk.jmh.util.Utils (file:/Users/stas/projects/scala-effect-bench/target/bg-jobs/sbt_1a5ffb62/target/ec0caa91/1296d6b9/jmh-core-1.37.jar)
[info] WARNING: Please consider reporting this to the maintainers of class org.openjdk.jmh.util.Utils
[info] WARNING: sun.misc.Unsafe::objectFieldOffset will be removed in a future release
[info] # Warmup Iteration   1: 7943,434 ops/s
[info] # Warmup Iteration   2: 12625,633 ops/s
[info] # Warmup Iteration   3: 12677,040 ops/s
[info] # Warmup Iteration   4: 12584,473 ops/s
[info] # Warmup Iteration   5: 12741,297 ops/s
[info] Iteration   1: 12771,004 ops/s
[info]                  gc.alloc.rate:      6126,441 MB/sec
[info]                  gc.alloc.rate.norm: 503072,550 B/op
[info]                  gc.count:           5,000 counts
[info]                  gc.time:            4,000 ms
[info] Iteration   2: 12610,860 ops/s
[info]                  gc.alloc.rate:      6049,536 MB/sec
[info]                  gc.alloc.rate.norm: 503072,555 B/op
[info]                  gc.count:           5,000 counts
[info]                  gc.time:            5,000 ms
[info] Iteration   3: 12775,376 ops/s
[info]                  gc.alloc.rate:      6128,520 MB/sec
[info]                  gc.alloc.rate.norm: 503072,545 B/op
[info]                  gc.count:           5,000 counts
[info]                  gc.time:            4,000 ms
[info] Iteration   4: 12721,907 ops/s
[info]                  gc.alloc.rate:      6102,811 MB/sec
[info]                  gc.alloc.rate.norm: 503072,558 B/op
[info]                  gc.count:           5,000 counts
[info]                  gc.time:            6,000 ms
[info] Iteration   5: 12824,973 ops/s
[info]                  gc.alloc.rate:      6152,341 MB/sec
[info]                  gc.alloc.rate.norm: 503072,543 B/op
[info]                  gc.count:           5,000 counts
[info]                  gc.time:            5,000 ms
[info] # Run progress: 46,21% complete, ETA 00:18:05
[info] # Fork: 2 of 3
[info] WARNING: A terminally deprecated method in sun.misc.Unsafe has been called
[info] WARNING: sun.misc.Unsafe::objectFieldOffset has been called by org.openjdk.jmh.util.Utils (file:/Users/stas/projects/scala-effect-bench/target/bg-jobs/sbt_1a5ffb62/target/ec0caa91/1296d6b9/jmh-core-1.37.jar)
[info] WARNING: Please consider reporting this to the maintainers of class org.openjdk.jmh.util.Utils
[info] WARNING: sun.misc.Unsafe::objectFieldOffset will be removed in a future release
[info] # Warmup Iteration   1: 8134,186 ops/s
[info] # Warmup Iteration   2: 13206,904 ops/s
[info] # Warmup Iteration   3: 12859,806 ops/s
[info] # Warmup Iteration   4: 12641,760 ops/s
[info] # Warmup Iteration   5: 12968,397 ops/s
[info] Iteration   1: 12993,276 ops/s
[info]                  gc.alloc.rate:      6233,160 MB/sec
[info]                  gc.alloc.rate.norm: 503072,540 B/op
[info]                  gc.count:           5,000 counts
[info]                  gc.time:            4,000 ms
[info] Iteration   2: 12940,132 ops/s
[info]                  gc.alloc.rate:      6207,515 MB/sec
[info]                  gc.alloc.rate.norm: 503072,541 B/op
[info]                  gc.count:           5,000 counts
[info]                  gc.time:            5,000 ms
[info] Iteration   3: 12931,002 ops/s
[info]                  gc.alloc.rate:      6203,276 MB/sec
[info]                  gc.alloc.rate.norm: 503072,539 B/op
[info]                  gc.count:           5,000 counts
[info]                  gc.time:            4,000 ms
[info] Iteration   4: 13303,252 ops/s
[info]                  gc.alloc.rate:      6381,859 MB/sec
[info]                  gc.alloc.rate.norm: 503072,531 B/op
[info]                  gc.count:           5,000 counts
[info]                  gc.time:            5,000 ms
[info] Iteration   5: 13142,151 ops/s
[info]                  gc.alloc.rate:      6304,594 MB/sec
[info]                  gc.alloc.rate.norm: 503072,531 B/op
[info]                  gc.count:           5,000 counts
[info]                  gc.time:            4,000 ms
[info] # Run progress: 46,97% complete, ETA 00:17:50
[info] # Fork: 3 of 3
[info] WARNING: A terminally deprecated method in sun.misc.Unsafe has been called
[info] WARNING: sun.misc.Unsafe::objectFieldOffset has been called by org.openjdk.jmh.util.Utils (file:/Users/stas/projects/scala-effect-bench/target/bg-jobs/sbt_1a5ffb62/target/ec0caa91/1296d6b9/jmh-core-1.37.jar)
[info] WARNING: Please consider reporting this to the maintainers of class org.openjdk.jmh.util.Utils
[info] WARNING: sun.misc.Unsafe::objectFieldOffset will be removed in a future release
[info] # Warmup Iteration   1: 7818,801 ops/s
[info] # Warmup Iteration   2: 12744,728 ops/s
[info] # Warmup Iteration   3: 12828,965 ops/s
[info] # Warmup Iteration   4: 12754,764 ops/s
[info] # Warmup Iteration   5: 12800,967 ops/s
[info] Iteration   1: 12789,553 ops/s
[info]                  gc.alloc.rate:      6135,355 MB/sec
[info]                  gc.alloc.rate.norm: 503072,549 B/op
[info]                  gc.count:           5,000 counts
[info]                  gc.time:            5,000 ms
[info] Iteration   2: 12807,877 ops/s
[info]                  gc.alloc.rate:      6144,122 MB/sec
[info]                  gc.alloc.rate.norm: 503072,544 B/op
[info]                  gc.count:           5,000 counts
[info]                  gc.time:            4,000 ms
[info] Iteration   3: 12825,334 ops/s
[info]                  gc.alloc.rate:      6152,537 MB/sec
[info]                  gc.alloc.rate.norm: 503072,543 B/op
[info]                  gc.count:           5,000 counts
[info]                  gc.time:            4,000 ms
[info] Iteration   4: 12676,499 ops/s
[info]                  gc.alloc.rate:      6081,139 MB/sec
[info]                  gc.alloc.rate.norm: 503072,557 B/op
[info]                  gc.count:           6,000 counts
[info]                  gc.time:            5,000 ms
[info] Iteration   5: 12388,577 ops/s
[info]                  gc.alloc.rate:      5943,026 MB/sec
[info]                  gc.alloc.rate.norm: 503072,562 B/op
[info]                  gc.count:           4,000 counts
[info]                  gc.time:            4,000 ms
[info] Result "bench.matched.PrimitivesBench.ceDeferred":
[info]   12833,451 ±(99.9%) 231,586 ops/s [Average]
[info]   (min, avg, max) = (12388,577, 12833,451, 13303,252), stdev = 216,626
[info]   CI (99.9%): [12601,865, 13065,038] (assumes normal distribution)
[info] Secondary result "bench.matched.PrimitivesBench.ceDeferred:gc.alloc.rate":
[info]   6156,415 ±(99.9%) 111,129 MB/sec [Average]
[info]   (min, avg, max) = (5943,026, 6156,415, 6381,859), stdev = 103,950
[info]   CI (99.9%): [6045,286, 6267,545] (assumes normal distribution)
[info] Secondary result "bench.matched.PrimitivesBench.ceDeferred:gc.alloc.rate.norm":
[info]   503072,546 ±(99.9%) 0,010 B/op [Average]
[info]   (min, avg, max) = (503072,531, 503072,546, 503072,562), stdev = 0,009
[info]   CI (99.9%): [503072,536, 503072,556] (assumes normal distribution)
[info] Secondary result "bench.matched.PrimitivesBench.ceDeferred:gc.count":
[info]   75,000 ±(99.9%) 0,001 counts [Sum]
[info]   (min, avg, max) = (4,000, 5,000, 6,000), stdev = 0,378
[info]   CI (99.9%): [75,000, 75,000] (assumes normal distribution)
[info] Secondary result "bench.matched.PrimitivesBench.ceDeferred:gc.time":
[info]   68,000 ±(99.9%) 0,001 ms [Sum]
[info]   (min, avg, max) = (4,000, 4,533, 6,000), stdev = 0,640
[info]   CI (99.9%): [68,000, 68,000] (assumes normal distribution)
[info] # JMH version: 1.37
[info] # VM version: JDK 25.0.3, Java HotSpot(TM) 64-Bit Server VM, 25.0.3+9-LTS-195
[info] # VM invoker: /Users/stas/.sdkman/candidates/java/25.0.3-oracle/bin/java
[info] # VM options: --add-opens=java.base/java.lang=ALL-UNNAMED -Xms2g -Xmx2g -XX:+UseG1GC
[info] # Blackhole mode: compiler (auto-detected, use -Djmh.blackhole.autoDetect=false to disable)
[info] # Warmup: 5 iterations, 1 s each
[info] # Measurement: 5 iterations, 1 s each
[info] # Timeout: 10 min per iteration
[info] # Threads: 1 thread, will synchronize iterations
[info] # Benchmark mode: Throughput, ops/time
[info] # Benchmark: bench.matched.PrimitivesBench.ceQueue
[info] # Parameters: (capacity = 64, ops = 1000)
[info] # Run progress: 47,73% complete, ETA 00:17:35
[info] # Fork: 1 of 3
[info] WARNING: A terminally deprecated method in sun.misc.Unsafe has been called
[info] WARNING: sun.misc.Unsafe::objectFieldOffset has been called by org.openjdk.jmh.util.Utils (file:/Users/stas/projects/scala-effect-bench/target/bg-jobs/sbt_1a5ffb62/target/ec0caa91/1296d6b9/jmh-core-1.37.jar)
[info] WARNING: Please consider reporting this to the maintainers of class org.openjdk.jmh.util.Utils
[info] WARNING: sun.misc.Unsafe::objectFieldOffset will be removed in a future release
[info] # Warmup Iteration   1: 4184,735 ops/s
[info] # Warmup Iteration   2: 6291,776 ops/s
[info] # Warmup Iteration   3: 6631,802 ops/s
[info] # Warmup Iteration   4: 6647,510 ops/s
[info] # Warmup Iteration   5: 6901,747 ops/s
[info] Iteration   1: 6938,396 ops/s
[info]                  gc.alloc.rate:      2554,910 MB/sec
[info]                  gc.alloc.rate.norm: 386146,368 B/op
[info]                  gc.count:           2,000 counts
[info]                  gc.time:            4,000 ms
[info] Iteration   2: 6912,814 ops/s
[info]                  gc.alloc.rate:      2539,936 MB/sec
[info]                  gc.alloc.rate.norm: 385305,534 B/op
[info]                  gc.count:           2,000 counts
[info]                  gc.time:            4,000 ms
[info] Iteration   3: 6877,134 ops/s
[info]                  gc.alloc.rate:      2528,190 MB/sec
[info]                  gc.alloc.rate.norm: 385521,135 B/op
[info]                  gc.count:           3,000 counts
[info]                  gc.time:            5,000 ms
[info] Iteration   4: 6915,114 ops/s
[info]                  gc.alloc.rate:      2541,134 MB/sec
[info]                  gc.alloc.rate.norm: 385367,294 B/op
[info]                  gc.count:           2,000 counts
[info]                  gc.time:            2,000 ms
[info] Iteration   5: 6900,425 ops/s
[info]                  gc.alloc.rate:      2536,821 MB/sec
[info]                  gc.alloc.rate.norm: 385528,301 B/op
[info]                  gc.count:           2,000 counts
[info]                  gc.time:            1,000 ms
[info] # Run progress: 48,48% complete, ETA 00:17:19
[info] # Fork: 2 of 3
[info] WARNING: A terminally deprecated method in sun.misc.Unsafe has been called
[info] WARNING: sun.misc.Unsafe::objectFieldOffset has been called by org.openjdk.jmh.util.Utils (file:/Users/stas/projects/scala-effect-bench/target/bg-jobs/sbt_1a5ffb62/target/ec0caa91/1296d6b9/jmh-core-1.37.jar)
[info] WARNING: Please consider reporting this to the maintainers of class org.openjdk.jmh.util.Utils
[info] WARNING: sun.misc.Unsafe::objectFieldOffset will be removed in a future release
[info] # Warmup Iteration   1: 4383,270 ops/s
[info] # Warmup Iteration   2: 6497,862 ops/s
[info] # Warmup Iteration   3: 6755,595 ops/s
[info] # Warmup Iteration   4: 6904,580 ops/s
[info] # Warmup Iteration   5: 6909,263 ops/s
[info] Iteration   1: 6911,250 ops/s
[info]                  gc.alloc.rate:      2553,301 MB/sec
[info]                  gc.alloc.rate.norm: 387429,805 B/op
[info]                  gc.count:           2,000 counts
[info]                  gc.time:            3,000 ms
[info] Iteration   2: 6897,307 ops/s
[info]                  gc.alloc.rate:      2542,890 MB/sec
[info]                  gc.alloc.rate.norm: 386643,307 B/op
[info]                  gc.count:           2,000 counts
[info]                  gc.time:            4,000 ms
[info] Iteration   3: 6959,712 ops/s
[info]                  gc.alloc.rate:      2565,455 MB/sec
[info]                  gc.alloc.rate.norm: 386559,004 B/op
[info]                  gc.count:           2,000 counts
[info]                  gc.time:            3,000 ms
[info] Iteration   4: 7003,917 ops/s
[info]                  gc.alloc.rate:      2578,637 MB/sec
[info]                  gc.alloc.rate.norm: 386091,105 B/op
[info]                  gc.count:           2,000 counts
[info]                  gc.time:            2,000 ms
[info] Iteration   5: 6749,681 ops/s
[info]                  gc.alloc.rate:      2487,873 MB/sec
[info]                  gc.alloc.rate.norm: 386543,893 B/op
[info]                  gc.count:           2,000 counts
[info]                  gc.time:            2,000 ms
[info] # Run progress: 49,24% complete, ETA 00:17:04
[info] # Fork: 3 of 3
[info] WARNING: A terminally deprecated method in sun.misc.Unsafe has been called
[info] WARNING: sun.misc.Unsafe::objectFieldOffset has been called by org.openjdk.jmh.util.Utils (file:/Users/stas/projects/scala-effect-bench/target/bg-jobs/sbt_1a5ffb62/target/ec0caa91/1296d6b9/jmh-core-1.37.jar)
[info] WARNING: Please consider reporting this to the maintainers of class org.openjdk.jmh.util.Utils
[info] WARNING: sun.misc.Unsafe::objectFieldOffset will be removed in a future release
[info] # Warmup Iteration   1: 4103,701 ops/s
[info] # Warmup Iteration   2: 6554,940 ops/s
[info] # Warmup Iteration   3: 6786,092 ops/s
[info] # Warmup Iteration   4: 6812,816 ops/s
[info] # Warmup Iteration   5: 6819,017 ops/s
[info] Iteration   1: 6768,361 ops/s
[info]                  gc.alloc.rate:      2490,855 MB/sec
[info]                  gc.alloc.rate.norm: 385932,845 B/op
[info]                  gc.count:           2,000 counts
[info]                  gc.time:            3,000 ms
[info] Iteration   2: 6886,423 ops/s
[info]                  gc.alloc.rate:      2532,699 MB/sec
[info]                  gc.alloc.rate.norm: 385690,645 B/op
[info]                  gc.count:           3,000 counts
[info]                  gc.time:            6,000 ms
[info] Iteration   3: 6804,172 ops/s
[info]                  gc.alloc.rate:      2504,150 MB/sec
[info]                  gc.alloc.rate.norm: 385949,584 B/op
[info]                  gc.count:           2,000 counts
[info]                  gc.time:            3,000 ms
[info] Iteration   4: 6895,536 ops/s
[info]                  gc.alloc.rate:      2540,910 MB/sec
[info]                  gc.alloc.rate.norm: 386427,051 B/op
[info]                  gc.count:           2,000 counts
[info]                  gc.time:            2,000 ms
[info] Iteration   5: 6861,615 ops/s
[info]                  gc.alloc.rate:      2527,385 MB/sec
[info]                  gc.alloc.rate.norm: 386271,045 B/op
[info]                  gc.count:           2,000 counts
[info]                  gc.time:            2,000 ms
[info] Result "bench.matched.PrimitivesBench.ceQueue":
[info]   6885,457 ±(99.9%) 72,564 ops/s [Average]
[info]   (min, avg, max) = (6749,681, 6885,457, 7003,917), stdev = 67,876
[info]   CI (99.9%): [6812,893, 6958,021] (assumes normal distribution)
[info] Secondary result "bench.matched.PrimitivesBench.ceQueue:gc.alloc.rate":
[info]   2535,010 ±(99.9%) 27,040 MB/sec [Average]
[info]   (min, avg, max) = (2487,873, 2535,010, 2578,637), stdev = 25,293
[info]   CI (99.9%): [2507,970, 2562,050] (assumes normal distribution)
[info] Secondary result "bench.matched.PrimitivesBench.ceQueue:gc.alloc.rate.norm":
[info]   386093,794 ±(99.9%) 616,600 B/op [Average]
[info]   (min, avg, max) = (385305,534, 386093,794, 387429,805), stdev = 576,768
[info]   CI (99.9%): [385477,195, 386710,394] (assumes normal distribution)
[info] Secondary result "bench.matched.PrimitivesBench.ceQueue:gc.count":
[info]   32,000 ±(99.9%) 0,001 counts [Sum]
[info]   (min, avg, max) = (2,000, 2,133, 3,000), stdev = 0,352
[info]   CI (99.9%): [32,000, 32,000] (assumes normal distribution)
[info] Secondary result "bench.matched.PrimitivesBench.ceQueue:gc.time":
[info]   46,000 ±(99.9%) 0,001 ms [Sum]
[info]   (min, avg, max) = (1,000, 3,067, 6,000), stdev = 1,335
[info]   CI (99.9%): [46,000, 46,000] (assumes normal distribution)
[info] # JMH version: 1.37
[info] # VM version: JDK 25.0.3, Java HotSpot(TM) 64-Bit Server VM, 25.0.3+9-LTS-195
[info] # VM invoker: /Users/stas/.sdkman/candidates/java/25.0.3-oracle/bin/java
[info] # VM options: --add-opens=java.base/java.lang=ALL-UNNAMED -Xms2g -Xmx2g -XX:+UseG1GC
[info] # Blackhole mode: compiler (auto-detected, use -Djmh.blackhole.autoDetect=false to disable)
[info] # Warmup: 5 iterations, 1 s each
[info] # Measurement: 5 iterations, 1 s each
[info] # Timeout: 10 min per iteration
[info] # Threads: 1 thread, will synchronize iterations
[info] # Benchmark mode: Throughput, ops/time
[info] # Benchmark: bench.matched.PrimitivesBench.ceRef
[info] # Parameters: (capacity = 64, ops = 1000)
[info] # Run progress: 50,00% complete, ETA 00:16:49
[info] # Fork: 1 of 3
[info] WARNING: A terminally deprecated method in sun.misc.Unsafe has been called
[info] WARNING: sun.misc.Unsafe::objectFieldOffset has been called by org.openjdk.jmh.util.Utils (file:/Users/stas/projects/scala-effect-bench/target/bg-jobs/sbt_1a5ffb62/target/ec0caa91/1296d6b9/jmh-core-1.37.jar)
[info] WARNING: Please consider reporting this to the maintainers of class org.openjdk.jmh.util.Utils
[info] WARNING: sun.misc.Unsafe::objectFieldOffset will be removed in a future release
[info] # Warmup Iteration   1: 18574,784 ops/s
[info] # Warmup Iteration   2: 35285,843 ops/s
[info] # Warmup Iteration   3: 36696,560 ops/s
[info] # Warmup Iteration   4: 38072,392 ops/s
[info] # Warmup Iteration   5: 38540,663 ops/s
[info] Iteration   1: 32609,470 ops/s
[info]                  gc.alloc.rate:      3458,056 MB/sec
[info]                  gc.alloc.rate.norm: 111208,214 B/op
[info]                  gc.count:           2,000 counts
[info]                  gc.time:            2,000 ms
[info] Iteration   2: 36682,598 ops/s
[info]                  gc.alloc.rate:      3890,024 MB/sec
[info]                  gc.alloc.rate.norm: 111208,189 B/op
[info]                  gc.count:           4,000 counts
[info]                  gc.time:            4,000 ms
[info] Iteration   3: 38290,882 ops/s
[info]                  gc.alloc.rate:      4060,616 MB/sec
[info]                  gc.alloc.rate.norm: 111208,182 B/op
[info]                  gc.count:           3,000 counts
[info]                  gc.time:            3,000 ms
[info] Iteration   4: 27238,554 ops/s
[info]                  gc.alloc.rate:      2887,832 MB/sec
[info]                  gc.alloc.rate.norm: 111208,255 B/op
[info]                  gc.count:           2,000 counts
[info]                  gc.time:            1,000 ms
[info] Iteration   5: 34650,213 ops/s
[info]                  gc.alloc.rate:      3674,298 MB/sec
[info]                  gc.alloc.rate.norm: 111208,201 B/op
[info]                  gc.count:           3,000 counts
[info]                  gc.time:            3,000 ms
[info] # Run progress: 50,76% complete, ETA 00:16:33
[info] # Fork: 2 of 3
[info] WARNING: A terminally deprecated method in sun.misc.Unsafe has been called
[info] WARNING: sun.misc.Unsafe::objectFieldOffset has been called by org.openjdk.jmh.util.Utils (file:/Users/stas/projects/scala-effect-bench/target/bg-jobs/sbt_1a5ffb62/target/ec0caa91/1296d6b9/jmh-core-1.37.jar)
[info] WARNING: Please consider reporting this to the maintainers of class org.openjdk.jmh.util.Utils
[info] WARNING: sun.misc.Unsafe::objectFieldOffset will be removed in a future release
[info] # Warmup Iteration   1: 22199,883 ops/s
[info] # Warmup Iteration   2: 35587,940 ops/s
[info] # Warmup Iteration   3: 37271,994 ops/s
[info] # Warmup Iteration   4: 37488,464 ops/s
[info] # Warmup Iteration   5: 37570,697 ops/s
[info] Iteration   1: 37993,746 ops/s
[info]                  gc.alloc.rate:      4029,372 MB/sec
[info]                  gc.alloc.rate.norm: 111216,183 B/op
[info]                  gc.count:           3,000 counts
[info]                  gc.time:            3,000 ms
[info] Iteration   2: 37535,175 ops/s
[info]                  gc.alloc.rate:      3980,727 MB/sec
[info]                  gc.alloc.rate.norm: 111216,186 B/op
[info]                  gc.count:           4,000 counts
[info]                  gc.time:            3,000 ms
[info] Iteration   3: 37554,148 ops/s
[info]                  gc.alloc.rate:      3982,709 MB/sec
[info]                  gc.alloc.rate.norm: 111216,185 B/op
[info]                  gc.count:           3,000 counts
[info]                  gc.time:            3,000 ms
[info] Iteration   4: 36066,821 ops/s
[info]                  gc.alloc.rate:      3824,986 MB/sec
[info]                  gc.alloc.rate.norm: 111216,193 B/op
[info]                  gc.count:           3,000 counts
[info]                  gc.time:            2,000 ms
[info] Iteration   5: 37633,027 ops/s
[info]                  gc.alloc.rate:      3991,127 MB/sec
[info]                  gc.alloc.rate.norm: 111216,185 B/op
[info]                  gc.count:           3,000 counts
[info]                  gc.time:            3,000 ms
[info] # Run progress: 51,52% complete, ETA 00:16:18
[info] # Fork: 3 of 3
[info] WARNING: A terminally deprecated method in sun.misc.Unsafe has been called
[info] WARNING: sun.misc.Unsafe::objectFieldOffset has been called by org.openjdk.jmh.util.Utils (file:/Users/stas/projects/scala-effect-bench/target/bg-jobs/sbt_1a5ffb62/target/ec0caa91/1296d6b9/jmh-core-1.37.jar)
[info] WARNING: Please consider reporting this to the maintainers of class org.openjdk.jmh.util.Utils
[info] WARNING: sun.misc.Unsafe::objectFieldOffset will be removed in a future release
[info] # Warmup Iteration   1: 23221,020 ops/s
[info] # Warmup Iteration   2: 35377,482 ops/s
[info] # Warmup Iteration   3: 37678,504 ops/s
[info] # Warmup Iteration   4: 36766,998 ops/s
[info] # Warmup Iteration   5: 36306,164 ops/s
[info] Iteration   1: 38146,336 ops/s
[info]                  gc.alloc.rate:      4043,780 MB/sec
[info]                  gc.alloc.rate.norm: 111168,183 B/op
[info]                  gc.count:           3,000 counts
[info]                  gc.time:            2,000 ms
[info] Iteration   2: 41849,438 ops/s
[info]                  gc.alloc.rate:      4436,295 MB/sec
[info]                  gc.alloc.rate.norm: 111168,166 B/op
[info]                  gc.count:           4,000 counts
[info]                  gc.time:            4,000 ms
[info] Iteration   3: 38748,098 ops/s
[info]                  gc.alloc.rate:      4107,509 MB/sec
[info]                  gc.alloc.rate.norm: 111168,181 B/op
[info]                  gc.count:           3,000 counts
[info]                  gc.time:            3,000 ms
[info] Iteration   4: 32393,563 ops/s
[info]                  gc.alloc.rate:      3432,769 MB/sec
[info]                  gc.alloc.rate.norm: 111168,216 B/op
[info]                  gc.count:           3,000 counts
[info]                  gc.time:            3,000 ms
[info] Iteration   5: 38479,386 ops/s
[info]                  gc.alloc.rate:      4079,021 MB/sec
[info]                  gc.alloc.rate.norm: 111168,181 B/op
[info]                  gc.count:           3,000 counts
[info]                  gc.time:            3,000 ms
[info] Result "bench.matched.PrimitivesBench.ceRef":
[info]   36391,430 ±(99.9%) 3730,166 ops/s [Average]
[info]   (min, avg, max) = (27238,554, 36391,430, 41849,438), stdev = 3489,200
[info]   CI (99.9%): [32661,264, 40121,597] (assumes normal distribution)
[info] Secondary result "bench.matched.PrimitivesBench.ceRef:gc.alloc.rate":
[info]   3858,608 ±(99.9%) 395,559 MB/sec [Average]
[info]   (min, avg, max) = (2887,832, 3858,608, 4436,295), stdev = 370,006
[info]   CI (99.9%): [3463,049, 4254,167] (assumes normal distribution)
[info] Secondary result "bench.matched.PrimitivesBench.ceRef:gc.alloc.rate.norm":
[info]   111197,527 ±(99.9%) 23,240 B/op [Average]
[info]   (min, avg, max) = (111168,166, 111197,527, 111216,193), stdev = 21,739
[info]   CI (99.9%): [111174,287, 111220,767] (assumes normal distribution)
[info] Secondary result "bench.matched.PrimitivesBench.ceRef:gc.count":
[info]   46,000 ±(99.9%) 0,001 counts [Sum]
[info]   (min, avg, max) = (2,000, 3,067, 4,000), stdev = 0,594
[info]   CI (99.9%): [46,000, 46,000] (assumes normal distribution)
[info] Secondary result "bench.matched.PrimitivesBench.ceRef:gc.time":
[info]   42,000 ±(99.9%) 0,001 ms [Sum]
[info]   (min, avg, max) = (1,000, 2,800, 4,000), stdev = 0,775
[info]   CI (99.9%): [42,000, 42,000] (assumes normal distribution)
[info] # JMH version: 1.37
[info] # VM version: JDK 25.0.3, Java HotSpot(TM) 64-Bit Server VM, 25.0.3+9-LTS-195
[info] # VM invoker: /Users/stas/.sdkman/candidates/java/25.0.3-oracle/bin/java
[info] # VM options: --add-opens=java.base/java.lang=ALL-UNNAMED -Xms2g -Xmx2g -XX:+UseG1GC
[info] # Blackhole mode: compiler (auto-detected, use -Djmh.blackhole.autoDetect=false to disable)
[info] # Warmup: 5 iterations, 1 s each
[info] # Measurement: 5 iterations, 1 s each
[info] # Timeout: 10 min per iteration
[info] # Threads: 1 thread, will synchronize iterations
[info] # Benchmark mode: Throughput, ops/time
[info] # Benchmark: bench.matched.PrimitivesBench.ceSemaphore
[info] # Parameters: (capacity = 64, ops = 1000)
[info] # Run progress: 52,27% complete, ETA 00:16:03
[info] # Fork: 1 of 3
[info] WARNING: A terminally deprecated method in sun.misc.Unsafe has been called
[info] WARNING: sun.misc.Unsafe::objectFieldOffset has been called by org.openjdk.jmh.util.Utils (file:/Users/stas/projects/scala-effect-bench/target/bg-jobs/sbt_1a5ffb62/target/ec0caa91/1296d6b9/jmh-core-1.37.jar)
[info] WARNING: Please consider reporting this to the maintainers of class org.openjdk.jmh.util.Utils
[info] WARNING: sun.misc.Unsafe::objectFieldOffset will be removed in a future release
[info] # Warmup Iteration   1: 1344,652 ops/s
[info] # Warmup Iteration   2: 2292,933 ops/s
[info] # Warmup Iteration   3: 2470,747 ops/s
[info] # Warmup Iteration   4: 2498,277 ops/s
[info] # Warmup Iteration   5: 2500,335 ops/s
[info] Iteration   1: 2511,615 ops/s
[info]                  gc.alloc.rate:      4659,355 MB/sec
[info]                  gc.alloc.rate.norm: 1945434,772 B/op
[info]                  gc.count:           4,000 counts
[info]                  gc.time:            3,000 ms
[info] Iteration   2: 2500,864 ops/s
[info]                  gc.alloc.rate:      4639,353 MB/sec
[info]                  gc.alloc.rate.norm: 1945434,784 B/op
[info]                  gc.count:           4,000 counts
[info]                  gc.time:            4,000 ms
[info] Iteration   3: 2510,871 ops/s
[info]                  gc.alloc.rate:      4657,886 MB/sec
[info]                  gc.alloc.rate.norm: 1945434,787 B/op
[info]                  gc.count:           3,000 counts
[info]                  gc.time:            2,000 ms
[info] Iteration   4: 2503,766 ops/s
[info]                  gc.alloc.rate:      4644,785 MB/sec
[info]                  gc.alloc.rate.norm: 1945434,781 B/op
[info]                  gc.count:           4,000 counts
[info]                  gc.time:            4,000 ms
[info] Iteration   5: 2531,737 ops/s
[info]                  gc.alloc.rate:      4696,671 MB/sec
[info]                  gc.alloc.rate.norm: 1945434,755 B/op
[info]                  gc.count:           4,000 counts
[info]                  gc.time:            3,000 ms
[info] # Run progress: 53,03% complete, ETA 00:15:47
[info] # Fork: 2 of 3
[info] WARNING: A terminally deprecated method in sun.misc.Unsafe has been called
[info] WARNING: sun.misc.Unsafe::objectFieldOffset has been called by org.openjdk.jmh.util.Utils (file:/Users/stas/projects/scala-effect-bench/target/bg-jobs/sbt_1a5ffb62/target/ec0caa91/1296d6b9/jmh-core-1.37.jar)
[info] WARNING: Please consider reporting this to the maintainers of class org.openjdk.jmh.util.Utils
[info] WARNING: sun.misc.Unsafe::objectFieldOffset will be removed in a future release
[info] # Warmup Iteration   1: 1456,060 ops/s
[info] # Warmup Iteration   2: 2396,824 ops/s
[info] # Warmup Iteration   3: 2517,336 ops/s
[info] # Warmup Iteration   4: 2543,335 ops/s
[info] # Warmup Iteration   5: 2546,807 ops/s
[info] Iteration   1: 2541,707 ops/s
[info]                  gc.alloc.rate:      4715,321 MB/sec
[info]                  gc.alloc.rate.norm: 1945474,743 B/op
[info]                  gc.count:           3,000 counts
[info]                  gc.time:            3,000 ms
[info] Iteration   2: 2527,517 ops/s
[info]                  gc.alloc.rate:      4688,901 MB/sec
[info]                  gc.alloc.rate.norm: 1945474,761 B/op
[info]                  gc.count:           4,000 counts
[info]                  gc.time:            3,000 ms
[info] Iteration   3: 2539,436 ops/s
[info]                  gc.alloc.rate:      4711,034 MB/sec
[info]                  gc.alloc.rate.norm: 1945474,742 B/op
[info]                  gc.count:           4,000 counts
[info]                  gc.time:            4,000 ms
[info] Iteration   4: 2544,945 ops/s
[info]                  gc.alloc.rate:      4721,259 MB/sec
[info]                  gc.alloc.rate.norm: 1945474,737 B/op
[info]                  gc.count:           4,000 counts
[info]                  gc.time:            3,000 ms
[info] Iteration   5: 2557,159 ops/s
[info]                  gc.alloc.rate:      4743,983 MB/sec
[info]                  gc.alloc.rate.norm: 1945474,727 B/op
[info]                  gc.count:           4,000 counts
[info]                  gc.time:            4,000 ms
[info] # Run progress: 53,79% complete, ETA 00:15:32
[info] # Fork: 3 of 3
[info] WARNING: A terminally deprecated method in sun.misc.Unsafe has been called
[info] WARNING: sun.misc.Unsafe::objectFieldOffset has been called by org.openjdk.jmh.util.Utils (file:/Users/stas/projects/scala-effect-bench/target/bg-jobs/sbt_1a5ffb62/target/ec0caa91/1296d6b9/jmh-core-1.37.jar)
[info] WARNING: Please consider reporting this to the maintainers of class org.openjdk.jmh.util.Utils
[info] WARNING: sun.misc.Unsafe::objectFieldOffset will be removed in a future release
[info] # Warmup Iteration   1: 1384,058 ops/s
[info] # Warmup Iteration   2: 2124,687 ops/s
[info] # Warmup Iteration   3: 2474,297 ops/s
[info] # Warmup Iteration   4: 2552,925 ops/s
[info] # Warmup Iteration   5: 2541,553 ops/s
[info] Iteration   1: 2495,654 ops/s
[info]                  gc.alloc.rate:      4629,723 MB/sec
[info]                  gc.alloc.rate.norm: 1945482,790 B/op
[info]                  gc.count:           4,000 counts
[info]                  gc.time:            4,000 ms
[info] Iteration   2: 2526,975 ops/s
[info]                  gc.alloc.rate:      4687,993 MB/sec
[info]                  gc.alloc.rate.norm: 1945482,756 B/op
[info]                  gc.count:           4,000 counts
[info]                  gc.time:            4,000 ms
[info] Iteration   3: 2550,269 ops/s
[info]                  gc.alloc.rate:      4731,233 MB/sec
[info]                  gc.alloc.rate.norm: 1945482,730 B/op
[info]                  gc.count:           4,000 counts
[info]                  gc.time:            4,000 ms
[info] Iteration   4: 2570,416 ops/s
[info]                  gc.alloc.rate:      4768,624 MB/sec
[info]                  gc.alloc.rate.norm: 1945482,709 B/op
[info]                  gc.count:           3,000 counts
[info]                  gc.time:            3,000 ms
[info] Iteration   5: 2572,933 ops/s
[info]                  gc.alloc.rate:      4773,242 MB/sec
[info]                  gc.alloc.rate.norm: 1945482,707 B/op
[info]                  gc.count:           4,000 counts
[info]                  gc.time:            4,000 ms
[info] Result "bench.matched.PrimitivesBench.ceSemaphore":
[info]   2532,391 ±(99.9%) 26,230 ops/s [Average]
[info]   (min, avg, max) = (2495,654, 2532,391, 2572,933), stdev = 24,535
[info]   CI (99.9%): [2506,161, 2558,621] (assumes normal distribution)
[info] Secondary result "bench.matched.PrimitivesBench.ceSemaphore:gc.alloc.rate":
[info]   4697,957 ±(99.9%) 48,739 MB/sec [Average]
[info]   (min, avg, max) = (4629,723, 4697,957, 4773,242), stdev = 45,591
[info]   CI (99.9%): [4649,218, 4746,697] (assumes normal distribution)
[info] Secondary result "bench.matched.PrimitivesBench.ceSemaphore:gc.alloc.rate.norm":
[info]   1945464,085 ±(99.9%) 23,217 B/op [Average]
[info]   (min, avg, max) = (1945434,755, 1945464,085, 1945482,790), stdev = 21,717
[info]   CI (99.9%): [1945440,869, 1945487,302] (assumes normal distribution)
[info] Secondary result "bench.matched.PrimitivesBench.ceSemaphore:gc.count":
[info]   57,000 ±(99.9%) 0,001 counts [Sum]
[info]   (min, avg, max) = (3,000, 3,800, 4,000), stdev = 0,414
[info]   CI (99.9%): [57,000, 57,000] (assumes normal distribution)
[info] Secondary result "bench.matched.PrimitivesBench.ceSemaphore:gc.time":
[info]   52,000 ±(99.9%) 0,001 ms [Sum]
[info]   (min, avg, max) = (2,000, 3,467, 4,000), stdev = 0,640
[info]   CI (99.9%): [52,000, 52,000] (assumes normal distribution)
[info] # JMH version: 1.37
[info] # VM version: JDK 25.0.3, Java HotSpot(TM) 64-Bit Server VM, 25.0.3+9-LTS-195
[info] # VM invoker: /Users/stas/.sdkman/candidates/java/25.0.3-oracle/bin/java
[info] # VM options: --add-opens=java.base/java.lang=ALL-UNNAMED -Xms2g -Xmx2g -XX:+UseG1GC
[info] # Blackhole mode: compiler (auto-detected, use -Djmh.blackhole.autoDetect=false to disable)
[info] # Warmup: 5 iterations, 1 s each
[info] # Measurement: 5 iterations, 1 s each
[info] # Timeout: 10 min per iteration
[info] # Threads: 1 thread, will synchronize iterations
[info] # Benchmark mode: Throughput, ops/time
[info] # Benchmark: bench.matched.PrimitivesBench.ceSpawnJoin
[info] # Parameters: (capacity = 64, ops = 1000)
[info] # Run progress: 54,55% complete, ETA 00:15:17
[info] # Fork: 1 of 3
[info] WARNING: A terminally deprecated method in sun.misc.Unsafe has been called
[info] WARNING: sun.misc.Unsafe::objectFieldOffset has been called by org.openjdk.jmh.util.Utils (file:/Users/stas/projects/scala-effect-bench/target/bg-jobs/sbt_1a5ffb62/target/ec0caa91/1296d6b9/jmh-core-1.37.jar)
[info] WARNING: Please consider reporting this to the maintainers of class org.openjdk.jmh.util.Utils
[info] WARNING: sun.misc.Unsafe::objectFieldOffset will be removed in a future release
[info] # Warmup Iteration   1: 979,292 ops/s
[info] # Warmup Iteration   2: 1722,762 ops/s
[info] # Warmup Iteration   3: 1943,062 ops/s
[info] # Warmup Iteration   4: 1886,311 ops/s
[info] # Warmup Iteration   5: 1909,797 ops/s
[info] Iteration   1: 1858,140 ops/s
[info]                  gc.alloc.rate:      2575,517 MB/sec
[info]                  gc.alloc.rate.norm: 1453563,487 B/op
[info]                  gc.count:           2,000 counts
[info]                  gc.time:            4,000 ms
[info] Iteration   2: 1966,826 ops/s
[info]                  gc.alloc.rate:      2727,328 MB/sec
[info]                  gc.alloc.rate.norm: 1454179,689 B/op
[info]                  gc.count:           2,000 counts
[info]                  gc.time:            4,000 ms
[info] Iteration   3: 1943,216 ops/s
[info]                  gc.alloc.rate:      2695,176 MB/sec
[info]                  gc.alloc.rate.norm: 1454515,977 B/op
[info]                  gc.count:           2,000 counts
[info]                  gc.time:            3,000 ms
[info] Iteration   4: 1930,696 ops/s
[info]                  gc.alloc.rate:      2677,731 MB/sec
[info]                  gc.alloc.rate.norm: 1454448,054 B/op
[info]                  gc.count:           2,000 counts
[info]                  gc.time:            2,000 ms
[info] Iteration   5: 1927,905 ops/s
[info]                  gc.alloc.rate:      2673,925 MB/sec
[info]                  gc.alloc.rate.norm: 1454477,598 B/op
[info]                  gc.count:           3,000 counts
[info]                  gc.time:            2,000 ms
[info] # Run progress: 55,30% complete, ETA 00:15:01
[info] # Fork: 2 of 3
[info] WARNING: A terminally deprecated method in sun.misc.Unsafe has been called
[info] WARNING: sun.misc.Unsafe::objectFieldOffset has been called by org.openjdk.jmh.util.Utils (file:/Users/stas/projects/scala-effect-bench/target/bg-jobs/sbt_1a5ffb62/target/ec0caa91/1296d6b9/jmh-core-1.37.jar)
[info] WARNING: Please consider reporting this to the maintainers of class org.openjdk.jmh.util.Utils
[info] WARNING: sun.misc.Unsafe::objectFieldOffset will be removed in a future release
[info] # Warmup Iteration   1: 953,654 ops/s
[info] # Warmup Iteration   2: 1661,375 ops/s
[info] # Warmup Iteration   3: 1892,586 ops/s
[info] # Warmup Iteration   4: 1976,452 ops/s
[info] # Warmup Iteration   5: 1967,260 ops/s
[info] Iteration   1: 1992,409 ops/s
[info]                  gc.alloc.rate:      2763,005 MB/sec
[info]                  gc.alloc.rate.norm: 1454268,401 B/op
[info]                  gc.count:           2,000 counts
[info]                  gc.time:            4,000 ms
[info] Iteration   2: 1943,864 ops/s
[info]                  gc.alloc.rate:      2695,527 MB/sec
[info]                  gc.alloc.rate.norm: 1454213,294 B/op
[info]                  gc.count:           2,000 counts
[info]                  gc.time:            4,000 ms
[info] Iteration   3: 1972,798 ops/s
[info]                  gc.alloc.rate:      2736,024 MB/sec
[info]                  gc.alloc.rate.norm: 1454376,215 B/op
[info]                  gc.count:           2,000 counts
[info]                  gc.time:            2,000 ms
[info] Iteration   4: 1969,852 ops/s
[info]                  gc.alloc.rate:      2732,244 MB/sec
[info]                  gc.alloc.rate.norm: 1454545,341 B/op
[info]                  gc.count:           3,000 counts
[info]                  gc.time:            3,000 ms
[info] Iteration   5: 1965,443 ops/s
[info]                  gc.alloc.rate:      2725,982 MB/sec
[info]                  gc.alloc.rate.norm: 1454487,134 B/op
[info]                  gc.count:           2,000 counts
[info]                  gc.time:            2,000 ms
[info] # Run progress: 56,06% complete, ETA 00:14:46
[info] # Fork: 3 of 3
[info] WARNING: A terminally deprecated method in sun.misc.Unsafe has been called
[info] WARNING: sun.misc.Unsafe::objectFieldOffset has been called by org.openjdk.jmh.util.Utils (file:/Users/stas/projects/scala-effect-bench/target/bg-jobs/sbt_1a5ffb62/target/ec0caa91/1296d6b9/jmh-core-1.37.jar)
[info] WARNING: Please consider reporting this to the maintainers of class org.openjdk.jmh.util.Utils
[info] WARNING: sun.misc.Unsafe::objectFieldOffset will be removed in a future release
[info] # Warmup Iteration   1: 1026,276 ops/s
[info] # Warmup Iteration   2: 1732,750 ops/s
[info] # Warmup Iteration   3: 1888,700 ops/s
[info] # Warmup Iteration   4: 1919,453 ops/s
[info] # Warmup Iteration   5: 1946,620 ops/s
[info] Iteration   1: 1955,514 ops/s
[info]                  gc.alloc.rate:      2711,700 MB/sec
[info]                  gc.alloc.rate.norm: 1454242,748 B/op
[info]                  gc.count:           2,000 counts
[info]                  gc.time:            3,000 ms
[info] Iteration   2: 1948,289 ops/s
[info]                  gc.alloc.rate:      2701,632 MB/sec
[info]                  gc.alloc.rate.norm: 1454173,680 B/op
[info]                  gc.count:           2,000 counts
[info]                  gc.time:            3,000 ms
[info] Iteration   3: 1954,857 ops/s
[info]                  gc.alloc.rate:      2711,210 MB/sec
[info]                  gc.alloc.rate.norm: 1454408,566 B/op
[info]                  gc.count:           2,000 counts
[info]                  gc.time:            4,000 ms
[info] Iteration   4: 1974,451 ops/s
[info]                  gc.alloc.rate:      2738,478 MB/sec
[info]                  gc.alloc.rate.norm: 1454467,414 B/op
[info]                  gc.count:           3,000 counts
[info]                  gc.time:            3,000 ms
[info] Iteration   5: 1941,083 ops/s
[info]                  gc.alloc.rate:      2692,138 MB/sec
[info]                  gc.alloc.rate.norm: 1454454,130 B/op
[info]                  gc.count:           2,000 counts
[info]                  gc.time:            2,000 ms
[info] Result "bench.matched.PrimitivesBench.ceSpawnJoin":
[info]   1949,690 ±(99.9%) 33,012 ops/s [Average]
[info]   (min, avg, max) = (1858,140, 1949,690, 1992,409), stdev = 30,879
[info]   CI (99.9%): [1916,678, 1982,701] (assumes normal distribution)
[info] Secondary result "bench.matched.PrimitivesBench.ceSpawnJoin:gc.alloc.rate":
[info]   2703,841 ±(99.9%) 46,098 MB/sec [Average]
[info]   (min, avg, max) = (2575,517, 2703,841, 2763,005), stdev = 43,120
[info]   CI (99.9%): [2657,744, 2749,939] (assumes normal distribution)
[info] Secondary result "bench.matched.PrimitivesBench.ceSpawnJoin:gc.alloc.rate.norm":
[info]   1454321,449 ±(99.9%) 262,250 B/op [Average]
[info]   (min, avg, max) = (1453563,487, 1454321,449, 1454545,341), stdev = 245,309
[info]   CI (99.9%): [1454059,198, 1454583,699] (assumes normal distribution)
[info] Secondary result "bench.matched.PrimitivesBench.ceSpawnJoin:gc.count":
[info]   33,000 ±(99.9%) 0,001 counts [Sum]
[info]   (min, avg, max) = (2,000, 2,200, 3,000), stdev = 0,414
[info]   CI (99.9%): [33,000, 33,000] (assumes normal distribution)
[info] Secondary result "bench.matched.PrimitivesBench.ceSpawnJoin:gc.time":
[info]   45,000 ±(99.9%) 0,001 ms [Sum]
[info]   (min, avg, max) = (2,000, 3,000, 4,000), stdev = 0,845
[info]   CI (99.9%): [45,000, 45,000] (assumes normal distribution)
[info] # JMH version: 1.37
[info] # VM version: JDK 25.0.3, Java HotSpot(TM) 64-Bit Server VM, 25.0.3+9-LTS-195
[info] # VM invoker: /Users/stas/.sdkman/candidates/java/25.0.3-oracle/bin/java
[info] # VM options: --add-opens=java.base/java.lang=ALL-UNNAMED -Xms2g -Xmx2g -XX:+UseG1GC
[info] # Blackhole mode: compiler (auto-detected, use -Djmh.blackhole.autoDetect=false to disable)
[info] # Warmup: 5 iterations, 1 s each
[info] # Measurement: 5 iterations, 1 s each
[info] # Timeout: 10 min per iteration
[info] # Threads: 1 thread, will synchronize iterations
[info] # Benchmark mode: Throughput, ops/time
[info] # Benchmark: bench.matched.PrimitivesBench.kyoPromise
[info] # Parameters: (capacity = 64, ops = 1000)
[info] # Run progress: 56,82% complete, ETA 00:14:31
[info] # Fork: 1 of 3
[info] WARNING: A terminally deprecated method in sun.misc.Unsafe has been called
[info] WARNING: sun.misc.Unsafe::objectFieldOffset has been called by org.openjdk.jmh.util.Utils (file:/Users/stas/projects/scala-effect-bench/target/bg-jobs/sbt_1a5ffb62/target/ec0caa91/1296d6b9/jmh-core-1.37.jar)
[info] WARNING: Please consider reporting this to the maintainers of class org.openjdk.jmh.util.Utils
[info] WARNING: sun.misc.Unsafe::objectFieldOffset will be removed in a future release
[info] # Warmup Iteration   1: 7116,194 ops/s
[info] # Warmup Iteration   2: 11168,683 ops/s
[info] # Warmup Iteration   3: 11721,843 ops/s
[info] # Warmup Iteration   4: 11443,573 ops/s
[info] # Warmup Iteration   5: 11624,753 ops/s
[info] Iteration   1: 11822,144 ops/s
[info]                  gc.alloc.rate:      5033,887 MB/sec
[info]                  gc.alloc.rate.norm: 446530,643 B/op
[info]                  gc.count:           4,000 counts
[info]                  gc.time:            4,000 ms
[info] Iteration   2: 11552,641 ops/s
[info]                  gc.alloc.rate:      4918,921 MB/sec
[info]                  gc.alloc.rate.norm: 446530,744 B/op
[info]                  gc.count:           4,000 counts
[info]                  gc.time:            4,000 ms
[info] Iteration   3: 11618,608 ops/s
[info]                  gc.alloc.rate:      4947,296 MB/sec
[info]                  gc.alloc.rate.norm: 446530,735 B/op
[info]                  gc.count:           4,000 counts
[info]                  gc.time:            4,000 ms
[info] Iteration   4: 11632,823 ops/s
[info]                  gc.alloc.rate:      4953,215 MB/sec
[info]                  gc.alloc.rate.norm: 446530,737 B/op
[info]                  gc.count:           4,000 counts
[info]                  gc.time:            4,000 ms
[info] Iteration   5: 11588,963 ops/s
[info]                  gc.alloc.rate:      4934,656 MB/sec
[info]                  gc.alloc.rate.norm: 446530,773 B/op
[info]                  gc.count:           4,000 counts
[info]                  gc.time:            4,000 ms
[info] # Run progress: 57,58% complete, ETA 00:14:15
[info] # Fork: 2 of 3
[info] WARNING: A terminally deprecated method in sun.misc.Unsafe has been called
[info] WARNING: sun.misc.Unsafe::objectFieldOffset has been called by org.openjdk.jmh.util.Utils (file:/Users/stas/projects/scala-effect-bench/target/bg-jobs/sbt_1a5ffb62/target/ec0caa91/1296d6b9/jmh-core-1.37.jar)
[info] WARNING: Please consider reporting this to the maintainers of class org.openjdk.jmh.util.Utils
[info] WARNING: sun.misc.Unsafe::objectFieldOffset will be removed in a future release
[info] # Warmup Iteration   1: 7269,873 ops/s
[info] # Warmup Iteration   2: 11631,766 ops/s
[info] # Warmup Iteration   3: 11877,812 ops/s
[info] # Warmup Iteration   4: 11761,307 ops/s
[info] # Warmup Iteration   5: 11738,046 ops/s
[info] Iteration   1: 11639,247 ops/s
[info]                  gc.alloc.rate:      4955,792 MB/sec
[info]                  gc.alloc.rate.norm: 446514,116 B/op
[info]                  gc.count:           4,000 counts
[info]                  gc.time:            4,000 ms
[info] Iteration   2: 11662,028 ops/s
[info]                  gc.alloc.rate:      4965,469 MB/sec
[info]                  gc.alloc.rate.norm: 446514,084 B/op
[info]                  gc.count:           4,000 counts
[info]                  gc.time:            3,000 ms
[info] Iteration   3: 11712,121 ops/s
[info]                  gc.alloc.rate:      4986,902 MB/sec
[info]                  gc.alloc.rate.norm: 446514,135 B/op
[info]                  gc.count:           4,000 counts
[info]                  gc.time:            4,000 ms
[info] Iteration   4: 11794,929 ops/s
[info]                  gc.alloc.rate:      5022,128 MB/sec
[info]                  gc.alloc.rate.norm: 446514,085 B/op
[info]                  gc.count:           4,000 counts
[info]                  gc.time:            4,000 ms
[info] Iteration   5: 11824,630 ops/s
[info]                  gc.alloc.rate:      5034,846 MB/sec
[info]                  gc.alloc.rate.norm: 446514,136 B/op
[info]                  gc.count:           4,000 counts
[info]                  gc.time:            4,000 ms
[info] # Run progress: 58,33% complete, ETA 00:14:00
[info] # Fork: 3 of 3
[info] WARNING: A terminally deprecated method in sun.misc.Unsafe has been called
[info] WARNING: sun.misc.Unsafe::objectFieldOffset has been called by org.openjdk.jmh.util.Utils (file:/Users/stas/projects/scala-effect-bench/target/bg-jobs/sbt_1a5ffb62/target/ec0caa91/1296d6b9/jmh-core-1.37.jar)
[info] WARNING: Please consider reporting this to the maintainers of class org.openjdk.jmh.util.Utils
[info] WARNING: sun.misc.Unsafe::objectFieldOffset will be removed in a future release
[info] # Warmup Iteration   1: 7134,751 ops/s
[info] # Warmup Iteration   2: 11284,010 ops/s
[info] # Warmup Iteration   3: 11868,409 ops/s
[info] # Warmup Iteration   4: 11673,416 ops/s
[info] # Warmup Iteration   5: 11577,181 ops/s
[info] Iteration   1: 11572,554 ops/s
[info]                  gc.alloc.rate:      4927,594 MB/sec
[info]                  gc.alloc.rate.norm: 446536,449 B/op
[info]                  gc.count:           4,000 counts
[info]                  gc.time:            3,000 ms
[info] Iteration   2: 11673,166 ops/s
[info]                  gc.alloc.rate:      4970,349 MB/sec
[info]                  gc.alloc.rate.norm: 446530,145 B/op
[info]                  gc.count:           4,000 counts
[info]                  gc.time:            5,000 ms
[info] Iteration   3: 11622,319 ops/s
[info]                  gc.alloc.rate:      4948,737 MB/sec
[info]                  gc.alloc.rate.norm: 446530,135 B/op
[info]                  gc.count:           4,000 counts
[info]                  gc.time:            4,000 ms
[info] Iteration   4: 11844,261 ops/s
[info]                  gc.alloc.rate:      5043,077 MB/sec
[info]                  gc.alloc.rate.norm: 446530,116 B/op
[info]                  gc.count:           4,000 counts
[info]                  gc.time:            3,000 ms
[info] Iteration   5: 11492,597 ops/s
[info]                  gc.alloc.rate:      4893,547 MB/sec
[info]                  gc.alloc.rate.norm: 446530,172 B/op
[info]                  gc.count:           4,000 counts
[info]                  gc.time:            4,000 ms
[info] Result "bench.matched.PrimitivesBench.kyoPromise":
[info]   11670,202 ±(99.9%) 115,506 ops/s [Average]
[info]   (min, avg, max) = (11492,597, 11670,202, 11844,261), stdev = 108,044
[info]   CI (99.9%): [11554,696, 11785,708] (assumes normal distribution)
[info] Secondary result "bench.matched.PrimitivesBench.kyoPromise:gc.alloc.rate":
[info]   4969,094 ±(99.9%) 49,149 MB/sec [Average]
[info]   (min, avg, max) = (4893,547, 4969,094, 5043,077), stdev = 45,974
[info]   CI (99.9%): [4919,945, 5018,244] (assumes normal distribution)
[info] Secondary result "bench.matched.PrimitivesBench.kyoPromise:gc.alloc.rate.norm":
[info]   446525,414 ±(99.9%) 8,995 B/op [Average]
[info]   (min, avg, max) = (446514,084, 446525,414, 446536,449), stdev = 8,414
[info]   CI (99.9%): [446516,419, 446534,408] (assumes normal distribution)
[info] Secondary result "bench.matched.PrimitivesBench.kyoPromise:gc.count":
[info]   60,000 ±(99.9%) 0,001 counts [Sum]
[info]   (min, avg, max) = (4,000, 4,000, 4,000), stdev = 0,001
[info]   CI (99.9%): [60,000, 60,000] (assumes normal distribution)
[info] Secondary result "bench.matched.PrimitivesBench.kyoPromise:gc.time":
[info]   58,000 ±(99.9%) 0,001 ms [Sum]
[info]   (min, avg, max) = (3,000, 3,867, 5,000), stdev = 0,516
[info]   CI (99.9%): [58,000, 58,000] (assumes normal distribution)
[info] # JMH version: 1.37
[info] # VM version: JDK 25.0.3, Java HotSpot(TM) 64-Bit Server VM, 25.0.3+9-LTS-195
[info] # VM invoker: /Users/stas/.sdkman/candidates/java/25.0.3-oracle/bin/java
[info] # VM options: --add-opens=java.base/java.lang=ALL-UNNAMED -Xms2g -Xmx2g -XX:+UseG1GC
[info] # Blackhole mode: compiler (auto-detected, use -Djmh.blackhole.autoDetect=false to disable)
[info] # Warmup: 5 iterations, 1 s each
[info] # Measurement: 5 iterations, 1 s each
[info] # Timeout: 10 min per iteration
[info] # Threads: 1 thread, will synchronize iterations
[info] # Benchmark mode: Throughput, ops/time
[info] # Benchmark: bench.matched.PrimitivesBench.kyoQueue
[info] # Parameters: (capacity = 64, ops = 1000)
[info] # Run progress: 59,09% complete, ETA 00:13:45
[info] # Fork: 1 of 3
[info] WARNING: A terminally deprecated method in sun.misc.Unsafe has been called
[info] WARNING: sun.misc.Unsafe::objectFieldOffset has been called by org.openjdk.jmh.util.Utils (file:/Users/stas/projects/scala-effect-bench/target/bg-jobs/sbt_1a5ffb62/target/ec0caa91/1296d6b9/jmh-core-1.37.jar)
[info] WARNING: Please consider reporting this to the maintainers of class org.openjdk.jmh.util.Utils
[info] WARNING: sun.misc.Unsafe::objectFieldOffset will be removed in a future release
[info] # Warmup Iteration   1: 6251,254 ops/s
[info] # Warmup Iteration   2: 9355,772 ops/s
[info] # Warmup Iteration   3: 9916,113 ops/s
[info] # Warmup Iteration   4: 9999,017 ops/s
[info] # Warmup Iteration   5: 9890,481 ops/s
[info] Iteration   1: 9986,487 ops/s
[info]                  gc.alloc.rate:      3645,346 MB/sec
[info]                  gc.alloc.rate.norm: 382802,513 B/op
[info]                  gc.count:           3,000 counts
[info]                  gc.time:            4,000 ms
[info] Iteration   2: 9987,111 ops/s
[info]                  gc.alloc.rate:      3645,582 MB/sec
[info]                  gc.alloc.rate.norm: 382802,505 B/op
[info]                  gc.count:           3,000 counts
[info]                  gc.time:            3,000 ms
[info] Iteration   3: 10000,931 ops/s
[info]                  gc.alloc.rate:      3650,673 MB/sec
[info]                  gc.alloc.rate.norm: 382802,502 B/op
[info]                  gc.count:           3,000 counts
[info]                  gc.time:            3,000 ms
[info] Iteration   4: 9980,534 ops/s
[info]                  gc.alloc.rate:      3643,250 MB/sec
[info]                  gc.alloc.rate.norm: 382802,517 B/op
[info]                  gc.count:           3,000 counts
[info]                  gc.time:            4,000 ms
[info] Iteration   5: 9917,560 ops/s
[info]                  gc.alloc.rate:      3620,246 MB/sec
[info]                  gc.alloc.rate.norm: 382802,575 B/op
[info]                  gc.count:           3,000 counts
[info]                  gc.time:            3,000 ms
[info] # Run progress: 59,85% complete, ETA 00:13:29
[info] # Fork: 2 of 3
[info] WARNING: A terminally deprecated method in sun.misc.Unsafe has been called
[info] WARNING: sun.misc.Unsafe::objectFieldOffset has been called by org.openjdk.jmh.util.Utils (file:/Users/stas/projects/scala-effect-bench/target/bg-jobs/sbt_1a5ffb62/target/ec0caa91/1296d6b9/jmh-core-1.37.jar)
[info] WARNING: Please consider reporting this to the maintainers of class org.openjdk.jmh.util.Utils
[info] WARNING: sun.misc.Unsafe::objectFieldOffset will be removed in a future release
[info] # Warmup Iteration   1: 5740,341 ops/s
[info] # Warmup Iteration   2: 9300,867 ops/s
[info] # Warmup Iteration   3: 9831,169 ops/s
[info] # Warmup Iteration   4: 9960,084 ops/s
[info] # Warmup Iteration   5: 10025,956 ops/s
[info] Iteration   1: 9986,699 ops/s
[info]                  gc.alloc.rate:      3645,393 MB/sec
[info]                  gc.alloc.rate.norm: 382802,252 B/op
[info]                  gc.count:           3,000 counts
[info]                  gc.time:            4,000 ms
[info] Iteration   2: 9919,658 ops/s
[info]                  gc.alloc.rate:      3620,915 MB/sec
[info]                  gc.alloc.rate.norm: 382802,211 B/op
[info]                  gc.count:           3,000 counts
[info]                  gc.time:            3,000 ms
[info] Iteration   3: 10029,645 ops/s
[info]                  gc.alloc.rate:      3661,034 MB/sec
[info]                  gc.alloc.rate.norm: 382802,202 B/op
[info]                  gc.count:           3,000 counts
[info]                  gc.time:            3,000 ms
[info] Iteration   4: 10065,479 ops/s
[info]                  gc.alloc.rate:      3674,193 MB/sec
[info]                  gc.alloc.rate.norm: 382802,182 B/op
[info]                  gc.count:           3,000 counts
[info]                  gc.time:            3,000 ms
[info] Iteration   5: 10069,013 ops/s
[info]                  gc.alloc.rate:      3675,514 MB/sec
[info]                  gc.alloc.rate.norm: 382802,196 B/op
[info]                  gc.count:           3,000 counts
[info]                  gc.time:            3,000 ms
[info] # Run progress: 60,61% complete, ETA 00:13:14
[info] # Fork: 3 of 3
[info] WARNING: A terminally deprecated method in sun.misc.Unsafe has been called
[info] WARNING: sun.misc.Unsafe::objectFieldOffset has been called by org.openjdk.jmh.util.Utils (file:/Users/stas/projects/scala-effect-bench/target/bg-jobs/sbt_1a5ffb62/target/ec0caa91/1296d6b9/jmh-core-1.37.jar)
[info] WARNING: Please consider reporting this to the maintainers of class org.openjdk.jmh.util.Utils
[info] WARNING: sun.misc.Unsafe::objectFieldOffset will be removed in a future release
[info] # Warmup Iteration   1: 6222,380 ops/s
[info] # Warmup Iteration   2: 9667,678 ops/s
[info] # Warmup Iteration   3: 9957,484 ops/s
[info] # Warmup Iteration   4: 9822,017 ops/s
[info] # Warmup Iteration   5: 9868,622 ops/s
[info] Iteration   1: 9900,180 ops/s
[info]                  gc.alloc.rate:      3613,794 MB/sec
[info]                  gc.alloc.rate.norm: 382802,542 B/op
[info]                  gc.count:           3,000 counts
[info]                  gc.time:            3,000 ms
[info] Iteration   2: 9757,413 ops/s
[info]                  gc.alloc.rate:      3561,808 MB/sec
[info]                  gc.alloc.rate.norm: 382802,575 B/op
[info]                  gc.count:           3,000 counts
[info]                  gc.time:            3,000 ms
[info] Iteration   3: 9908,414 ops/s
[info]                  gc.alloc.rate:      3616,953 MB/sec
[info]                  gc.alloc.rate.norm: 382802,572 B/op
[info]                  gc.count:           2,000 counts
[info]                  gc.time:            2,000 ms
[info] Iteration   4: 10058,791 ops/s
[info]                  gc.alloc.rate:      3671,812 MB/sec
[info]                  gc.alloc.rate.norm: 382802,479 B/op
[info]                  gc.count:           3,000 counts
[info]                  gc.time:            3,000 ms
[info] Iteration   5: 9911,103 ops/s
[info]                  gc.alloc.rate:      3617,901 MB/sec
[info]                  gc.alloc.rate.norm: 382802,574 B/op
[info]                  gc.count:           3,000 counts
[info]                  gc.time:            3,000 ms
[info] Result "bench.matched.PrimitivesBench.kyoQueue":
[info]   9965,268 ±(99.9%) 87,856 ops/s [Average]
[info]   (min, avg, max) = (9757,413, 9965,268, 10069,013), stdev = 82,180
[info]   CI (99.9%): [9877,412, 10053,123] (assumes normal distribution)
[info] Secondary result "bench.matched.PrimitivesBench.kyoQueue:gc.alloc.rate":
[info]   3637,628 ±(99.9%) 32,057 MB/sec [Average]
[info]   (min, avg, max) = (3561,808, 3637,628, 3675,514), stdev = 29,986
[info]   CI (99.9%): [3605,570, 3669,685] (assumes normal distribution)
[info] Secondary result "bench.matched.PrimitivesBench.kyoQueue:gc.alloc.rate.norm":
[info]   382802,426 ±(99.9%) 0,174 B/op [Average]
[info]   (min, avg, max) = (382802,182, 382802,426, 382802,575), stdev = 0,163
[info]   CI (99.9%): [382802,253, 382802,600] (assumes normal distribution)
[info] Secondary result "bench.matched.PrimitivesBench.kyoQueue:gc.count":
[info]   44,000 ±(99.9%) 0,001 counts [Sum]
[info]   (min, avg, max) = (2,000, 2,933, 3,000), stdev = 0,258
[info]   CI (99.9%): [44,000, 44,000] (assumes normal distribution)
[info] Secondary result "bench.matched.PrimitivesBench.kyoQueue:gc.time":
[info]   47,000 ±(99.9%) 0,001 ms [Sum]
[info]   (min, avg, max) = (2,000, 3,133, 4,000), stdev = 0,516
[info]   CI (99.9%): [47,000, 47,000] (assumes normal distribution)
[info] # JMH version: 1.37
[info] # VM version: JDK 25.0.3, Java HotSpot(TM) 64-Bit Server VM, 25.0.3+9-LTS-195
[info] # VM invoker: /Users/stas/.sdkman/candidates/java/25.0.3-oracle/bin/java
[info] # VM options: --add-opens=java.base/java.lang=ALL-UNNAMED -Xms2g -Xmx2g -XX:+UseG1GC
[info] # Blackhole mode: compiler (auto-detected, use -Djmh.blackhole.autoDetect=false to disable)
[info] # Warmup: 5 iterations, 1 s each
[info] # Measurement: 5 iterations, 1 s each
[info] # Timeout: 10 min per iteration
[info] # Threads: 1 thread, will synchronize iterations
[info] # Benchmark mode: Throughput, ops/time
[info] # Benchmark: bench.matched.PrimitivesBench.kyoRef
[info] # Parameters: (capacity = 64, ops = 1000)
[info] # Run progress: 61,36% complete, ETA 00:12:59
[info] # Fork: 1 of 3
[info] WARNING: A terminally deprecated method in sun.misc.Unsafe has been called
[info] WARNING: sun.misc.Unsafe::objectFieldOffset has been called by org.openjdk.jmh.util.Utils (file:/Users/stas/projects/scala-effect-bench/target/bg-jobs/sbt_1a5ffb62/target/ec0caa91/1296d6b9/jmh-core-1.37.jar)
[info] WARNING: Please consider reporting this to the maintainers of class org.openjdk.jmh.util.Utils
[info] WARNING: sun.misc.Unsafe::objectFieldOffset will be removed in a future release
[info] # Warmup Iteration   1: 23910,965 ops/s
[info] # Warmup Iteration   2: 34601,801 ops/s
[info] # Warmup Iteration   3: 36202,039 ops/s
[info] # Warmup Iteration   4: 31219,058 ops/s
[info] # Warmup Iteration   5: 35163,485 ops/s
[info] Iteration   1: 35805,204 ops/s
[info]                  gc.alloc.rate:      3779,812 MB/sec
[info]                  gc.alloc.rate.norm: 110707,301 B/op
[info]                  gc.count:           3,000 counts
[info]                  gc.time:            3,000 ms
[info] Iteration   2: 36448,210 ops/s
[info]                  gc.alloc.rate:      3847,692 MB/sec
[info]                  gc.alloc.rate.norm: 110704,659 B/op
[info]                  gc.count:           3,000 counts
[info]                  gc.time:            3,000 ms
[info] Iteration   3: 36354,535 ops/s
[info]                  gc.alloc.rate:      3837,719 MB/sec
[info]                  gc.alloc.rate.norm: 110704,651 B/op
[info]                  gc.count:           3,000 counts
[info]                  gc.time:            3,000 ms
[info] Iteration   4: 36417,933 ops/s
[info]                  gc.alloc.rate:      3844,473 MB/sec
[info]                  gc.alloc.rate.norm: 110704,639 B/op
[info]                  gc.count:           3,000 counts
[info]                  gc.time:            3,000 ms
[info] Iteration   5: 36885,998 ops/s
[info]                  gc.alloc.rate:      3893,862 MB/sec
[info]                  gc.alloc.rate.norm: 110704,655 B/op
[info]                  gc.count:           4,000 counts
[info]                  gc.time:            3,000 ms
[info] # Run progress: 62,12% complete, ETA 00:12:43
[info] # Fork: 2 of 3
[info] WARNING: A terminally deprecated method in sun.misc.Unsafe has been called
[info] WARNING: sun.misc.Unsafe::objectFieldOffset has been called by org.openjdk.jmh.util.Utils (file:/Users/stas/projects/scala-effect-bench/target/bg-jobs/sbt_1a5ffb62/target/ec0caa91/1296d6b9/jmh-core-1.37.jar)
[info] WARNING: Please consider reporting this to the maintainers of class org.openjdk.jmh.util.Utils
[info] WARNING: sun.misc.Unsafe::objectFieldOffset will be removed in a future release
[info] # Warmup Iteration   1: 22785,299 ops/s
[info] # Warmup Iteration   2: 34100,726 ops/s
[info] # Warmup Iteration   3: 33268,171 ops/s
[info] # Warmup Iteration   4: 34626,912 ops/s
[info] # Warmup Iteration   5: 36015,976 ops/s
[info] Iteration   1: 36457,851 ops/s
[info]                  gc.alloc.rate:      3848,717 MB/sec
[info]                  gc.alloc.rate.norm: 110704,935 B/op
[info]                  gc.count:           3,000 counts
[info]                  gc.time:            3,000 ms
[info] Iteration   2: 36594,766 ops/s
[info]                  gc.alloc.rate:      3863,148 MB/sec
[info]                  gc.alloc.rate.norm: 110704,918 B/op
[info]                  gc.count:           3,000 counts
[info]                  gc.time:            3,000 ms
[info] Iteration   3: 36368,096 ops/s
[info]                  gc.alloc.rate:      3839,099 MB/sec
[info]                  gc.alloc.rate.norm: 110704,914 B/op
[info]                  gc.count:           3,000 counts
[info]                  gc.time:            3,000 ms
[info] Iteration   4: 36673,135 ops/s
[info]                  gc.alloc.rate:      3871,396 MB/sec
[info]                  gc.alloc.rate.norm: 110704,940 B/op
[info]                  gc.count:           4,000 counts
[info]                  gc.time:            4,000 ms
[info] Iteration   5: 36145,988 ops/s
[info]                  gc.alloc.rate:      3815,779 MB/sec
[info]                  gc.alloc.rate.norm: 110704,951 B/op
[info]                  gc.count:           3,000 counts
[info]                  gc.time:            3,000 ms
[info] # Run progress: 62,88% complete, ETA 00:12:28
[info] # Fork: 3 of 3
[info] WARNING: A terminally deprecated method in sun.misc.Unsafe has been called
[info] WARNING: sun.misc.Unsafe::objectFieldOffset has been called by org.openjdk.jmh.util.Utils (file:/Users/stas/projects/scala-effect-bench/target/bg-jobs/sbt_1a5ffb62/target/ec0caa91/1296d6b9/jmh-core-1.37.jar)
[info] WARNING: Please consider reporting this to the maintainers of class org.openjdk.jmh.util.Utils
[info] WARNING: sun.misc.Unsafe::objectFieldOffset will be removed in a future release
[info] # Warmup Iteration   1: 23285,937 ops/s
[info] # Warmup Iteration   2: 34354,756 ops/s
[info] # Warmup Iteration   3: 36050,922 ops/s
[info] # Warmup Iteration   4: 36615,051 ops/s
[info] # Warmup Iteration   5: 36924,362 ops/s
[info] Iteration   1: 36875,089 ops/s
[info]                  gc.alloc.rate:      3892,910 MB/sec
[info]                  gc.alloc.rate.norm: 110709,513 B/op
[info]                  gc.count:           4,000 counts
[info]                  gc.time:            5,000 ms
[info] Iteration   2: 36331,122 ops/s
[info]                  gc.alloc.rate:      3835,292 MB/sec
[info]                  gc.alloc.rate.norm: 110704,647 B/op
[info]                  gc.count:           3,000 counts
[info]                  gc.time:            3,000 ms
[info] Iteration   3: 37304,285 ops/s
[info]                  gc.alloc.rate:      3938,003 MB/sec
[info]                  gc.alloc.rate.norm: 110704,635 B/op
[info]                  gc.count:           3,000 counts
[info]                  gc.time:            2,000 ms
[info] Iteration   4: 36396,700 ops/s
[info]                  gc.alloc.rate:      3842,088 MB/sec
[info]                  gc.alloc.rate.norm: 110704,645 B/op
[info]                  gc.count:           3,000 counts
[info]                  gc.time:            3,000 ms
[info] Iteration   5: 36985,654 ops/s
[info]                  gc.alloc.rate:      3904,339 MB/sec
[info]                  gc.alloc.rate.norm: 110704,638 B/op
[info]                  gc.count:           3,000 counts
[info]                  gc.time:            3,000 ms
[info] Result "bench.matched.PrimitivesBench.kyoRef":
[info]   36536,304 ±(99.9%) 392,654 ops/s [Average]
[info]   (min, avg, max) = (35805,204, 36536,304, 37304,285), stdev = 367,289
[info]   CI (99.9%): [36143,650, 36928,958] (assumes normal distribution)
[info] Secondary result "bench.matched.PrimitivesBench.kyoRef:gc.alloc.rate":
[info]   3856,955 ±(99.9%) 41,455 MB/sec [Average]
[info]   (min, avg, max) = (3779,812, 3856,955, 3938,003), stdev = 38,777
[info]   CI (99.9%): [3815,501, 3898,410] (assumes normal distribution)
[info] Secondary result "bench.matched.PrimitivesBench.kyoRef:gc.alloc.rate.norm":
[info]   110705,243 ±(99.9%) 1,451 B/op [Average]
[info]   (min, avg, max) = (110704,635, 110705,243, 110709,513), stdev = 1,358
[info]   CI (99.9%): [110703,791, 110706,694] (assumes normal distribution)
[info] Secondary result "bench.matched.PrimitivesBench.kyoRef:gc.count":
[info]   48,000 ±(99.9%) 0,001 counts [Sum]
[info]   (min, avg, max) = (3,000, 3,200, 4,000), stdev = 0,414
[info]   CI (99.9%): [48,000, 48,000] (assumes normal distribution)
[info] Secondary result "bench.matched.PrimitivesBench.kyoRef:gc.time":
[info]   47,000 ±(99.9%) 0,001 ms [Sum]
[info]   (min, avg, max) = (2,000, 3,133, 5,000), stdev = 0,640
[info]   CI (99.9%): [47,000, 47,000] (assumes normal distribution)
[info] # JMH version: 1.37
[info] # VM version: JDK 25.0.3, Java HotSpot(TM) 64-Bit Server VM, 25.0.3+9-LTS-195
[info] # VM invoker: /Users/stas/.sdkman/candidates/java/25.0.3-oracle/bin/java
[info] # VM options: --add-opens=java.base/java.lang=ALL-UNNAMED -Xms2g -Xmx2g -XX:+UseG1GC
[info] # Blackhole mode: compiler (auto-detected, use -Djmh.blackhole.autoDetect=false to disable)
[info] # Warmup: 5 iterations, 1 s each
[info] # Measurement: 5 iterations, 1 s each
[info] # Timeout: 10 min per iteration
[info] # Threads: 1 thread, will synchronize iterations
[info] # Benchmark mode: Throughput, ops/time
[info] # Benchmark: bench.matched.PrimitivesBench.kyoSemaphore
[info] # Parameters: (capacity = 64, ops = 1000)
[info] # Run progress: 63,64% complete, ETA 00:12:13
[info] # Fork: 1 of 3
[info] WARNING: A terminally deprecated method in sun.misc.Unsafe has been called
[info] WARNING: sun.misc.Unsafe::objectFieldOffset has been called by org.openjdk.jmh.util.Utils (file:/Users/stas/projects/scala-effect-bench/target/bg-jobs/sbt_1a5ffb62/target/ec0caa91/1296d6b9/jmh-core-1.37.jar)
[info] WARNING: Please consider reporting this to the maintainers of class org.openjdk.jmh.util.Utils
[info] WARNING: sun.misc.Unsafe::objectFieldOffset will be removed in a future release
[info] # Warmup Iteration   1: 8298,563 ops/s
[info] # Warmup Iteration   2: 12141,042 ops/s
[info] # Warmup Iteration   3: 13897,173 ops/s
[info] # Warmup Iteration   4: 13854,395 ops/s
[info] # Warmup Iteration   5: 13864,829 ops/s
[info] Iteration   1: 13923,994 ops/s
[info]                  gc.alloc.rate:      4376,764 MB/sec
[info]                  gc.alloc.rate.norm: 329633,773 B/op
[info]                  gc.count:           4,000 counts
[info]                  gc.time:            5,000 ms
[info] Iteration   2: 14098,184 ops/s
[info]                  gc.alloc.rate:      4431,437 MB/sec
[info]                  gc.alloc.rate.norm: 329633,776 B/op
[info]                  gc.count:           3,000 counts
[info]                  gc.time:            3,000 ms
[info] Iteration   3: 13990,260 ops/s
[info]                  gc.alloc.rate:      4397,619 MB/sec
[info]                  gc.alloc.rate.norm: 329633,800 B/op
[info]                  gc.count:           4,000 counts
[info]                  gc.time:            4,000 ms
[info] Iteration   4: 14081,733 ops/s
[info]                  gc.alloc.rate:      4426,205 MB/sec
[info]                  gc.alloc.rate.norm: 329633,756 B/op
[info]                  gc.count:           4,000 counts
[info]                  gc.time:            4,000 ms
[info] Iteration   5: 13833,861 ops/s
[info]                  gc.alloc.rate:      4348,325 MB/sec
[info]                  gc.alloc.rate.norm: 329633,791 B/op
[info]                  gc.count:           3,000 counts
[info]                  gc.time:            3,000 ms
[info] # Run progress: 64,39% complete, ETA 00:11:58
[info] # Fork: 2 of 3
[info] WARNING: A terminally deprecated method in sun.misc.Unsafe has been called
[info] WARNING: sun.misc.Unsafe::objectFieldOffset has been called by org.openjdk.jmh.util.Utils (file:/Users/stas/projects/scala-effect-bench/target/bg-jobs/sbt_1a5ffb62/target/ec0caa91/1296d6b9/jmh-core-1.37.jar)
[info] WARNING: Please consider reporting this to the maintainers of class org.openjdk.jmh.util.Utils
[info] WARNING: sun.misc.Unsafe::objectFieldOffset will be removed in a future release
[info] # Warmup Iteration   1: 7230,891 ops/s
[info] # Warmup Iteration   2: 12347,921 ops/s
[info] # Warmup Iteration   3: 13087,109 ops/s
[info] # Warmup Iteration   4: 12876,902 ops/s
[info] # Warmup Iteration   5: 12796,618 ops/s
[info] Iteration   1: 12821,703 ops/s
[info]                  gc.alloc.rate:      4030,126 MB/sec
[info]                  gc.alloc.rate.norm: 329633,708 B/op
[info]                  gc.count:           3,000 counts
[info]                  gc.time:            3,000 ms
[info] Iteration   2: 12765,232 ops/s
[info]                  gc.alloc.rate:      4012,292 MB/sec
[info]                  gc.alloc.rate.norm: 329633,695 B/op
[info]                  gc.count:           4,000 counts
[info]                  gc.time:            3,000 ms
[info] Iteration   3: 12784,828 ops/s
[info]                  gc.alloc.rate:      4018,685 MB/sec
[info]                  gc.alloc.rate.norm: 329633,713 B/op
[info]                  gc.count:           3,000 counts
[info]                  gc.time:            3,000 ms
[info] Iteration   4: 12871,402 ops/s
[info]                  gc.alloc.rate:      4045,820 MB/sec
[info]                  gc.alloc.rate.norm: 329633,723 B/op
[info]                  gc.count:           3,000 counts
[info]                  gc.time:            4,000 ms
[info] Iteration   5: 12960,109 ops/s
[info]                  gc.alloc.rate:      4073,800 MB/sec
[info]                  gc.alloc.rate.norm: 329633,706 B/op
[info]                  gc.count:           4,000 counts
[info]                  gc.time:            4,000 ms
[info] # Run progress: 65,15% complete, ETA 00:11:42
[info] # Fork: 3 of 3
[info] WARNING: A terminally deprecated method in sun.misc.Unsafe has been called
[info] WARNING: sun.misc.Unsafe::objectFieldOffset has been called by org.openjdk.jmh.util.Utils (file:/Users/stas/projects/scala-effect-bench/target/bg-jobs/sbt_1a5ffb62/target/ec0caa91/1296d6b9/jmh-core-1.37.jar)
[info] WARNING: Please consider reporting this to the maintainers of class org.openjdk.jmh.util.Utils
[info] WARNING: sun.misc.Unsafe::objectFieldOffset will be removed in a future release
[info] # Warmup Iteration   1: 7486,000 ops/s
[info] # Warmup Iteration   2: 9289,273 ops/s
[info] # Warmup Iteration   3: 11641,881 ops/s
[info] # Warmup Iteration   4: 11487,999 ops/s
[info] # Warmup Iteration   5: 11320,094 ops/s
[info] Iteration   1: 11461,730 ops/s
[info]                  gc.alloc.rate:      3602,959 MB/sec
[info]                  gc.alloc.rate.norm: 329658,130 B/op
[info]                  gc.count:           3,000 counts
[info]                  gc.time:            5,000 ms
[info] Iteration   2: 11408,034 ops/s
[info]                  gc.alloc.rate:      3586,136 MB/sec
[info]                  gc.alloc.rate.norm: 329658,190 B/op
[info]                  gc.count:           3,000 counts
[info]                  gc.time:            4,000 ms
[info] Iteration   3: 11474,220 ops/s
[info]                  gc.alloc.rate:      3606,884 MB/sec
[info]                  gc.alloc.rate.norm: 329658,217 B/op
[info]                  gc.count:           3,000 counts
[info]                  gc.time:            2,000 ms
[info] Iteration   4: 11422,317 ops/s
[info]                  gc.alloc.rate:      3590,687 MB/sec
[info]                  gc.alloc.rate.norm: 329658,147 B/op
[info]                  gc.count:           3,000 counts
[info]                  gc.time:            3,000 ms
[info] Iteration   5: 10790,889 ops/s
[info]                  gc.alloc.rate:      3392,084 MB/sec
[info]                  gc.alloc.rate.norm: 329658,322 B/op
[info]                  gc.count:           3,000 counts
[info]                  gc.time:            3,000 ms
[info] Result "bench.matched.PrimitivesBench.kyoSemaphore":
[info]   12712,566 ±(99.9%) 1226,122 ops/s [Average]
[info]   (min, avg, max) = (10790,889, 12712,566, 14098,184), stdev = 1146,915
[info]   CI (99.9%): [11486,444, 13938,689] (assumes normal distribution)
[info] Secondary result "bench.matched.PrimitivesBench.kyoSemaphore:gc.alloc.rate":
[info]   3995,988 ±(99.9%) 385,291 MB/sec [Average]
[info]   (min, avg, max) = (3392,084, 3995,988, 4431,437), stdev = 360,401
[info]   CI (99.9%): [3610,697, 4381,279] (assumes normal distribution)
[info] Secondary result "bench.matched.PrimitivesBench.kyoSemaphore:gc.alloc.rate.norm":
[info]   329641,897 ±(99.9%) 12,758 B/op [Average]
[info]   (min, avg, max) = (329633,695, 329641,897, 329658,322), stdev = 11,934
[info]   CI (99.9%): [329629,138, 329654,655] (assumes normal distribution)
[info] Secondary result "bench.matched.PrimitivesBench.kyoSemaphore:gc.count":
[info]   50,000 ±(99.9%) 0,001 counts [Sum]
[info]   (min, avg, max) = (3,000, 3,333, 4,000), stdev = 0,488
[info]   CI (99.9%): [50,000, 50,000] (assumes normal distribution)
[info] Secondary result "bench.matched.PrimitivesBench.kyoSemaphore:gc.time":
[info]   53,000 ±(99.9%) 0,001 ms [Sum]
[info]   (min, avg, max) = (2,000, 3,533, 5,000), stdev = 0,834
[info]   CI (99.9%): [53,000, 53,000] (assumes normal distribution)
[info] # JMH version: 1.37
[info] # VM version: JDK 25.0.3, Java HotSpot(TM) 64-Bit Server VM, 25.0.3+9-LTS-195
[info] # VM invoker: /Users/stas/.sdkman/candidates/java/25.0.3-oracle/bin/java
[info] # VM options: --add-opens=java.base/java.lang=ALL-UNNAMED -Xms2g -Xmx2g -XX:+UseG1GC
[info] # Blackhole mode: compiler (auto-detected, use -Djmh.blackhole.autoDetect=false to disable)
[info] # Warmup: 5 iterations, 1 s each
[info] # Measurement: 5 iterations, 1 s each
[info] # Timeout: 10 min per iteration
[info] # Threads: 1 thread, will synchronize iterations
[info] # Benchmark mode: Throughput, ops/time
[info] # Benchmark: bench.matched.PrimitivesBench.kyoSpawnJoin
[info] # Parameters: (capacity = 64, ops = 1000)
[info] # Run progress: 65,91% complete, ETA 00:11:27
[info] # Fork: 1 of 3
[info] WARNING: A terminally deprecated method in sun.misc.Unsafe has been called
[info] WARNING: sun.misc.Unsafe::objectFieldOffset has been called by org.openjdk.jmh.util.Utils (file:/Users/stas/projects/scala-effect-bench/target/bg-jobs/sbt_1a5ffb62/target/ec0caa91/1296d6b9/jmh-core-1.37.jar)
[info] WARNING: Please consider reporting this to the maintainers of class org.openjdk.jmh.util.Utils
[info] WARNING: sun.misc.Unsafe::objectFieldOffset will be removed in a future release
[info] # Warmup Iteration   1: 2606,770 ops/s
[info] # Warmup Iteration   2: 4602,058 ops/s
[info] # Warmup Iteration   3: 5226,762 ops/s
[info] # Warmup Iteration   4: 5167,184 ops/s
[info] # Warmup Iteration   5: 5206,412 ops/s
[info] Iteration   1: 5380,026 ops/s
[info]                  gc.alloc.rate:      2660,316 MB/sec
[info]                  gc.alloc.rate.norm: 518551,142 B/op
[info]                  gc.count:           2,000 counts
[info]                  gc.time:            3,000 ms
[info] Iteration   2: 5526,486 ops/s
[info]                  gc.alloc.rate:      2732,736 MB/sec
[info]                  gc.alloc.rate.norm: 518550,872 B/op
[info]                  gc.count:           3,000 counts
[info]                  gc.time:            4,000 ms
[info] Iteration   3: 5500,428 ops/s
[info]                  gc.alloc.rate:      2719,831 MB/sec
[info]                  gc.alloc.rate.norm: 518550,877 B/op
[info]                  gc.count:           2,000 counts
[info]                  gc.time:            3,000 ms
[info] Iteration   4: 5486,677 ops/s
[info]                  gc.alloc.rate:      2712,996 MB/sec
[info]                  gc.alloc.rate.norm: 518550,937 B/op
[info]                  gc.count:           2,000 counts
[info]                  gc.time:            2,000 ms
[info] Iteration   5: 5464,977 ops/s
[info]                  gc.alloc.rate:      2702,270 MB/sec
[info]                  gc.alloc.rate.norm: 518550,961 B/op
[info]                  gc.count:           2,000 counts
[info]                  gc.time:            2,000 ms
[info] # Run progress: 66,67% complete, ETA 00:11:12
[info] # Fork: 2 of 3
[info] WARNING: A terminally deprecated method in sun.misc.Unsafe has been called
[info] WARNING: sun.misc.Unsafe::objectFieldOffset has been called by org.openjdk.jmh.util.Utils (file:/Users/stas/projects/scala-effect-bench/target/bg-jobs/sbt_1a5ffb62/target/ec0caa91/1296d6b9/jmh-core-1.37.jar)
[info] WARNING: Please consider reporting this to the maintainers of class org.openjdk.jmh.util.Utils
[info] WARNING: sun.misc.Unsafe::objectFieldOffset will be removed in a future release
[info] # Warmup Iteration   1: 3319,887 ops/s
[info] # Warmup Iteration   2: 4845,198 ops/s
[info] # Warmup Iteration   3: 5100,845 ops/s
[info] # Warmup Iteration   4: 4984,820 ops/s
[info] # Warmup Iteration   5: 5229,261 ops/s
[info] Iteration   1: 5469,381 ops/s
[info]                  gc.alloc.rate:      2704,295 MB/sec
[info]                  gc.alloc.rate.norm: 518516,580 B/op
[info]                  gc.count:           2,000 counts
[info]                  gc.time:            3,000 ms
[info] Iteration   2: 5286,625 ops/s
[info]                  gc.alloc.rate:      2613,914 MB/sec
[info]                  gc.alloc.rate.norm: 518516,706 B/op
[info]                  gc.count:           2,000 counts
[info]                  gc.time:            4,000 ms
[info] Iteration   3: 5181,675 ops/s
[info]                  gc.alloc.rate:      2562,029 MB/sec
[info]                  gc.alloc.rate.norm: 518516,914 B/op
[info]                  gc.count:           2,000 counts
[info]                  gc.time:            3,000 ms
[info] Iteration   4: 5374,834 ops/s
[info]                  gc.alloc.rate:      2657,511 MB/sec
[info]                  gc.alloc.rate.norm: 518516,732 B/op
[info]                  gc.count:           2,000 counts
[info]                  gc.time:            2,000 ms
[info] Iteration   5: 5114,352 ops/s
[info]                  gc.alloc.rate:      2528,745 MB/sec
[info]                  gc.alloc.rate.norm: 518516,917 B/op
[info]                  gc.count:           2,000 counts
[info]                  gc.time:            2,000 ms
[info] # Run progress: 67,42% complete, ETA 00:10:56
[info] # Fork: 3 of 3
[info] WARNING: A terminally deprecated method in sun.misc.Unsafe has been called
[info] WARNING: sun.misc.Unsafe::objectFieldOffset has been called by org.openjdk.jmh.util.Utils (file:/Users/stas/projects/scala-effect-bench/target/bg-jobs/sbt_1a5ffb62/target/ec0caa91/1296d6b9/jmh-core-1.37.jar)
[info] WARNING: Please consider reporting this to the maintainers of class org.openjdk.jmh.util.Utils
[info] WARNING: sun.misc.Unsafe::objectFieldOffset will be removed in a future release
[info] # Warmup Iteration   1: 3339,421 ops/s
[info] # Warmup Iteration   2: 5022,203 ops/s
[info] # Warmup Iteration   3: 5294,988 ops/s
[info] # Warmup Iteration   4: 5301,578 ops/s
[info] # Warmup Iteration   5: 5353,979 ops/s
[info] Iteration   1: 5368,544 ops/s
[info]                  gc.alloc.rate:      2654,486 MB/sec
[info]                  gc.alloc.rate.norm: 518532,710 B/op
[info]                  gc.count:           2,000 counts
[info]                  gc.time:            3,000 ms
[info] Iteration   2: 5435,085 ops/s
[info]                  gc.alloc.rate:      2687,379 MB/sec
[info]                  gc.alloc.rate.norm: 518532,626 B/op
[info]                  gc.count:           2,000 counts
[info]                  gc.time:            3,000 ms
[info] Iteration   3: 5327,038 ops/s
[info]                  gc.alloc.rate:      2699,545 MB/sec
[info]                  gc.alloc.rate.norm: 531425,051 B/op
[info]                  gc.count:           2,000 counts
[info]                  gc.time:            4,000 ms
[info] Iteration   4: 5231,647 ops/s
[info]                  gc.alloc.rate:      2706,670 MB/sec
[info]                  gc.alloc.rate.norm: 542556,881 B/op
[info]                  gc.count:           3,000 counts
[info]                  gc.time:            3,000 ms
[info] Iteration   5: 5300,807 ops/s
[info]                  gc.alloc.rate:      2742,488 MB/sec
[info]                  gc.alloc.rate.norm: 542556,742 B/op
[info]                  gc.count:           2,000 counts
[info]                  gc.time:            2,000 ms
[info] Result "bench.matched.PrimitivesBench.kyoSpawnJoin":
[info]   5363,239 ±(99.9%) 131,317 ops/s [Average]
[info]   (min, avg, max) = (5114,352, 5363,239, 5526,486), stdev = 122,834
[info]   CI (99.9%): [5231,922, 5494,556] (assumes normal distribution)
[info] Secondary result "bench.matched.PrimitivesBench.kyoSpawnJoin:gc.alloc.rate":
[info]   2672,347 ±(99.9%) 66,039 MB/sec [Average]
[info]   (min, avg, max) = (2528,745, 2672,347, 2742,488), stdev = 61,773
[info]   CI (99.9%): [2606,308, 2738,387] (assumes normal distribution)
[info] Secondary result "bench.matched.PrimitivesBench.kyoSpawnJoin:gc.alloc.rate.norm":
[info]   522596,177 ±(99.9%) 9358,551 B/op [Average]
[info]   (min, avg, max) = (518516,580, 522596,177, 542556,881), stdev = 8753,994
[info]   CI (99.9%): [513237,626, 531954,728] (assumes normal distribution)
[info] Secondary result "bench.matched.PrimitivesBench.kyoSpawnJoin:gc.count":
[info]   32,000 ±(99.9%) 0,001 counts [Sum]
[info]   (min, avg, max) = (2,000, 2,133, 3,000), stdev = 0,352
[info]   CI (99.9%): [32,000, 32,000] (assumes normal distribution)
[info] Secondary result "bench.matched.PrimitivesBench.kyoSpawnJoin:gc.time":
[info]   43,000 ±(99.9%) 0,001 ms [Sum]
[info]   (min, avg, max) = (2,000, 2,867, 4,000), stdev = 0,743
[info]   CI (99.9%): [43,000, 43,000] (assumes normal distribution)
[info] # JMH version: 1.37
[info] # VM version: JDK 25.0.3, Java HotSpot(TM) 64-Bit Server VM, 25.0.3+9-LTS-195
[info] # VM invoker: /Users/stas/.sdkman/candidates/java/25.0.3-oracle/bin/java
[info] # VM options: --add-opens=java.base/java.lang=ALL-UNNAMED -Xms2g -Xmx2g -XX:+UseG1GC
[info] # Blackhole mode: compiler (auto-detected, use -Djmh.blackhole.autoDetect=false to disable)
[info] # Warmup: 5 iterations, 1 s each
[info] # Measurement: 5 iterations, 1 s each
[info] # Timeout: 10 min per iteration
[info] # Threads: 1 thread, will synchronize iterations
[info] # Benchmark mode: Throughput, ops/time
[info] # Benchmark: bench.matched.RunnerBench.ceRunner
[info] # Run progress: 68,18% complete, ETA 00:10:41
[info] # Fork: 1 of 3
[info] WARNING: A terminally deprecated method in sun.misc.Unsafe has been called
[info] WARNING: sun.misc.Unsafe::objectFieldOffset has been called by org.openjdk.jmh.util.Utils (file:/Users/stas/projects/scala-effect-bench/target/bg-jobs/sbt_1a5ffb62/target/ec0caa91/1296d6b9/jmh-core-1.37.jar)
[info] WARNING: Please consider reporting this to the maintainers of class org.openjdk.jmh.util.Utils
[info] WARNING: sun.misc.Unsafe::objectFieldOffset will be removed in a future release
[info] # Warmup Iteration   1: 86889,111 ops/s
[info] # Warmup Iteration   2: 114199,222 ops/s
[info] # Warmup Iteration   3: 120360,192 ops/s
[info] # Warmup Iteration   4: 120640,485 ops/s
[info] # Warmup Iteration   5: 117538,524 ops/s
[info] Iteration   1: 121364,969 ops/s
[info]                  gc.alloc.rate:      125,919 MB/sec
[info]                  gc.alloc.rate.norm: 1088,059 B/op
[info]                  gc.count:           ≈ 0 counts
[info] Iteration   2: 122465,712 ops/s
[info]                  gc.alloc.rate:      127,065 MB/sec
[info]                  gc.alloc.rate.norm: 1088,059 B/op
[info]                  gc.count:           1,000 counts
[info]                  gc.time:            2,000 ms
[info] Iteration   3: 123831,626 ops/s
[info]                  gc.alloc.rate:      128,481 MB/sec
[info]                  gc.alloc.rate.norm: 1088,049 B/op
[info]                  gc.count:           ≈ 0 counts
[info] Iteration   4: 118143,221 ops/s
[info]                  gc.alloc.rate:      122,579 MB/sec
[info]                  gc.alloc.rate.norm: 1088,056 B/op
[info]                  gc.count:           ≈ 0 counts
[info] Iteration   5: 117131,007 ops/s
[info]                  gc.alloc.rate:      121,527 MB/sec
[info]                  gc.alloc.rate.norm: 1088,058 B/op
[info]                  gc.count:           ≈ 0 counts
[info] # Run progress: 68,94% complete, ETA 00:10:26
[info] # Fork: 2 of 3
[info] WARNING: A terminally deprecated method in sun.misc.Unsafe has been called
[info] WARNING: sun.misc.Unsafe::objectFieldOffset has been called by org.openjdk.jmh.util.Utils (file:/Users/stas/projects/scala-effect-bench/target/bg-jobs/sbt_1a5ffb62/target/ec0caa91/1296d6b9/jmh-core-1.37.jar)
[info] WARNING: Please consider reporting this to the maintainers of class org.openjdk.jmh.util.Utils
[info] WARNING: sun.misc.Unsafe::objectFieldOffset will be removed in a future release
[info] # Warmup Iteration   1: 87122,412 ops/s
[info] # Warmup Iteration   2: 116657,263 ops/s
[info] # Warmup Iteration   3: 117501,970 ops/s
[info] # Warmup Iteration   4: 115743,225 ops/s
[info] # Warmup Iteration   5: 115535,043 ops/s
[info] Iteration   1: 116504,202 ops/s
[info]                  gc.alloc.rate:      120,879 MB/sec
[info]                  gc.alloc.rate.norm: 1088,060 B/op
[info]                  gc.count:           ≈ 0 counts
[info] Iteration   2: 116217,814 ops/s
[info]                  gc.alloc.rate:      120,578 MB/sec
[info]                  gc.alloc.rate.norm: 1088,058 B/op
[info]                  gc.count:           1,000 counts
[info]                  gc.time:            2,000 ms
[info] Iteration   3: 117147,485 ops/s
[info]                  gc.alloc.rate:      121,546 MB/sec
[info]                  gc.alloc.rate.norm: 1088,058 B/op
[info]                  gc.count:           ≈ 0 counts
[info] Iteration   4: 119963,364 ops/s
[info]                  gc.alloc.rate:      124,468 MB/sec
[info]                  gc.alloc.rate.norm: 1088,056 B/op
[info]                  gc.count:           ≈ 0 counts
[info] Iteration   5: 118007,971 ops/s
[info]                  gc.alloc.rate:      122,440 MB/sec
[info]                  gc.alloc.rate.norm: 1088,053 B/op
[info]                  gc.count:           ≈ 0 counts
[info] # Run progress: 69,70% complete, ETA 00:10:10
[info] # Fork: 3 of 3
[info] WARNING: A terminally deprecated method in sun.misc.Unsafe has been called
[info] WARNING: sun.misc.Unsafe::objectFieldOffset has been called by org.openjdk.jmh.util.Utils (file:/Users/stas/projects/scala-effect-bench/target/bg-jobs/sbt_1a5ffb62/target/ec0caa91/1296d6b9/jmh-core-1.37.jar)
[info] WARNING: Please consider reporting this to the maintainers of class org.openjdk.jmh.util.Utils
[info] WARNING: sun.misc.Unsafe::objectFieldOffset will be removed in a future release
[info] # Warmup Iteration   1: 86871,084 ops/s
[info] # Warmup Iteration   2: 116496,687 ops/s
[info] # Warmup Iteration   3: 116989,858 ops/s
[info] # Warmup Iteration   4: 119527,774 ops/s
[info] # Warmup Iteration   5: 112143,070 ops/s
[info] Iteration   1: 121248,197 ops/s
[info]                  gc.alloc.rate:      121,521 MB/sec
[info]                  gc.alloc.rate.norm: 1051,042 B/op
[info]                  gc.count:           ≈ 0 counts
[info] Iteration   2: 117123,003 ops/s
[info]                  gc.alloc.rate:      117,152 MB/sec
[info]                  gc.alloc.rate.norm: 1048,972 B/op
[info]                  gc.count:           ≈ 0 counts
[info] Iteration   3: 121793,081 ops/s
[info]                  gc.alloc.rate:      121,720 MB/sec
[info]                  gc.alloc.rate.norm: 1048,049 B/op
[info]                  gc.count:           1,000 counts
[info]                  gc.time:            1,000 ms
[info] Iteration   4: 118444,273 ops/s
[info]                  gc.alloc.rate:      118,369 MB/sec
[info]                  gc.alloc.rate.norm: 1048,045 B/op
[info]                  gc.count:           ≈ 0 counts
[info] Iteration   5: 118215,835 ops/s
[info]                  gc.alloc.rate:      118,132 MB/sec
[info]                  gc.alloc.rate.norm: 1048,052 B/op
[info]                  gc.count:           ≈ 0 counts
[info] Result "bench.matched.RunnerBench.ceRunner":
[info]   119173,451 ±(99.9%) 2576,872 ops/s [Average]
[info]   (min, avg, max) = (116217,814, 119173,451, 123831,626), stdev = 2410,408
[info]   CI (99.9%): [116596,579, 121750,323] (assumes normal distribution)
[info] Secondary result "bench.matched.RunnerBench.ceRunner:gc.alloc.rate":
[info]   122,158 ±(99.9%) 3,440 MB/sec [Average]
[info]   (min, avg, max) = (117,152, 122,158, 128,481), stdev = 3,217
[info]   CI (99.9%): [118,719, 125,598] (assumes normal distribution)
[info] Secondary result "bench.matched.RunnerBench.ceRunner:gc.alloc.rate.norm":
[info]   1074,982 ±(99.9%) 20,475 B/op [Average]
[info]   (min, avg, max) = (1048,045, 1074,982, 1088,060), stdev = 19,152
[info]   CI (99.9%): [1054,507, 1095,457] (assumes normal distribution)
[info] Secondary result "bench.matched.RunnerBench.ceRunner:gc.count":
[info]   3,000 ±(99.9%) 0,001 counts [Sum]
[info]   (min, avg, max) = (≈ 0, 0,200, 1,000), stdev = 0,414
[info]   CI (99.9%): [3,000, 3,000] (assumes normal distribution)
[info] Secondary result "bench.matched.RunnerBench.ceRunner:gc.time":
[info]   5,000 ±(99.9%) 0,001 ms [Sum]
[info]   (min, avg, max) = (≈ 0, 0,333, 2,000), stdev = 0,724
[info]   CI (99.9%): [5,000, 5,000] (assumes normal distribution)
[info] # JMH version: 1.37
[info] # VM version: JDK 25.0.3, Java HotSpot(TM) 64-Bit Server VM, 25.0.3+9-LTS-195
[info] # VM invoker: /Users/stas/.sdkman/candidates/java/25.0.3-oracle/bin/java
[info] # VM options: --add-opens=java.base/java.lang=ALL-UNNAMED -Xms2g -Xmx2g -XX:+UseG1GC
[info] # Blackhole mode: compiler (auto-detected, use -Djmh.blackhole.autoDetect=false to disable)
[info] # Warmup: 5 iterations, 1 s each
[info] # Measurement: 5 iterations, 1 s each
[info] # Timeout: 10 min per iteration
[info] # Threads: 1 thread, will synchronize iterations
[info] # Benchmark mode: Throughput, ops/time
[info] # Benchmark: bench.matched.RunnerBench.kyoRunner
[info] # Run progress: 70,45% complete, ETA 00:09:55
[info] # Fork: 1 of 3
[info] WARNING: A terminally deprecated method in sun.misc.Unsafe has been called
[info] WARNING: sun.misc.Unsafe::objectFieldOffset has been called by org.openjdk.jmh.util.Utils (file:/Users/stas/projects/scala-effect-bench/target/bg-jobs/sbt_1a5ffb62/target/ec0caa91/1296d6b9/jmh-core-1.37.jar)
[info] WARNING: Please consider reporting this to the maintainers of class org.openjdk.jmh.util.Utils
[info] WARNING: sun.misc.Unsafe::objectFieldOffset will be removed in a future release
[info] # Warmup Iteration   1: 101754,270 ops/s
[info] # Warmup Iteration   2: 142492,047 ops/s
[info] # Warmup Iteration   3: 148201,911 ops/s
[info] # Warmup Iteration   4: 144083,713 ops/s
[info] # Warmup Iteration   5: 144773,431 ops/s
[info] Iteration   1: 144931,294 ops/s
[info]                  gc.alloc.rate:      80,715 MB/sec
[info]                  gc.alloc.rate.norm: 584,049 B/op
[info]                  gc.count:           ≈ 0 counts
[info] Iteration   2: 143408,519 ops/s
[info]                  gc.alloc.rate:      79,875 MB/sec
[info]                  gc.alloc.rate.norm: 584,086 B/op
[info]                  gc.count:           ≈ 0 counts
[info] Iteration   3: 140937,394 ops/s
[info]                  gc.alloc.rate:      78,499 MB/sec
[info]                  gc.alloc.rate.norm: 584,096 B/op
[info]                  gc.count:           ≈ 0 counts
[info] Iteration   4: 147344,809 ops/s
[info]                  gc.alloc.rate:      82,066 MB/sec
[info]                  gc.alloc.rate.norm: 584,087 B/op
[info]                  gc.count:           ≈ 0 counts
[info] Iteration   5: 127995,764 ops/s
[info]                  gc.alloc.rate:      71,292 MB/sec
[info]                  gc.alloc.rate.norm: 584,123 B/op
[info]                  gc.count:           ≈ 0 counts
[info] # Run progress: 71,21% complete, ETA 00:09:40
[info] # Fork: 2 of 3
[info] WARNING: A terminally deprecated method in sun.misc.Unsafe has been called
[info] WARNING: sun.misc.Unsafe::objectFieldOffset has been called by org.openjdk.jmh.util.Utils (file:/Users/stas/projects/scala-effect-bench/target/bg-jobs/sbt_1a5ffb62/target/ec0caa91/1296d6b9/jmh-core-1.37.jar)
[info] WARNING: Please consider reporting this to the maintainers of class org.openjdk.jmh.util.Utils
[info] WARNING: sun.misc.Unsafe::objectFieldOffset will be removed in a future release
[info] # Warmup Iteration   1: 104503,495 ops/s
[info] # Warmup Iteration   2: 144564,078 ops/s
[info] # Warmup Iteration   3: 135238,816 ops/s
[info] # Warmup Iteration   4: 137030,623 ops/s
[info] # Warmup Iteration   5: 139302,194 ops/s
[info] Iteration   1: 147974,440 ops/s
[info]                  gc.alloc.rate:      82,415 MB/sec
[info]                  gc.alloc.rate.norm: 584,081 B/op
[info]                  gc.count:           ≈ 0 counts
[info] Iteration   2: 145734,689 ops/s
[info]                  gc.alloc.rate:      81,169 MB/sec
[info]                  gc.alloc.rate.norm: 584,078 B/op
[info]                  gc.count:           ≈ 0 counts
[info] Iteration   3: 144247,858 ops/s
[info]                  gc.alloc.rate:      80,341 MB/sec
[info]                  gc.alloc.rate.norm: 584,089 B/op
[info]                  gc.count:           ≈ 0 counts
[info] Iteration   4: 148367,774 ops/s
[info]                  gc.alloc.rate:      82,632 MB/sec
[info]                  gc.alloc.rate.norm: 584,053 B/op
[info]                  gc.count:           ≈ 0 counts
[info] Iteration   5: 150004,465 ops/s
[info]                  gc.alloc.rate:      83,536 MB/sec
[info]                  gc.alloc.rate.norm: 583,996 B/op
[info]                  gc.count:           ≈ 0 counts
[info] # Run progress: 71,97% complete, ETA 00:09:25
[info] # Fork: 3 of 3
[info] WARNING: A terminally deprecated method in sun.misc.Unsafe has been called
[info] WARNING: sun.misc.Unsafe::objectFieldOffset has been called by org.openjdk.jmh.util.Utils (file:/Users/stas/projects/scala-effect-bench/target/bg-jobs/sbt_1a5ffb62/target/ec0caa91/1296d6b9/jmh-core-1.37.jar)
[info] WARNING: Please consider reporting this to the maintainers of class org.openjdk.jmh.util.Utils
[info] WARNING: sun.misc.Unsafe::objectFieldOffset will be removed in a future release
[info] # Warmup Iteration   1: 86215,404 ops/s
[info] # Warmup Iteration   2: 138636,525 ops/s
[info] # Warmup Iteration   3: 141149,477 ops/s
[info] # Warmup Iteration   4: 139929,652 ops/s
[info] # Warmup Iteration   5: 146700,938 ops/s
[info] Iteration   1: 142636,870 ops/s
[info]                  gc.alloc.rate:      79,442 MB/sec
[info]                  gc.alloc.rate.norm: 584,085 B/op
[info]                  gc.count:           ≈ 0 counts
[info] Iteration   2: 140940,628 ops/s
[info]                  gc.alloc.rate:      78,501 MB/sec
[info]                  gc.alloc.rate.norm: 584,103 B/op
[info]                  gc.count:           ≈ 0 counts
[info] Iteration   3: 144790,528 ops/s
[info]                  gc.alloc.rate:      80,644 MB/sec
[info]                  gc.alloc.rate.norm: 584,096 B/op
[info]                  gc.count:           ≈ 0 counts
[info] Iteration   4: 139641,808 ops/s
[info]                  gc.alloc.rate:      77,777 MB/sec
[info]                  gc.alloc.rate.norm: 584,088 B/op
[info]                  gc.count:           ≈ 0 counts
[info] Iteration   5: 140467,483 ops/s
[info]                  gc.alloc.rate:      78,238 MB/sec
[info]                  gc.alloc.rate.norm: 584,093 B/op
[info]                  gc.count:           ≈ 0 counts
[info] Result "bench.matched.RunnerBench.kyoRunner":
[info]   143294,955 ±(99.9%) 5626,383 ops/s [Average]
[info]   (min, avg, max) = (127995,764, 143294,955, 150004,465), stdev = 5262,922
[info]   CI (99.9%): [137668,572, 148921,337] (assumes normal distribution)
[info] Secondary result "bench.matched.RunnerBench.kyoRunner:gc.alloc.rate":
[info]   79,809 ±(99.9%) 3,131 MB/sec [Average]
[info]   (min, avg, max) = (71,292, 79,809, 83,536), stdev = 2,929
[info]   CI (99.9%): [76,678, 82,941] (assumes normal distribution)
[info] Secondary result "bench.matched.RunnerBench.kyoRunner:gc.alloc.rate.norm":
[info]   584,080 ±(99.9%) 0,031 B/op [Average]
[info]   (min, avg, max) = (583,996, 584,080, 584,123), stdev = 0,029
[info]   CI (99.9%): [584,049, 584,112] (assumes normal distribution)
[info] Secondary result "bench.matched.RunnerBench.kyoRunner:gc.count":
[info]   ≈ 0 counts
[info] # JMH version: 1.37
[info] # VM version: JDK 25.0.3, Java HotSpot(TM) 64-Bit Server VM, 25.0.3+9-LTS-195
[info] # VM invoker: /Users/stas/.sdkman/candidates/java/25.0.3-oracle/bin/java
[info] # VM options: --add-opens=java.base/java.lang=ALL-UNNAMED -Xms2g -Xmx2g -XX:+UseG1GC
[info] # Blackhole mode: compiler (auto-detected, use -Djmh.blackhole.autoDetect=false to disable)
[info] # Warmup: 5 iterations, 1 s each
[info] # Measurement: 5 iterations, 1 s each
[info] # Timeout: 10 min per iteration
[info] # Threads: 1 thread, will synchronize iterations
[info] # Benchmark mode: Throughput, ops/time
[info] # Benchmark: bench.matched.StreamBench.ceEvalChunks
[info] # Parameters: (capacity = 64, chunkSize = 64, parallelism = 4, size = 10000, work = 0)
[info] # Run progress: 72,73% complete, ETA 00:09:09
[info] # Fork: 1 of 3
[info] WARNING: A terminally deprecated method in sun.misc.Unsafe has been called
[info] WARNING: sun.misc.Unsafe::objectFieldOffset has been called by org.openjdk.jmh.util.Utils (file:/Users/stas/projects/scala-effect-bench/target/bg-jobs/sbt_1a5ffb62/target/ec0caa91/1296d6b9/jmh-core-1.37.jar)
[info] WARNING: Please consider reporting this to the maintainers of class org.openjdk.jmh.util.Utils
[info] WARNING: sun.misc.Unsafe::objectFieldOffset will be removed in a future release
[info] # Warmup Iteration   1: 610,089 ops/s
[info] # Warmup Iteration   2: 1236,294 ops/s
[info] # Warmup Iteration   3: 1327,185 ops/s
[info] # Warmup Iteration   4: 1366,747 ops/s
[info] # Warmup Iteration   5: 1371,899 ops/s
[info] Iteration   1: 1394,631 ops/s
[info]                  gc.alloc.rate:      4090,961 MB/sec
[info]                  gc.alloc.rate.norm: 3076141,090 B/op
[info]                  gc.count:           4,000 counts
[info]                  gc.time:            7,000 ms
[info] Iteration   2: 1396,913 ops/s
[info]                  gc.alloc.rate:      4097,417 MB/sec
[info]                  gc.alloc.rate.norm: 3075973,219 B/op
[info]                  gc.count:           3,000 counts
[info]                  gc.time:            3,000 ms
[info] Iteration   3: 1403,466 ops/s
[info]                  gc.alloc.rate:      4116,407 MB/sec
[info]                  gc.alloc.rate.norm: 3075804,201 B/op
[info]                  gc.count:           4,000 counts
[info]                  gc.time:            4,000 ms
[info] Iteration   4: 1412,771 ops/s
[info]                  gc.alloc.rate:      4143,651 MB/sec
[info]                  gc.alloc.rate.norm: 3075780,930 B/op
[info]                  gc.count:           3,000 counts
[info]                  gc.time:            3,000 ms
[info] Iteration   5: 1379,872 ops/s
[info]                  gc.alloc.rate:      4047,048 MB/sec
[info]                  gc.alloc.rate.norm: 3075781,047 B/op
[info]                  gc.count:           3,000 counts
[info]                  gc.time:            3,000 ms
[info] # Run progress: 73,48% complete, ETA 00:08:54
[info] # Fork: 2 of 3
[info] WARNING: A terminally deprecated method in sun.misc.Unsafe has been called
[info] WARNING: sun.misc.Unsafe::objectFieldOffset has been called by org.openjdk.jmh.util.Utils (file:/Users/stas/projects/scala-effect-bench/target/bg-jobs/sbt_1a5ffb62/target/ec0caa91/1296d6b9/jmh-core-1.37.jar)
[info] WARNING: Please consider reporting this to the maintainers of class org.openjdk.jmh.util.Utils
[info] WARNING: sun.misc.Unsafe::objectFieldOffset will be removed in a future release
[info] # Warmup Iteration   1: 618,057 ops/s
[info] # Warmup Iteration   2: 1322,781 ops/s
[info] # Warmup Iteration   3: 1360,662 ops/s
[info] # Warmup Iteration   4: 1372,492 ops/s
[info] # Warmup Iteration   5: 1375,058 ops/s
[info] Iteration   1: 1401,236 ops/s
[info]                  gc.alloc.rate:      4116,843 MB/sec
[info]                  gc.alloc.rate.norm: 3081053,417 B/op
[info]                  gc.count:           3,000 counts
[info]                  gc.time:            3,000 ms
[info] Iteration   2: 1397,724 ops/s
[info]                  gc.alloc.rate:      4106,297 MB/sec
[info]                  gc.alloc.rate.norm: 3080868,561 B/op
[info]                  gc.count:           3,000 counts
[info]                  gc.time:            3,000 ms
[info] Iteration   3: 1356,016 ops/s
[info]                  gc.alloc.rate:      3983,593 MB/sec
[info]                  gc.alloc.rate.norm: 3080777,461 B/op
[info]                  gc.count:           4,000 counts
[info]                  gc.time:            4,000 ms
[info] Iteration   4: 1414,319 ops/s
[info]                  gc.alloc.rate:      4154,852 MB/sec
[info]                  gc.alloc.rate.norm: 3080756,923 B/op
[info]                  gc.count:           3,000 counts
[info]                  gc.time:            3,000 ms
[info] Iteration   5: 1413,120 ops/s
[info]                  gc.alloc.rate:      4151,136 MB/sec
[info]                  gc.alloc.rate.norm: 3080756,926 B/op
[info]                  gc.count:           4,000 counts
[info]                  gc.time:            4,000 ms
[info] # Run progress: 74,24% complete, ETA 00:08:39
[info] # Fork: 3 of 3
[info] WARNING: A terminally deprecated method in sun.misc.Unsafe has been called
[info] WARNING: sun.misc.Unsafe::objectFieldOffset has been called by org.openjdk.jmh.util.Utils (file:/Users/stas/projects/scala-effect-bench/target/bg-jobs/sbt_1a5ffb62/target/ec0caa91/1296d6b9/jmh-core-1.37.jar)
[info] WARNING: Please consider reporting this to the maintainers of class org.openjdk.jmh.util.Utils
[info] WARNING: sun.misc.Unsafe::objectFieldOffset will be removed in a future release
[info] # Warmup Iteration   1: 693,969 ops/s
[info] # Warmup Iteration   2: 1337,360 ops/s
[info] # Warmup Iteration   3: 1515,685 ops/s
[info] # Warmup Iteration   4: 1541,062 ops/s
[info] # Warmup Iteration   5: 1539,069 ops/s
[info] Iteration   1: 1543,135 ops/s
[info]                  gc.alloc.rate:      4535,474 MB/sec
[info]                  gc.alloc.rate.norm: 3082240,155 B/op
[info]                  gc.count:           4,000 counts
[info]                  gc.time:            4,000 ms
[info] Iteration   2: 1547,850 ops/s
[info]                  gc.alloc.rate:      4549,203 MB/sec
[info]                  gc.alloc.rate.norm: 3082133,819 B/op
[info]                  gc.count:           4,000 counts
[info]                  gc.time:            3,000 ms
[info] Iteration   3: 1576,175 ops/s
[info]                  gc.alloc.rate:      4632,381 MB/sec
[info]                  gc.alloc.rate.norm: 3082052,416 B/op
[info]                  gc.count:           3,000 counts
[info]                  gc.time:            3,000 ms
[info] Iteration   4: 1581,932 ops/s
[info]                  gc.alloc.rate:      4649,260 MB/sec
[info]                  gc.alloc.rate.norm: 3082052,403 B/op
[info]                  gc.count:           4,000 counts
[info]                  gc.time:            4,000 ms
[info] Iteration   5: 1579,516 ops/s
[info]                  gc.alloc.rate:      4642,088 MB/sec
[info]                  gc.alloc.rate.norm: 3082052,408 B/op
[info]                  gc.count:           4,000 counts
[info]                  gc.time:            4,000 ms
[info] Result "bench.matched.StreamBench.ceEvalChunks":
[info]   1453,245 ±(99.9%) 89,955 ops/s [Average]
[info]   (min, avg, max) = (1356,016, 1453,245, 1581,932), stdev = 84,144
[info]   CI (99.9%): [1363,290, 1543,200] (assumes normal distribution)
[info] Secondary result "bench.matched.StreamBench.ceEvalChunks:gc.alloc.rate":
[info]   4267,774 ±(99.9%) 266,920 MB/sec [Average]
[info]   (min, avg, max) = (3983,593, 4267,774, 4649,260), stdev = 249,677
[info]   CI (99.9%): [4000,854, 4534,694] (assumes normal distribution)
[info] Secondary result "bench.matched.StreamBench.ceEvalChunks:gc.alloc.rate.norm":
[info]   3079614,998 ±(99.9%) 2968,045 B/op [Average]
[info]   (min, avg, max) = (3075780,930, 3079614,998, 3082240,155), stdev = 2776,311
[info]   CI (99.9%): [3076646,954, 3082583,043] (assumes normal distribution)
[info] Secondary result "bench.matched.StreamBench.ceEvalChunks:gc.count":
[info]   53,000 ±(99.9%) 0,001 counts [Sum]
[info]   (min, avg, max) = (3,000, 3,533, 4,000), stdev = 0,516
[info]   CI (99.9%): [53,000, 53,000] (assumes normal distribution)
[info] Secondary result "bench.matched.StreamBench.ceEvalChunks:gc.time":
[info]   55,000 ±(99.9%) 0,001 ms [Sum]
[info]   (min, avg, max) = (3,000, 3,667, 7,000), stdev = 1,047
[info]   CI (99.9%): [55,000, 55,000] (assumes normal distribution)
[info] # JMH version: 1.37
[info] # VM version: JDK 25.0.3, Java HotSpot(TM) 64-Bit Server VM, 25.0.3+9-LTS-195
[info] # VM invoker: /Users/stas/.sdkman/candidates/java/25.0.3-oracle/bin/java
[info] # VM options: --add-opens=java.base/java.lang=ALL-UNNAMED -Xms2g -Xmx2g -XX:+UseG1GC
[info] # Blackhole mode: compiler (auto-detected, use -Djmh.blackhole.autoDetect=false to disable)
[info] # Warmup: 5 iterations, 1 s each
[info] # Measurement: 5 iterations, 1 s each
[info] # Timeout: 10 min per iteration
[info] # Threads: 1 thread, will synchronize iterations
[info] # Benchmark mode: Throughput, ops/time
[info] # Benchmark: bench.matched.StreamBench.ceEvalChunks
[info] # Parameters: (capacity = 64, chunkSize = 64, parallelism = 4, size = 10000, work = 64)
[info] # Run progress: 75,00% complete, ETA 00:08:24
[info] # Fork: 1 of 3
[info] WARNING: A terminally deprecated method in sun.misc.Unsafe has been called
[info] WARNING: sun.misc.Unsafe::objectFieldOffset has been called by org.openjdk.jmh.util.Utils (file:/Users/stas/projects/scala-effect-bench/target/bg-jobs/sbt_1a5ffb62/target/ec0caa91/1296d6b9/jmh-core-1.37.jar)
[info] WARNING: Please consider reporting this to the maintainers of class org.openjdk.jmh.util.Utils
[info] WARNING: sun.misc.Unsafe::objectFieldOffset will be removed in a future release
[info] # Warmup Iteration   1: 325,947 ops/s
[info] # Warmup Iteration   2: 541,453 ops/s
[info] # Warmup Iteration   3: 541,580 ops/s
[info] # Warmup Iteration   4: 581,535 ops/s
[info] # Warmup Iteration   5: 581,408 ops/s
[info] Iteration   1: 590,722 ops/s
[info]                  gc.alloc.rate:      1735,925 MB/sec
[info]                  gc.alloc.rate.norm: 3081745,778 B/op
[info]                  gc.count:           2,000 counts
[info]                  gc.time:            3,000 ms
[info] Iteration   2: 601,163 ops/s
[info]                  gc.alloc.rate:      1766,454 MB/sec
[info]                  gc.alloc.rate.norm: 3081453,673 B/op
[info]                  gc.count:           1,000 counts
[info]                  gc.time:            2,000 ms
[info] Iteration   3: 591,145 ops/s
[info]                  gc.alloc.rate:      1736,931 MB/sec
[info]                  gc.alloc.rate.norm: 3081323,765 B/op
[info]                  gc.count:           2,000 counts
[info]                  gc.time:            5,000 ms
[info] Iteration   4: 583,438 ops/s
[info]                  gc.alloc.rate:      1714,316 MB/sec
[info]                  gc.alloc.rate.norm: 3081323,945 B/op
[info]                  gc.count:           1,000 counts
[info]                  gc.time:            1,000 ms
[info] Iteration   5: 590,163 ops/s
[info]                  gc.alloc.rate:      1734,010 MB/sec
[info]                  gc.alloc.rate.norm: 3081279,367 B/op
[info]                  gc.count:           1,000 counts
[info]                  gc.time:            3,000 ms
[info] # Run progress: 75,76% complete, ETA 00:08:08
[info] # Fork: 2 of 3
[info] WARNING: A terminally deprecated method in sun.misc.Unsafe has been called
[info] WARNING: sun.misc.Unsafe::objectFieldOffset has been called by org.openjdk.jmh.util.Utils (file:/Users/stas/projects/scala-effect-bench/target/bg-jobs/sbt_1a5ffb62/target/ec0caa91/1296d6b9/jmh-core-1.37.jar)
[info] WARNING: Please consider reporting this to the maintainers of class org.openjdk.jmh.util.Utils
[info] WARNING: sun.misc.Unsafe::objectFieldOffset will be removed in a future release
[info] # Warmup Iteration   1: 327,835 ops/s
[info] # Warmup Iteration   2: 540,961 ops/s
[info] # Warmup Iteration   3: 555,589 ops/s
[info] # Warmup Iteration   4: 572,070 ops/s
[info] # Warmup Iteration   5: 561,487 ops/s
[info] Iteration   1: 565,005 ops/s
[info]                  gc.alloc.rate:      1659,021 MB/sec
[info]                  gc.alloc.rate.norm: 3079224,141 B/op
[info]                  gc.count:           2,000 counts
[info]                  gc.time:            5,000 ms
[info] Iteration   2: 539,823 ops/s
[info]                  gc.alloc.rate:      1584,960 MB/sec
[info]                  gc.alloc.rate.norm: 3079020,788 B/op
[info]                  gc.count:           1,000 counts
[info]                  gc.time:            2,000 ms
[info] Iteration   3: 563,622 ops/s
[info]                  gc.alloc.rate:      1654,743 MB/sec
[info]                  gc.alloc.rate.norm: 3078840,437 B/op
[info]                  gc.count:           1,000 counts
[info]                  gc.time:            2,000 ms
[info] Iteration   4: 576,426 ops/s
[info]                  gc.alloc.rate:      1692,334 MB/sec
[info]                  gc.alloc.rate.norm: 3078812,069 B/op
[info]                  gc.count:           2,000 counts
[info]                  gc.time:            6,000 ms
[info] Iteration   5: 571,405 ops/s
[info]                  gc.alloc.rate:      1677,519 MB/sec
[info]                  gc.alloc.rate.norm: 3078789,037 B/op
[info]                  gc.count:           1,000 counts
[info]                  gc.time:            1,000 ms
[info] # Run progress: 76,52% complete, ETA 00:07:53
[info] # Fork: 3 of 3
[info] WARNING: A terminally deprecated method in sun.misc.Unsafe has been called
[info] WARNING: sun.misc.Unsafe::objectFieldOffset has been called by org.openjdk.jmh.util.Utils (file:/Users/stas/projects/scala-effect-bench/target/bg-jobs/sbt_1a5ffb62/target/ec0caa91/1296d6b9/jmh-core-1.37.jar)
[info] WARNING: Please consider reporting this to the maintainers of class org.openjdk.jmh.util.Utils
[info] WARNING: sun.misc.Unsafe::objectFieldOffset will be removed in a future release
[info] # Warmup Iteration   1: 320,203 ops/s
[info] # Warmup Iteration   2: 538,189 ops/s
[info] # Warmup Iteration   3: 562,430 ops/s
[info] # Warmup Iteration   4: 570,786 ops/s
[info] # Warmup Iteration   5: 561,167 ops/s
[info] Iteration   1: 596,782 ops/s
[info]                  gc.alloc.rate:      1753,795 MB/sec
[info]                  gc.alloc.rate.norm: 3081819,280 B/op
[info]                  gc.count:           2,000 counts
[info]                  gc.time:            4,000 ms
[info] Iteration   2: 582,182 ops/s
[info]                  gc.alloc.rate:      1710,697 MB/sec
[info]                  gc.alloc.rate.norm: 3081430,334 B/op
[info]                  gc.count:           1,000 counts
[info]                  gc.time:            2,000 ms
[info] Iteration   3: 609,944 ops/s
[info]                  gc.alloc.rate:      1792,208 MB/sec
[info]                  gc.alloc.rate.norm: 3081323,401 B/op
[info]                  gc.count:           2,000 counts
[info]                  gc.time:            4,000 ms
[info] Iteration   4: 600,932 ops/s
[info]                  gc.alloc.rate:      1765,689 MB/sec
[info]                  gc.alloc.rate.norm: 3081323,589 B/op
[info]                  gc.count:           1,000 counts
[info]                  gc.time:            2,000 ms
[info] Iteration   5: 602,989 ops/s
[info]                  gc.alloc.rate:      1771,673 MB/sec
[info]                  gc.alloc.rate.norm: 3081273,977 B/op
[info]                  gc.count:           2,000 counts
[info]                  gc.time:            3,000 ms
[info] Result "bench.matched.StreamBench.ceEvalChunks":
[info]   584,383 ±(99.9%) 19,914 ops/s [Average]
[info]   (min, avg, max) = (539,823, 584,383, 609,944), stdev = 18,627
[info]   CI (99.9%): [564,469, 604,296] (assumes normal distribution)
[info] Secondary result "bench.matched.StreamBench.ceEvalChunks:gc.alloc.rate":
[info]   1716,685 ±(99.9%) 59,072 MB/sec [Average]
[info]   (min, avg, max) = (1584,960, 1716,685, 1792,208), stdev = 55,256
[info]   CI (99.9%): [1657,613, 1775,757] (assumes normal distribution)
[info] Secondary result "bench.matched.StreamBench.ceEvalChunks:gc.alloc.rate.norm":
[info]   3080598,905 ±(99.9%) 1315,159 B/op [Average]
[info]   (min, avg, max) = (3078789,037, 3080598,905, 3081819,280), stdev = 1230,200
[info]   CI (99.9%): [3079283,747, 3081914,064] (assumes normal distribution)
[info] Secondary result "bench.matched.StreamBench.ceEvalChunks:gc.count":
[info]   22,000 ±(99.9%) 0,001 counts [Sum]
[info]   (min, avg, max) = (1,000, 1,467, 2,000), stdev = 0,516
[info]   CI (99.9%): [22,000, 22,000] (assumes normal distribution)
[info] Secondary result "bench.matched.StreamBench.ceEvalChunks:gc.time":
[info]   45,000 ±(99.9%) 0,001 ms [Sum]
[info]   (min, avg, max) = (1,000, 3,000, 6,000), stdev = 1,512
[info]   CI (99.9%): [45,000, 45,000] (assumes normal distribution)
[info] # JMH version: 1.37
[info] # VM version: JDK 25.0.3, Java HotSpot(TM) 64-Bit Server VM, 25.0.3+9-LTS-195
[info] # VM invoker: /Users/stas/.sdkman/candidates/java/25.0.3-oracle/bin/java
[info] # VM options: --add-opens=java.base/java.lang=ALL-UNNAMED -Xms2g -Xmx2g -XX:+UseG1GC
[info] # Blackhole mode: compiler (auto-detected, use -Djmh.blackhole.autoDetect=false to disable)
[info] # Warmup: 5 iterations, 1 s each
[info] # Measurement: 5 iterations, 1 s each
[info] # Timeout: 10 min per iteration
[info] # Threads: 1 thread, will synchronize iterations
[info] # Benchmark mode: Throughput, ops/time
[info] # Benchmark: bench.matched.StreamBench.ceParallelChunks
[info] # Parameters: (capacity = 64, chunkSize = 64, parallelism = 4, size = 10000, work = 0)
[info] # Run progress: 77,27% complete, ETA 00:07:38
[info] # Fork: 1 of 3
[info] WARNING: A terminally deprecated method in sun.misc.Unsafe has been called
[info] WARNING: sun.misc.Unsafe::objectFieldOffset has been called by org.openjdk.jmh.util.Utils (file:/Users/stas/projects/scala-effect-bench/target/bg-jobs/sbt_1a5ffb62/target/ec0caa91/1296d6b9/jmh-core-1.37.jar)
[info] WARNING: Please consider reporting this to the maintainers of class org.openjdk.jmh.util.Utils
[info] WARNING: sun.misc.Unsafe::objectFieldOffset will be removed in a future release
[info] # Warmup Iteration   1: 242,319 ops/s
[info] # Warmup Iteration   2: 475,627 ops/s
[info] # Warmup Iteration   3: 518,490 ops/s
[info] # Warmup Iteration   4: 558,646 ops/s
[info] # Warmup Iteration   5: 540,497 ops/s
[info] Iteration   1: 566,905 ops/s
[info]                  gc.alloc.rate:      2709,731 MB/sec
[info]                  gc.alloc.rate.norm: 5012571,986 B/op
[info]                  gc.count:           2,000 counts
[info]                  gc.time:            4,000 ms
[info] Iteration   2: 524,930 ops/s
[info]                  gc.alloc.rate:      2509,159 MB/sec
[info]                  gc.alloc.rate.norm: 5012712,333 B/op
[info]                  gc.count:           3,000 counts
[info]                  gc.time:            6,000 ms
[info] Iteration   3: 565,384 ops/s
[info]                  gc.alloc.rate:      2702,282 MB/sec
[info]                  gc.alloc.rate.norm: 5012283,690 B/op
[info]                  gc.count:           2,000 counts
[info]                  gc.time:            3,000 ms
[info] Iteration   4: 553,584 ops/s
[info]                  gc.alloc.rate:      2645,863 MB/sec
[info]                  gc.alloc.rate.norm: 5012228,797 B/op
[info]                  gc.count:           2,000 counts
[info]                  gc.time:            2,000 ms
[info] Iteration   5: 548,901 ops/s
[info]                  gc.alloc.rate:      2623,415 MB/sec
[info]                  gc.alloc.rate.norm: 5012197,691 B/op
[info]                  gc.count:           2,000 counts
[info]                  gc.time:            1,000 ms
[info] # Run progress: 78,03% complete, ETA 00:07:22
[info] # Fork: 2 of 3
[info] WARNING: A terminally deprecated method in sun.misc.Unsafe has been called
[info] WARNING: sun.misc.Unsafe::objectFieldOffset has been called by org.openjdk.jmh.util.Utils (file:/Users/stas/projects/scala-effect-bench/target/bg-jobs/sbt_1a5ffb62/target/ec0caa91/1296d6b9/jmh-core-1.37.jar)
[info] WARNING: Please consider reporting this to the maintainers of class org.openjdk.jmh.util.Utils
[info] WARNING: sun.misc.Unsafe::objectFieldOffset will be removed in a future release
[info] # Warmup Iteration   1: 247,237 ops/s
[info] # Warmup Iteration   2: 492,884 ops/s
[info] # Warmup Iteration   3: 548,878 ops/s
[info] # Warmup Iteration   4: 533,549 ops/s
[info] # Warmup Iteration   5: 555,371 ops/s
[info] Iteration   1: 528,000 ops/s
[info]                  gc.alloc.rate:      2523,784 MB/sec
[info]                  gc.alloc.rate.norm: 5012607,047 B/op
[info]                  gc.count:           3,000 counts
[info]                  gc.time:            6,000 ms
[info] Iteration   2: 576,557 ops/s
[info]                  gc.alloc.rate:      2755,765 MB/sec
[info]                  gc.alloc.rate.norm: 5012441,959 B/op
[info]                  gc.count:           2,000 counts
[info]                  gc.time:            6,000 ms
[info] Iteration   3: 552,715 ops/s
[info]                  gc.alloc.rate:      2641,689 MB/sec
[info]                  gc.alloc.rate.norm: 5012128,173 B/op
[info]                  gc.count:           2,000 counts
[info]                  gc.time:            3,000 ms
[info] Iteration   4: 563,617 ops/s
[info]                  gc.alloc.rate:      2693,791 MB/sec
[info]                  gc.alloc.rate.norm: 5012171,271 B/op
[info]                  gc.count:           2,000 counts
[info]                  gc.time:            2,000 ms
[info] Iteration   5: 544,423 ops/s
[info]                  gc.alloc.rate:      2601,965 MB/sec
[info]                  gc.alloc.rate.norm: 5012084,336 B/op
[info]                  gc.count:           2,000 counts
[info]                  gc.time:            2,000 ms
[info] # Run progress: 78,79% complete, ETA 00:07:07
[info] # Fork: 3 of 3
[info] WARNING: A terminally deprecated method in sun.misc.Unsafe has been called
[info] WARNING: sun.misc.Unsafe::objectFieldOffset has been called by org.openjdk.jmh.util.Utils (file:/Users/stas/projects/scala-effect-bench/target/bg-jobs/sbt_1a5ffb62/target/ec0caa91/1296d6b9/jmh-core-1.37.jar)
[info] WARNING: Please consider reporting this to the maintainers of class org.openjdk.jmh.util.Utils
[info] WARNING: sun.misc.Unsafe::objectFieldOffset will be removed in a future release
[info] # Warmup Iteration   1: 225,748 ops/s
[info] # Warmup Iteration   2: 478,509 ops/s
[info] # Warmup Iteration   3: 506,836 ops/s
[info] # Warmup Iteration   4: 533,213 ops/s
[info] # Warmup Iteration   5: 526,664 ops/s
[info] Iteration   1: 517,109 ops/s
[info]                  gc.alloc.rate:      2470,648 MB/sec
[info]                  gc.alloc.rate.norm: 5010768,446 B/op
[info]                  gc.count:           2,000 counts
[info]                  gc.time:            4,000 ms
[info] Iteration   2: 535,780 ops/s
[info]                  gc.alloc.rate:      2559,649 MB/sec
[info]                  gc.alloc.rate.norm: 5010041,737 B/op
[info]                  gc.count:           2,000 counts
[info]                  gc.time:            4,000 ms
[info] Iteration   3: 552,469 ops/s
[info]                  gc.alloc.rate:      2639,261 MB/sec
[info]                  gc.alloc.rate.norm: 5009777,151 B/op
[info]                  gc.count:           2,000 counts
[info]                  gc.time:            4,000 ms
[info] Iteration   4: 549,005 ops/s
[info]                  gc.alloc.rate:      2622,646 MB/sec
[info]                  gc.alloc.rate.norm: 5009679,927 B/op
[info]                  gc.count:           3,000 counts
[info]                  gc.time:            3,000 ms
[info] Iteration   5: 551,521 ops/s
[info]                  gc.alloc.rate:      2634,649 MB/sec
[info]                  gc.alloc.rate.norm: 5009759,494 B/op
[info]                  gc.count:           2,000 counts
[info]                  gc.time:            1,000 ms
[info] Result "bench.matched.StreamBench.ceParallelChunks":
[info]   548,727 ±(99.9%) 17,722 ops/s [Average]
[info]   (min, avg, max) = (517,109, 548,727, 576,557), stdev = 16,577
[info]   CI (99.9%): [531,005, 566,449] (assumes normal distribution)
[info] Secondary result "bench.matched.StreamBench.ceParallelChunks:gc.alloc.rate":
[info]   2622,286 ±(99.9%) 84,845 MB/sec [Average]
[info]   (min, avg, max) = (2470,648, 2622,286, 2755,765), stdev = 79,364
[info]   CI (99.9%): [2537,441, 2707,131] (assumes normal distribution)
[info] Secondary result "bench.matched.StreamBench.ceParallelChunks:gc.alloc.rate.norm":
[info]   5011563,603 ±(99.9%) 1260,461 B/op [Average]
[info]   (min, avg, max) = (5009679,927, 5011563,603, 5012712,333), stdev = 1179,036
[info]   CI (99.9%): [5010303,142, 5012824,063] (assumes normal distribution)
[info] Secondary result "bench.matched.StreamBench.ceParallelChunks:gc.count":
[info]   33,000 ±(99.9%) 0,001 counts [Sum]
[info]   (min, avg, max) = (2,000, 2,200, 3,000), stdev = 0,414
[info]   CI (99.9%): [33,000, 33,000] (assumes normal distribution)
[info] Secondary result "bench.matched.StreamBench.ceParallelChunks:gc.time":
[info]   51,000 ±(99.9%) 0,001 ms [Sum]
[info]   (min, avg, max) = (1,000, 3,400, 6,000), stdev = 1,682
[info]   CI (99.9%): [51,000, 51,000] (assumes normal distribution)
[info] # JMH version: 1.37
[info] # VM version: JDK 25.0.3, Java HotSpot(TM) 64-Bit Server VM, 25.0.3+9-LTS-195
[info] # VM invoker: /Users/stas/.sdkman/candidates/java/25.0.3-oracle/bin/java
[info] # VM options: --add-opens=java.base/java.lang=ALL-UNNAMED -Xms2g -Xmx2g -XX:+UseG1GC
[info] # Blackhole mode: compiler (auto-detected, use -Djmh.blackhole.autoDetect=false to disable)
[info] # Warmup: 5 iterations, 1 s each
[info] # Measurement: 5 iterations, 1 s each
[info] # Timeout: 10 min per iteration
[info] # Threads: 1 thread, will synchronize iterations
[info] # Benchmark mode: Throughput, ops/time
[info] # Benchmark: bench.matched.StreamBench.ceParallelChunks
[info] # Parameters: (capacity = 64, chunkSize = 64, parallelism = 4, size = 10000, work = 64)
[info] # Run progress: 79,55% complete, ETA 00:06:52
[info] # Fork: 1 of 3
[info] WARNING: A terminally deprecated method in sun.misc.Unsafe has been called
[info] WARNING: sun.misc.Unsafe::objectFieldOffset has been called by org.openjdk.jmh.util.Utils (file:/Users/stas/projects/scala-effect-bench/target/bg-jobs/sbt_1a5ffb62/target/ec0caa91/1296d6b9/jmh-core-1.37.jar)
[info] WARNING: Please consider reporting this to the maintainers of class org.openjdk.jmh.util.Utils
[info] WARNING: sun.misc.Unsafe::objectFieldOffset will be removed in a future release
[info] # Warmup Iteration   1: 180,688 ops/s
[info] # Warmup Iteration   2: 371,393 ops/s
[info] # Warmup Iteration   3: 393,103 ops/s
[info] # Warmup Iteration   4: 407,725 ops/s
[info] # Warmup Iteration   5: 415,266 ops/s
[info] Iteration   1: 418,077 ops/s
[info]                  gc.alloc.rate:      2001,094 MB/sec
[info]                  gc.alloc.rate.norm: 5019416,057 B/op
[info]                  gc.count:           2,000 counts
[info]                  gc.time:            4,000 ms
[info] Iteration   2: 414,459 ops/s
[info]                  gc.alloc.rate:      1983,767 MB/sec
[info]                  gc.alloc.rate.norm: 5019359,674 B/op
[info]                  gc.count:           1,000 counts
[info]                  gc.time:            1,000 ms
[info] Iteration   3: 415,398 ops/s
[info]                  gc.alloc.rate:      1988,239 MB/sec
[info]                  gc.alloc.rate.norm: 5019355,866 B/op
[info]                  gc.count:           2,000 counts
[info]                  gc.time:            4,000 ms
[info] Iteration   4: 419,422 ops/s
[info]                  gc.alloc.rate:      2007,411 MB/sec
[info]                  gc.alloc.rate.norm: 5019142,841 B/op
[info]                  gc.count:           2,000 counts
[info]                  gc.time:            4,000 ms
[info] Iteration   5: 407,362 ops/s
[info]                  gc.alloc.rate:      1949,568 MB/sec
[info]                  gc.alloc.rate.norm: 5018946,673 B/op
[info]                  gc.count:           1,000 counts
[info]                  gc.time:            2,000 ms
[info] # Run progress: 80,30% complete, ETA 00:06:37
[info] # Fork: 2 of 3
[info] WARNING: A terminally deprecated method in sun.misc.Unsafe has been called
[info] WARNING: sun.misc.Unsafe::objectFieldOffset has been called by org.openjdk.jmh.util.Utils (file:/Users/stas/projects/scala-effect-bench/target/bg-jobs/sbt_1a5ffb62/target/ec0caa91/1296d6b9/jmh-core-1.37.jar)
[info] WARNING: Please consider reporting this to the maintainers of class org.openjdk.jmh.util.Utils
[info] WARNING: sun.misc.Unsafe::objectFieldOffset will be removed in a future release
[info] # Warmup Iteration   1: 195,949 ops/s
[info] # Warmup Iteration   2: 363,539 ops/s
[info] # Warmup Iteration   3: 389,333 ops/s
[info] # Warmup Iteration   4: 403,581 ops/s
[info] # Warmup Iteration   5: 414,270 ops/s
[info] Iteration   1: 402,508 ops/s
[info]                  gc.alloc.rate:      1926,523 MB/sec
[info]                  gc.alloc.rate.norm: 5019355,714 B/op
[info]                  gc.count:           2,000 counts
[info]                  gc.time:            4,000 ms
[info] Iteration   2: 428,756 ops/s
[info]                  gc.alloc.rate:      2052,205 MB/sec
[info]                  gc.alloc.rate.norm: 5019351,684 B/op
[info]                  gc.count:           1,000 counts
[info]                  gc.time:            2,000 ms
[info] Iteration   3: 414,534 ops/s
[info]                  gc.alloc.rate:      1984,104 MB/sec
[info]                  gc.alloc.rate.norm: 5019291,990 B/op
[info]                  gc.count:           2,000 counts
[info]                  gc.time:            4,000 ms
[info] Iteration   4: 411,219 ops/s
[info]                  gc.alloc.rate:      1968,157 MB/sec
[info]                  gc.alloc.rate.norm: 5019185,372 B/op
[info]                  gc.count:           2,000 counts
[info]                  gc.time:            4,000 ms
[info] Iteration   5: 399,394 ops/s
[info]                  gc.alloc.rate:      1911,448 MB/sec
[info]                  gc.alloc.rate.norm: 5019145,970 B/op
[info]                  gc.count:           1,000 counts
[info]                  gc.time:            2,000 ms
[info] # Run progress: 81,06% complete, ETA 00:06:21
[info] # Fork: 3 of 3
[info] WARNING: A terminally deprecated method in sun.misc.Unsafe has been called
[info] WARNING: sun.misc.Unsafe::objectFieldOffset has been called by org.openjdk.jmh.util.Utils (file:/Users/stas/projects/scala-effect-bench/target/bg-jobs/sbt_1a5ffb62/target/ec0caa91/1296d6b9/jmh-core-1.37.jar)
[info] WARNING: Please consider reporting this to the maintainers of class org.openjdk.jmh.util.Utils
[info] WARNING: sun.misc.Unsafe::objectFieldOffset will be removed in a future release
[info] # Warmup Iteration   1: 187,703 ops/s
[info] # Warmup Iteration   2: 391,007 ops/s
[info] # Warmup Iteration   3: 393,620 ops/s
[info] # Warmup Iteration   4: 404,941 ops/s
[info] # Warmup Iteration   5: 420,042 ops/s
[info] Iteration   1: 422,361 ops/s
[info]                  gc.alloc.rate:      2020,588 MB/sec
[info]                  gc.alloc.rate.norm: 5016933,371 B/op
[info]                  gc.count:           2,000 counts
[info]                  gc.time:            4,000 ms
[info] Iteration   2: 414,897 ops/s
[info]                  gc.alloc.rate:      1984,855 MB/sec
[info]                  gc.alloc.rate.norm: 5016880,748 B/op
[info]                  gc.count:           1,000 counts
[info]                  gc.time:            2,000 ms
[info] Iteration   3: 412,694 ops/s
[info]                  gc.alloc.rate:      1974,346 MB/sec
[info]                  gc.alloc.rate.norm: 5016872,309 B/op
[info]                  gc.count:           2,000 counts
[info]                  gc.time:            4,000 ms
[info] Iteration   4: 403,370 ops/s
[info]                  gc.alloc.rate:      1929,624 MB/sec
[info]                  gc.alloc.rate.norm: 5016580,177 B/op
[info]                  gc.count:           2,000 counts
[info]                  gc.time:            4,000 ms
[info] Iteration   5: 415,682 ops/s
[info]                  gc.alloc.rate:      1988,383 MB/sec
[info]                  gc.alloc.rate.norm: 5016411,327 B/op
[info]                  gc.count:           1,000 counts
[info]                  gc.time:            2,000 ms
[info] Result "bench.matched.StreamBench.ceParallelChunks":
[info]   413,342 ±(99.9%) 8,306 ops/s [Average]
[info]   (min, avg, max) = (399,394, 413,342, 428,756), stdev = 7,770
[info]   CI (99.9%): [405,036, 421,649] (assumes normal distribution)
[info] Secondary result "bench.matched.StreamBench.ceParallelChunks:gc.alloc.rate":
[info]   1978,021 ±(99.9%) 39,782 MB/sec [Average]
[info]   (min, avg, max) = (1911,448, 1978,021, 2052,205), stdev = 37,212
[info]   CI (99.9%): [1938,239, 2017,803] (assumes normal distribution)
[info] Secondary result "bench.matched.StreamBench.ceParallelChunks:gc.alloc.rate.norm":
[info]   5018415,318 ±(99.9%) 1326,723 B/op [Average]
[info]   (min, avg, max) = (5016411,327, 5018415,318, 5019416,057), stdev = 1241,017
[info]   CI (99.9%): [5017088,596, 5019742,041] (assumes normal distribution)
[info] Secondary result "bench.matched.StreamBench.ceParallelChunks:gc.count":
[info]   24,000 ±(99.9%) 0,001 counts [Sum]
[info]   (min, avg, max) = (1,000, 1,600, 2,000), stdev = 0,507
[info]   CI (99.9%): [24,000, 24,000] (assumes normal distribution)
[info] Secondary result "bench.matched.StreamBench.ceParallelChunks:gc.time":
[info]   47,000 ±(99.9%) 0,001 ms [Sum]
[info]   (min, avg, max) = (1,000, 3,133, 4,000), stdev = 1,125
[info]   CI (99.9%): [47,000, 47,000] (assumes normal distribution)
[info] # JMH version: 1.37
[info] # VM version: JDK 25.0.3, Java HotSpot(TM) 64-Bit Server VM, 25.0.3+9-LTS-195
[info] # VM invoker: /Users/stas/.sdkman/candidates/java/25.0.3-oracle/bin/java
[info] # VM options: --add-opens=java.base/java.lang=ALL-UNNAMED -Xms2g -Xmx2g -XX:+UseG1GC
[info] # Blackhole mode: compiler (auto-detected, use -Djmh.blackhole.autoDetect=false to disable)
[info] # Warmup: 5 iterations, 1 s each
[info] # Measurement: 5 iterations, 1 s each
[info] # Timeout: 10 min per iteration
[info] # Threads: 1 thread, will synchronize iterations
[info] # Benchmark mode: Throughput, ops/time
[info] # Benchmark: bench.matched.StreamBench.ceQueueChunks
[info] # Parameters: (capacity = 64, chunkSize = 64, parallelism = 4, size = 10000, work = 0)
[info] # Run progress: 81,82% complete, ETA 00:06:06
[info] # Fork: 1 of 3
[info] WARNING: A terminally deprecated method in sun.misc.Unsafe has been called
[info] WARNING: sun.misc.Unsafe::objectFieldOffset has been called by org.openjdk.jmh.util.Utils (file:/Users/stas/projects/scala-effect-bench/target/bg-jobs/sbt_1a5ffb62/target/ec0caa91/1296d6b9/jmh-core-1.37.jar)
[info] WARNING: Please consider reporting this to the maintainers of class org.openjdk.jmh.util.Utils
[info] WARNING: sun.misc.Unsafe::objectFieldOffset will be removed in a future release
[info] # Warmup Iteration   1: 594,494 ops/s
[info] # Warmup Iteration   2: 1262,720 ops/s
[info] # Warmup Iteration   3: 1333,623 ops/s
[info] # Warmup Iteration   4: 1361,180 ops/s
[info] # Warmup Iteration   5: 1367,813 ops/s
[info] Iteration   1: 1407,987 ops/s
[info]                  gc.alloc.rate:      2210,327 MB/sec
[info]                  gc.alloc.rate.norm: 1646280,430 B/op
[info]                  gc.count:           1,000 counts
[info]                  gc.time:            3,000 ms
[info] Iteration   2: 1410,789 ops/s
[info]                  gc.alloc.rate:      2214,629 MB/sec
[info]                  gc.alloc.rate.norm: 1646215,346 B/op
[info]                  gc.count:           2,000 counts
[info]                  gc.time:            3,000 ms
[info] Iteration   3: 1367,429 ops/s
[info]                  gc.alloc.rate:      2146,347 MB/sec
[info]                  gc.alloc.rate.norm: 1646018,967 B/op
[info]                  gc.count:           2,000 counts
[info]                  gc.time:            5,000 ms
[info] Iteration   4: 1416,125 ops/s
[info]                  gc.alloc.rate:      2222,611 MB/sec
[info]                  gc.alloc.rate.norm: 1645884,629 B/op
[info]                  gc.count:           2,000 counts
[info]                  gc.time:            4,000 ms
[info] Iteration   5: 1431,414 ops/s
[info]                  gc.alloc.rate:      2246,565 MB/sec
[info]                  gc.alloc.rate.norm: 1645898,678 B/op
[info]                  gc.count:           2,000 counts
[info]                  gc.time:            2,000 ms
[info] # Run progress: 82,58% complete, ETA 00:05:51
[info] # Fork: 2 of 3
[info] WARNING: A terminally deprecated method in sun.misc.Unsafe has been called
[info] WARNING: sun.misc.Unsafe::objectFieldOffset has been called by org.openjdk.jmh.util.Utils (file:/Users/stas/projects/scala-effect-bench/target/bg-jobs/sbt_1a5ffb62/target/ec0caa91/1296d6b9/jmh-core-1.37.jar)
[info] WARNING: Please consider reporting this to the maintainers of class org.openjdk.jmh.util.Utils
[info] WARNING: sun.misc.Unsafe::objectFieldOffset will be removed in a future release
[info] # Warmup Iteration   1: 594,427 ops/s
[info] # Warmup Iteration   2: 1216,442 ops/s
[info] # Warmup Iteration   3: 1300,825 ops/s
[info] # Warmup Iteration   4: 1363,945 ops/s
[info] # Warmup Iteration   5: 1381,763 ops/s
[info] Iteration   1: 1393,372 ops/s
[info]                  gc.alloc.rate:      2187,436 MB/sec
[info]                  gc.alloc.rate.norm: 1646324,794 B/op
[info]                  gc.count:           1,000 counts
[info]                  gc.time:            2,000 ms
[info] Iteration   2: 1410,184 ops/s
[info]                  gc.alloc.rate:      2213,717 MB/sec
[info]                  gc.alloc.rate.norm: 1646225,529 B/op
[info]                  gc.count:           2,000 counts
[info]                  gc.time:            4,000 ms
[info] Iteration   3: 1421,107 ops/s
[info]                  gc.alloc.rate:      2230,646 MB/sec
[info]                  gc.alloc.rate.norm: 1646063,463 B/op
[info]                  gc.count:           2,000 counts
[info]                  gc.time:            5,000 ms
[info] Iteration   4: 1434,042 ops/s
[info]                  gc.alloc.rate:      2250,690 MB/sec
[info]                  gc.alloc.rate.norm: 1645873,681 B/op
[info]                  gc.count:           2,000 counts
[info]                  gc.time:            5,000 ms
[info] Iteration   5: 1414,344 ops/s
[info]                  gc.alloc.rate:      2219,195 MB/sec
[info]                  gc.alloc.rate.norm: 1645760,523 B/op
[info]                  gc.count:           2,000 counts
[info]                  gc.time:            1,000 ms
[info] # Run progress: 83,33% complete, ETA 00:05:36
[info] # Fork: 3 of 3
[info] WARNING: A terminally deprecated method in sun.misc.Unsafe has been called
[info] WARNING: sun.misc.Unsafe::objectFieldOffset has been called by org.openjdk.jmh.util.Utils (file:/Users/stas/projects/scala-effect-bench/target/bg-jobs/sbt_1a5ffb62/target/ec0caa91/1296d6b9/jmh-core-1.37.jar)
[info] WARNING: Please consider reporting this to the maintainers of class org.openjdk.jmh.util.Utils
[info] WARNING: sun.misc.Unsafe::objectFieldOffset will be removed in a future release
[info] # Warmup Iteration   1: 597,526 ops/s
[info] # Warmup Iteration   2: 1265,512 ops/s
[info] # Warmup Iteration   3: 1360,609 ops/s
[info] # Warmup Iteration   4: 1414,273 ops/s
[info] # Warmup Iteration   5: 1373,435 ops/s
[info] Iteration   1: 1425,973 ops/s
[info]                  gc.alloc.rate:      2238,306 MB/sec
[info]                  gc.alloc.rate.norm: 1646088,477 B/op
[info]                  gc.count:           2,000 counts
[info]                  gc.time:            4,000 ms
[info] Iteration   2: 1441,608 ops/s
[info]                  gc.alloc.rate:      2262,813 MB/sec
[info]                  gc.alloc.rate.norm: 1646039,503 B/op
[info]                  gc.count:           2,000 counts
[info]                  gc.time:            5,000 ms
[info] Iteration   3: 1437,705 ops/s
[info]                  gc.alloc.rate:      2256,360 MB/sec
[info]                  gc.alloc.rate.norm: 1645868,612 B/op
[info]                  gc.count:           1,000 counts
[info]                  gc.time:            2,000 ms
[info] Iteration   4: 1405,285 ops/s
[info]                  gc.alloc.rate:      2205,590 MB/sec
[info]                  gc.alloc.rate.norm: 1645906,016 B/op
[info]                  gc.count:           2,000 counts
[info]                  gc.time:            5,000 ms
[info] Iteration   5: 1396,579 ops/s
[info]                  gc.alloc.rate:      2191,831 MB/sec
[info]                  gc.alloc.rate.norm: 1645884,171 B/op
[info]                  gc.count:           2,000 counts
[info]                  gc.time:            2,000 ms
[info] Result "bench.matched.StreamBench.ceQueueChunks":
[info]   1414,263 ±(99.9%) 20,725 ops/s [Average]
[info]   (min, avg, max) = (1367,429, 1414,263, 1441,608), stdev = 19,386
[info]   CI (99.9%): [1393,538, 1434,988] (assumes normal distribution)
[info] Secondary result "bench.matched.StreamBench.ceQueueChunks:gc.alloc.rate":
[info]   2219,804 ±(99.9%) 32,459 MB/sec [Average]
[info]   (min, avg, max) = (2146,347, 2219,804, 2262,813), stdev = 30,362
[info]   CI (99.9%): [2187,345, 2252,263] (assumes normal distribution)
[info] Secondary result "bench.matched.StreamBench.ceQueueChunks:gc.alloc.rate.norm":
[info]   1646022,188 ±(99.9%) 186,080 B/op [Average]
[info]   (min, avg, max) = (1645760,523, 1646022,188, 1646324,794), stdev = 174,060
[info]   CI (99.9%): [1645836,107, 1646208,268] (assumes normal distribution)
[info] Secondary result "bench.matched.StreamBench.ceQueueChunks:gc.count":
[info]   27,000 ±(99.9%) 0,001 counts [Sum]
[info]   (min, avg, max) = (1,000, 1,800, 2,000), stdev = 0,414
[info]   CI (99.9%): [27,000, 27,000] (assumes normal distribution)
[info] Secondary result "bench.matched.StreamBench.ceQueueChunks:gc.time":
[info]   52,000 ±(99.9%) 0,001 ms [Sum]
[info]   (min, avg, max) = (1,000, 3,467, 5,000), stdev = 1,407
[info]   CI (99.9%): [52,000, 52,000] (assumes normal distribution)
[info] # JMH version: 1.37
[info] # VM version: JDK 25.0.3, Java HotSpot(TM) 64-Bit Server VM, 25.0.3+9-LTS-195
[info] # VM invoker: /Users/stas/.sdkman/candidates/java/25.0.3-oracle/bin/java
[info] # VM options: --add-opens=java.base/java.lang=ALL-UNNAMED -Xms2g -Xmx2g -XX:+UseG1GC
[info] # Blackhole mode: compiler (auto-detected, use -Djmh.blackhole.autoDetect=false to disable)
[info] # Warmup: 5 iterations, 1 s each
[info] # Measurement: 5 iterations, 1 s each
[info] # Timeout: 10 min per iteration
[info] # Threads: 1 thread, will synchronize iterations
[info] # Benchmark mode: Throughput, ops/time
[info] # Benchmark: bench.matched.StreamBench.ceQueueChunks
[info] # Parameters: (capacity = 64, chunkSize = 64, parallelism = 4, size = 10000, work = 64)
[info] # Run progress: 84,09% complete, ETA 00:05:20
[info] # Fork: 1 of 3
[info] WARNING: A terminally deprecated method in sun.misc.Unsafe has been called
[info] WARNING: sun.misc.Unsafe::objectFieldOffset has been called by org.openjdk.jmh.util.Utils (file:/Users/stas/projects/scala-effect-bench/target/bg-jobs/sbt_1a5ffb62/target/ec0caa91/1296d6b9/jmh-core-1.37.jar)
[info] WARNING: Please consider reporting this to the maintainers of class org.openjdk.jmh.util.Utils
[info] WARNING: sun.misc.Unsafe::objectFieldOffset will be removed in a future release
[info] # Warmup Iteration   1: 280,425 ops/s
[info] # Warmup Iteration   2: 541,738 ops/s
[info] # Warmup Iteration   3: 555,977 ops/s
[info] # Warmup Iteration   4: 565,493 ops/s
[info] # Warmup Iteration   5: 585,980 ops/s
[info] Iteration   1: 567,773 ops/s
[info]                  gc.alloc.rate:      893,280 MB/sec
[info]                  gc.alloc.rate.norm: 1649899,214 B/op
[info]                  gc.count:           1,000 counts
[info]                  gc.time:            2,000 ms
[info] Iteration   2: 558,405 ops/s
[info]                  gc.alloc.rate:      878,501 MB/sec
[info]                  gc.alloc.rate.norm: 1649904,797 B/op
[info]                  gc.count:           1,000 counts
[info]                  gc.time:            2,000 ms
[info] Iteration   3: 552,432 ops/s
[info]                  gc.alloc.rate:      869,074 MB/sec
[info]                  gc.alloc.rate.norm: 1649821,410 B/op
[info]                  gc.count:           ≈ 0 counts
[info] Iteration   4: 578,927 ops/s
[info]                  gc.alloc.rate:      910,658 MB/sec
[info]                  gc.alloc.rate.norm: 1649584,660 B/op
[info]                  gc.count:           1,000 counts
[info]                  gc.time:            4,000 ms
[info] Iteration   5: 592,383 ops/s
[info]                  gc.alloc.rate:      931,659 MB/sec
[info]                  gc.alloc.rate.norm: 1649355,262 B/op
[info]                  gc.count:           1,000 counts
[info]                  gc.time:            1,000 ms
[info] # Run progress: 84,85% complete, ETA 00:05:05
[info] # Fork: 2 of 3
[info] WARNING: A terminally deprecated method in sun.misc.Unsafe has been called
[info] WARNING: sun.misc.Unsafe::objectFieldOffset has been called by org.openjdk.jmh.util.Utils (file:/Users/stas/projects/scala-effect-bench/target/bg-jobs/sbt_1a5ffb62/target/ec0caa91/1296d6b9/jmh-core-1.37.jar)
[info] WARNING: Please consider reporting this to the maintainers of class org.openjdk.jmh.util.Utils
[info] WARNING: sun.misc.Unsafe::objectFieldOffset will be removed in a future release
[info] # Warmup Iteration   1: 312,417 ops/s
[info] # Warmup Iteration   2: 547,290 ops/s
[info] # Warmup Iteration   3: 568,280 ops/s
[info] # Warmup Iteration   4: 563,601 ops/s
[info] # Warmup Iteration   5: 595,520 ops/s
[info] Iteration   1: 581,883 ops/s
[info]                  gc.alloc.rate:      915,519 MB/sec
[info]                  gc.alloc.rate.norm: 1649978,092 B/op
[info]                  gc.count:           1,000 counts
[info]                  gc.time:            2,000 ms
[info] Iteration   2: 592,984 ops/s
[info]                  gc.alloc.rate:      932,677 MB/sec
[info]                  gc.alloc.rate.norm: 1649406,443 B/op
[info]                  gc.count:           1,000 counts
[info]                  gc.time:            2,000 ms
[info] Iteration   3: 600,366 ops/s
[info]                  gc.alloc.rate:      944,264 MB/sec
[info]                  gc.alloc.rate.norm: 1649355,589 B/op
[info]                  gc.count:           1,000 counts
[info]                  gc.time:            2,000 ms
[info] Iteration   4: 602,451 ops/s
[info]                  gc.alloc.rate:      947,505 MB/sec
[info]                  gc.alloc.rate.norm: 1649296,053 B/op
[info]                  gc.count:           ≈ 0 counts
[info] Iteration   5: 603,386 ops/s
[info]                  gc.alloc.rate:      948,975 MB/sec
[info]                  gc.alloc.rate.norm: 1649316,415 B/op
[info]                  gc.count:           1,000 counts
[info]                  gc.time:            2,000 ms
[info] # Run progress: 85,61% complete, ETA 00:04:50
[info] # Fork: 3 of 3
[info] WARNING: A terminally deprecated method in sun.misc.Unsafe has been called
[info] WARNING: sun.misc.Unsafe::objectFieldOffset has been called by org.openjdk.jmh.util.Utils (file:/Users/stas/projects/scala-effect-bench/target/bg-jobs/sbt_1a5ffb62/target/ec0caa91/1296d6b9/jmh-core-1.37.jar)
[info] WARNING: Please consider reporting this to the maintainers of class org.openjdk.jmh.util.Utils
[info] WARNING: sun.misc.Unsafe::objectFieldOffset will be removed in a future release
[info] # Warmup Iteration   1: 296,120 ops/s
[info] # Warmup Iteration   2: 542,403 ops/s
[info] # Warmup Iteration   3: 553,762 ops/s
[info] # Warmup Iteration   4: 565,229 ops/s
[info] # Warmup Iteration   5: 583,869 ops/s
[info] Iteration   1: 568,901 ops/s
[info]                  gc.alloc.rate:      895,129 MB/sec
[info]                  gc.alloc.rate.norm: 1650012,147 B/op
[info]                  gc.count:           1,000 counts
[info]                  gc.time:            3,000 ms
[info] Iteration   2: 594,679 ops/s
[info]                  gc.alloc.rate:      935,355 MB/sec
[info]                  gc.alloc.rate.norm: 1649417,621 B/op
[info]                  gc.count:           1,000 counts
[info]                  gc.time:            2,000 ms
[info] Iteration   3: 590,147 ops/s
[info]                  gc.alloc.rate:      928,152 MB/sec
[info]                  gc.alloc.rate.norm: 1649301,764 B/op
[info]                  gc.count:           1,000 counts
[info]                  gc.time:            2,000 ms
[info] Iteration   4: 592,271 ops/s
[info]                  gc.alloc.rate:      931,495 MB/sec
[info]                  gc.alloc.rate.norm: 1649289,158 B/op
[info]                  gc.count:           ≈ 0 counts
[info] Iteration   5: 590,132 ops/s
[info]                  gc.alloc.rate:      928,097 MB/sec
[info]                  gc.alloc.rate.norm: 1649283,419 B/op
[info]                  gc.count:           1,000 counts
[info]                  gc.time:            2,000 ms
[info] Result "bench.matched.StreamBench.ceQueueChunks":
[info]   584,475 ±(99.9%) 17,054 ops/s [Average]
[info]   (min, avg, max) = (552,432, 584,475, 603,386), stdev = 15,952
[info]   CI (99.9%): [567,421, 601,529] (assumes normal distribution)
[info] Secondary result "bench.matched.StreamBench.ceQueueChunks:gc.alloc.rate":
[info]   919,356 ±(99.9%) 26,697 MB/sec [Average]
[info]   (min, avg, max) = (869,074, 919,356, 948,975), stdev = 24,972
[info]   CI (99.9%): [892,659, 946,053] (assumes normal distribution)
[info] Secondary result "bench.matched.StreamBench.ceQueueChunks:gc.alloc.rate.norm":
[info]   1649548,136 ±(99.9%) 306,813 B/op [Average]
[info]   (min, avg, max) = (1649283,419, 1649548,136, 1650012,147), stdev = 286,994
[info]   CI (99.9%): [1649241,323, 1649854,950] (assumes normal distribution)
[info] Secondary result "bench.matched.StreamBench.ceQueueChunks:gc.count":
[info]   12,000 ±(99.9%) 0,001 counts [Sum]
[info]   (min, avg, max) = (≈ 0, 0,800, 1,000), stdev = 0,414
[info]   CI (99.9%): [12,000, 12,000] (assumes normal distribution)
[info] Secondary result "bench.matched.StreamBench.ceQueueChunks:gc.time":
[info]   26,000 ±(99.9%) 0,001 ms [Sum]
[info]   (min, avg, max) = (≈ 0, 1,733, 4,000), stdev = 1,100
[info]   CI (99.9%): [26,000, 26,000] (assumes normal distribution)
[info] # JMH version: 1.37
[info] # VM version: JDK 25.0.3, Java HotSpot(TM) 64-Bit Server VM, 25.0.3+9-LTS-195
[info] # VM invoker: /Users/stas/.sdkman/candidates/java/25.0.3-oracle/bin/java
[info] # VM options: --add-opens=java.base/java.lang=ALL-UNNAMED -Xms2g -Xmx2g -XX:+UseG1GC
[info] # Blackhole mode: compiler (auto-detected, use -Djmh.blackhole.autoDetect=false to disable)
[info] # Warmup: 5 iterations, 1 s each
[info] # Measurement: 5 iterations, 1 s each
[info] # Timeout: 10 min per iteration
[info] # Threads: 1 thread, will synchronize iterations
[info] # Benchmark mode: Throughput, ops/time
[info] # Benchmark: bench.matched.StreamBench.kyoEvalChunks
[info] # Parameters: (capacity = 64, chunkSize = 64, parallelism = 4, size = 10000, work = 0)
[info] # Run progress: 86,36% complete, ETA 00:04:34
[info] # Fork: 1 of 3
[info] WARNING: A terminally deprecated method in sun.misc.Unsafe has been called
[info] WARNING: sun.misc.Unsafe::objectFieldOffset has been called by org.openjdk.jmh.util.Utils (file:/Users/stas/projects/scala-effect-bench/target/bg-jobs/sbt_1a5ffb62/target/ec0caa91/1296d6b9/jmh-core-1.37.jar)
[info] WARNING: Please consider reporting this to the maintainers of class org.openjdk.jmh.util.Utils
[info] WARNING: sun.misc.Unsafe::objectFieldOffset will be removed in a future release
[info] # Warmup Iteration   1: 689,360 ops/s
[info] # Warmup Iteration   2: 1156,392 ops/s
[info] # Warmup Iteration   3: 1126,075 ops/s
[info] # Warmup Iteration   4: 1164,945 ops/s
[info] # Warmup Iteration   5: 1173,157 ops/s
[info] Iteration   1: 1173,579 ops/s
[info]                  gc.alloc.rate:      5147,742 MB/sec
[info]                  gc.alloc.rate.norm: 4600006,313 B/op
[info]                  gc.count:           4,000 counts
[info]                  gc.time:            3,000 ms
[info] Iteration   2: 1169,753 ops/s
[info]                  gc.alloc.rate:      5131,000 MB/sec
[info]                  gc.alloc.rate.norm: 4599986,931 B/op
[info]                  gc.count:           5,000 counts
[info]                  gc.time:            4,000 ms
[info] Iteration   3: 1176,469 ops/s
[info]                  gc.alloc.rate:      5160,570 MB/sec
[info]                  gc.alloc.rate.norm: 4599986,646 B/op
[info]                  gc.count:           4,000 counts
[info]                  gc.time:            4,000 ms
[info] Iteration   4: 1170,836 ops/s
[info]                  gc.alloc.rate:      5135,825 MB/sec
[info]                  gc.alloc.rate.norm: 4599986,707 B/op
[info]                  gc.count:           4,000 counts
[info]                  gc.time:            4,000 ms
[info] Iteration   5: 1156,575 ops/s
[info]                  gc.alloc.rate:      5073,108 MB/sec
[info]                  gc.alloc.rate.norm: 4599987,074 B/op
[info]                  gc.count:           4,000 counts
[info]                  gc.time:            4,000 ms
[info] # Run progress: 87,12% complete, ETA 00:04:19
[info] # Fork: 2 of 3
[info] WARNING: A terminally deprecated method in sun.misc.Unsafe has been called
[info] WARNING: sun.misc.Unsafe::objectFieldOffset has been called by org.openjdk.jmh.util.Utils (file:/Users/stas/projects/scala-effect-bench/target/bg-jobs/sbt_1a5ffb62/target/ec0caa91/1296d6b9/jmh-core-1.37.jar)
[info] WARNING: Please consider reporting this to the maintainers of class org.openjdk.jmh.util.Utils
[info] WARNING: sun.misc.Unsafe::objectFieldOffset will be removed in a future release
[info] # Warmup Iteration   1: 684,453 ops/s
[info] # Warmup Iteration   2: 1099,308 ops/s
[info] # Warmup Iteration   3: 1137,976 ops/s
[info] # Warmup Iteration   4: 1155,202 ops/s
[info] # Warmup Iteration   5: 1157,913 ops/s
[info] Iteration   1: 1166,758 ops/s
[info]                  gc.alloc.rate:      5117,809 MB/sec
[info]                  gc.alloc.rate.norm: 4600024,870 B/op
[info]                  gc.count:           4,000 counts
[info]                  gc.time:            4,000 ms
[info] Iteration   2: 1177,361 ops/s
[info]                  gc.alloc.rate:      5164,424 MB/sec
[info]                  gc.alloc.rate.norm: 4600002,841 B/op
[info]                  gc.count:           4,000 counts
[info]                  gc.time:            4,000 ms
[info] Iteration   3: 1176,562 ops/s
[info]                  gc.alloc.rate:      5160,975 MB/sec
[info]                  gc.alloc.rate.norm: 4600002,578 B/op
[info]                  gc.count:           4,000 counts
[info]                  gc.time:            4,000 ms
[info] Iteration   4: 1172,255 ops/s
[info]                  gc.alloc.rate:      5141,978 MB/sec
[info]                  gc.alloc.rate.norm: 4600002,782 B/op
[info]                  gc.count:           5,000 counts
[info]                  gc.time:            5,000 ms
[info] Iteration   5: 1162,642 ops/s
[info]                  gc.alloc.rate:      5099,571 MB/sec
[info]                  gc.alloc.rate.norm: 4600002,660 B/op
[info]                  gc.count:           4,000 counts
[info]                  gc.time:            4,000 ms
[info] # Run progress: 87,88% complete, ETA 00:04:04
[info] # Fork: 3 of 3
[info] WARNING: A terminally deprecated method in sun.misc.Unsafe has been called
[info] WARNING: sun.misc.Unsafe::objectFieldOffset has been called by org.openjdk.jmh.util.Utils (file:/Users/stas/projects/scala-effect-bench/target/bg-jobs/sbt_1a5ffb62/target/ec0caa91/1296d6b9/jmh-core-1.37.jar)
[info] WARNING: Please consider reporting this to the maintainers of class org.openjdk.jmh.util.Utils
[info] WARNING: sun.misc.Unsafe::objectFieldOffset will be removed in a future release
[info] # Warmup Iteration   1: 674,732 ops/s
[info] # Warmup Iteration   2: 1132,022 ops/s
[info] # Warmup Iteration   3: 1167,658 ops/s
[info] # Warmup Iteration   4: 1169,624 ops/s
[info] # Warmup Iteration   5: 1172,658 ops/s
[info] Iteration   1: 1172,916 ops/s
[info]                  gc.alloc.rate:      5144,938 MB/sec
[info]                  gc.alloc.rate.norm: 4600022,153 B/op
[info]                  gc.count:           4,000 counts
[info]                  gc.time:            3,000 ms
[info] Iteration   2: 1167,934 ops/s
[info]                  gc.alloc.rate:      5123,000 MB/sec
[info]                  gc.alloc.rate.norm: 4600003,004 B/op
[info]                  gc.count:           5,000 counts
[info]                  gc.time:            5,000 ms
[info] Iteration   3: 1172,668 ops/s
[info]                  gc.alloc.rate:      5143,869 MB/sec
[info]                  gc.alloc.rate.norm: 4600002,755 B/op
[info]                  gc.count:           4,000 counts
[info]                  gc.time:            4,000 ms
[info] Iteration   4: 1188,317 ops/s
[info]                  gc.alloc.rate:      5212,521 MB/sec
[info]                  gc.alloc.rate.norm: 4600002,320 B/op
[info]                  gc.count:           4,000 counts
[info]                  gc.time:            4,000 ms
[info] Iteration   5: 1168,053 ops/s
[info]                  gc.alloc.rate:      5123,337 MB/sec
[info]                  gc.alloc.rate.norm: 4600002,849 B/op
[info]                  gc.count:           4,000 counts
[info]                  gc.time:            3,000 ms
[info] Result "bench.matched.StreamBench.kyoEvalChunks":
[info]   1171,512 ±(99.9%) 7,707 ops/s [Average]
[info]   (min, avg, max) = (1156,575, 1171,512, 1188,317), stdev = 7,209
[info]   CI (99.9%): [1163,805, 1179,218] (assumes normal distribution)
[info] Secondary result "bench.matched.StreamBench.kyoEvalChunks:gc.alloc.rate":
[info]   5138,711 ±(99.9%) 33,884 MB/sec [Average]
[info]   (min, avg, max) = (5073,108, 5138,711, 5212,521), stdev = 31,695
[info]   CI (99.9%): [5104,827, 5172,595] (assumes normal distribution)
[info] Secondary result "bench.matched.StreamBench.kyoEvalChunks:gc.alloc.rate.norm":
[info]   4600001,499 ±(99.9%) 12,349 B/op [Average]
[info]   (min, avg, max) = (4599986,646, 4600001,499, 4600024,870), stdev = 11,551
[info]   CI (99.9%): [4599989,150, 4600013,848] (assumes normal distribution)
[info] Secondary result "bench.matched.StreamBench.kyoEvalChunks:gc.count":
[info]   63,000 ±(99.9%) 0,001 counts [Sum]
[info]   (min, avg, max) = (4,000, 4,200, 5,000), stdev = 0,414
[info]   CI (99.9%): [63,000, 63,000] (assumes normal distribution)
[info] Secondary result "bench.matched.StreamBench.kyoEvalChunks:gc.time":
[info]   59,000 ±(99.9%) 0,001 ms [Sum]
[info]   (min, avg, max) = (3,000, 3,933, 5,000), stdev = 0,594
[info]   CI (99.9%): [59,000, 59,000] (assumes normal distribution)
[info] # JMH version: 1.37
[info] # VM version: JDK 25.0.3, Java HotSpot(TM) 64-Bit Server VM, 25.0.3+9-LTS-195
[info] # VM invoker: /Users/stas/.sdkman/candidates/java/25.0.3-oracle/bin/java
[info] # VM options: --add-opens=java.base/java.lang=ALL-UNNAMED -Xms2g -Xmx2g -XX:+UseG1GC
[info] # Blackhole mode: compiler (auto-detected, use -Djmh.blackhole.autoDetect=false to disable)
[info] # Warmup: 5 iterations, 1 s each
[info] # Measurement: 5 iterations, 1 s each
[info] # Timeout: 10 min per iteration
[info] # Threads: 1 thread, will synchronize iterations
[info] # Benchmark mode: Throughput, ops/time
[info] # Benchmark: bench.matched.StreamBench.kyoEvalChunks
[info] # Parameters: (capacity = 64, chunkSize = 64, parallelism = 4, size = 10000, work = 64)
[info] # Run progress: 88,64% complete, ETA 00:03:49
[info] # Fork: 1 of 3
[info] WARNING: A terminally deprecated method in sun.misc.Unsafe has been called
[info] WARNING: sun.misc.Unsafe::objectFieldOffset has been called by org.openjdk.jmh.util.Utils (file:/Users/stas/projects/scala-effect-bench/target/bg-jobs/sbt_1a5ffb62/target/ec0caa91/1296d6b9/jmh-core-1.37.jar)
[info] WARNING: Please consider reporting this to the maintainers of class org.openjdk.jmh.util.Utils
[info] WARNING: sun.misc.Unsafe::objectFieldOffset will be removed in a future release
[info] # Warmup Iteration   1: 344,165 ops/s
[info] # Warmup Iteration   2: 475,129 ops/s
[info] # Warmup Iteration   3: 491,518 ops/s
[info] # Warmup Iteration   4: 497,053 ops/s
[info] # Warmup Iteration   5: 486,533 ops/s
[info] Iteration   1: 481,068 ops/s
[info]                  gc.alloc.rate:      2113,060 MB/sec
[info]                  gc.alloc.rate.norm: 4606321,884 B/op
[info]                  gc.count:           2,000 counts
[info]                  gc.time:            3,000 ms
[info] Iteration   2: 488,941 ops/s
[info]                  gc.alloc.rate:      2147,625 MB/sec
[info]                  gc.alloc.rate.norm: 4606225,502 B/op
[info]                  gc.count:           2,000 counts
[info]                  gc.time:            4,000 ms
[info] Iteration   3: 482,460 ops/s
[info]                  gc.alloc.rate:      2119,130 MB/sec
[info]                  gc.alloc.rate.norm: 4606212,701 B/op
[info]                  gc.count:           1,000 counts
[info]                  gc.time:            2,000 ms
[info] Iteration   4: 492,290 ops/s
[info]                  gc.alloc.rate:      2162,328 MB/sec
[info]                  gc.alloc.rate.norm: 4606211,547 B/op
[info]                  gc.count:           2,000 counts
[info]                  gc.time:            3,000 ms
[info] Iteration   5: 488,526 ops/s
[info]                  gc.alloc.rate:      2145,726 MB/sec
[info]                  gc.alloc.rate.norm: 4606211,959 B/op
[info]                  gc.count:           2,000 counts
[info]                  gc.time:            3,000 ms
[info] # Run progress: 89,39% complete, ETA 00:03:33
[info] # Fork: 2 of 3
[info] WARNING: A terminally deprecated method in sun.misc.Unsafe has been called
[info] WARNING: sun.misc.Unsafe::objectFieldOffset has been called by org.openjdk.jmh.util.Utils (file:/Users/stas/projects/scala-effect-bench/target/bg-jobs/sbt_1a5ffb62/target/ec0caa91/1296d6b9/jmh-core-1.37.jar)
[info] WARNING: Please consider reporting this to the maintainers of class org.openjdk.jmh.util.Utils
[info] WARNING: sun.misc.Unsafe::objectFieldOffset will be removed in a future release
[info] # Warmup Iteration   1: 316,971 ops/s
[info] # Warmup Iteration   2: 457,324 ops/s
[info] # Warmup Iteration   3: 488,665 ops/s
[info] # Warmup Iteration   4: 495,448 ops/s
[info] # Warmup Iteration   5: 497,375 ops/s
[info] Iteration   1: 496,491 ops/s
[info]                  gc.alloc.rate:      2180,786 MB/sec
[info]                  gc.alloc.rate.norm: 4606313,980 B/op
[info]                  gc.count:           2,000 counts
[info]                  gc.time:            3,000 ms
[info] Iteration   2: 503,355 ops/s
[info]                  gc.alloc.rate:      2210,960 MB/sec
[info]                  gc.alloc.rate.norm: 4606280,492 B/op
[info]                  gc.count:           2,000 counts
[info]                  gc.time:            3,000 ms
[info] Iteration   3: 502,587 ops/s
[info]                  gc.alloc.rate:      2207,553 MB/sec
[info]                  gc.alloc.rate.norm: 4606221,281 B/op
[info]                  gc.count:           2,000 counts
[info]                  gc.time:            4,000 ms
[info] Iteration   4: 505,284 ops/s
[info]                  gc.alloc.rate:      2219,429 MB/sec
[info]                  gc.alloc.rate.norm: 4606219,512 B/op
[info]                  gc.count:           1,000 counts
[info]                  gc.time:            2,000 ms
[info] Iteration   5: 501,173 ops/s
[info]                  gc.alloc.rate:      2201,271 MB/sec
[info]                  gc.alloc.rate.norm: 4606220,876 B/op
[info]                  gc.count:           2,000 counts
[info]                  gc.time:            2,000 ms
[info] # Run progress: 90,15% complete, ETA 00:03:18
[info] # Fork: 3 of 3
[info] WARNING: A terminally deprecated method in sun.misc.Unsafe has been called
[info] WARNING: sun.misc.Unsafe::objectFieldOffset has been called by org.openjdk.jmh.util.Utils (file:/Users/stas/projects/scala-effect-bench/target/bg-jobs/sbt_1a5ffb62/target/ec0caa91/1296d6b9/jmh-core-1.37.jar)
[info] WARNING: Please consider reporting this to the maintainers of class org.openjdk.jmh.util.Utils
[info] WARNING: sun.misc.Unsafe::objectFieldOffset will be removed in a future release
[info] # Warmup Iteration   1: 347,186 ops/s
[info] # Warmup Iteration   2: 471,260 ops/s
[info] # Warmup Iteration   3: 496,401 ops/s
[info] # Warmup Iteration   4: 504,671 ops/s
[info] # Warmup Iteration   5: 507,789 ops/s
[info] Iteration   1: 497,187 ops/s
[info]                  gc.alloc.rate:      2182,115 MB/sec
[info]                  gc.alloc.rate.norm: 4602551,520 B/op
[info]                  gc.count:           2,000 counts
[info]                  gc.time:            3,000 ms
[info] Iteration   2: 503,142 ops/s
[info]                  gc.alloc.rate:      2208,195 MB/sec
[info]                  gc.alloc.rate.norm: 4602446,302 B/op
[info]                  gc.count:           2,000 counts
[info]                  gc.time:            4,000 ms
[info] Iteration   3: 499,382 ops/s
[info]                  gc.alloc.rate:      2191,716 MB/sec
[info]                  gc.alloc.rate.norm: 4602443,321 B/op
[info]                  gc.count:           2,000 counts
[info]                  gc.time:            3,000 ms
[info] Iteration   4: 499,570 ops/s
[info]                  gc.alloc.rate:      2192,260 MB/sec
[info]                  gc.alloc.rate.norm: 4602442,992 B/op
[info]                  gc.count:           2,000 counts
[info]                  gc.time:            3,000 ms
[info] Iteration   5: 501,866 ops/s
[info]                  gc.alloc.rate:      2202,535 MB/sec
[info]                  gc.alloc.rate.norm: 4602442,402 B/op
[info]                  gc.count:           1,000 counts
[info]                  gc.time:            1,000 ms
[info] Result "bench.matched.StreamBench.kyoEvalChunks":
[info]   496,222 ±(99.9%) 8,314 ops/s [Average]
[info]   (min, avg, max) = (481,068, 496,222, 505,284), stdev = 7,777
[info]   CI (99.9%): [487,908, 504,535] (assumes normal distribution)
[info] Secondary result "bench.matched.StreamBench.kyoEvalChunks:gc.alloc.rate":
[info]   2178,979 ±(99.9%) 36,170 MB/sec [Average]
[info]   (min, avg, max) = (2113,060, 2178,979, 2219,429), stdev = 33,833
[info]   CI (99.9%): [2142,809, 2215,149] (assumes normal distribution)
[info] Secondary result "bench.matched.StreamBench.kyoEvalChunks:gc.alloc.rate.norm":
[info]   4604984,418 ±(99.9%) 1971,686 B/op [Average]
[info]   (min, avg, max) = (4602442,402, 4604984,418, 4606321,884), stdev = 1844,316
[info]   CI (99.9%): [4603012,732, 4606956,104] (assumes normal distribution)
[info] Secondary result "bench.matched.StreamBench.kyoEvalChunks:gc.count":
[info]   27,000 ±(99.9%) 0,001 counts [Sum]
[info]   (min, avg, max) = (1,000, 1,800, 2,000), stdev = 0,414
[info]   CI (99.9%): [27,000, 27,000] (assumes normal distribution)
[info] Secondary result "bench.matched.StreamBench.kyoEvalChunks:gc.time":
[info]   43,000 ±(99.9%) 0,001 ms [Sum]
[info]   (min, avg, max) = (1,000, 2,867, 4,000), stdev = 0,834
[info]   CI (99.9%): [43,000, 43,000] (assumes normal distribution)
[info] # JMH version: 1.37
[info] # VM version: JDK 25.0.3, Java HotSpot(TM) 64-Bit Server VM, 25.0.3+9-LTS-195
[info] # VM invoker: /Users/stas/.sdkman/candidates/java/25.0.3-oracle/bin/java
[info] # VM options: --add-opens=java.base/java.lang=ALL-UNNAMED -Xms2g -Xmx2g -XX:+UseG1GC
[info] # Blackhole mode: compiler (auto-detected, use -Djmh.blackhole.autoDetect=false to disable)
[info] # Warmup: 5 iterations, 1 s each
[info] # Measurement: 5 iterations, 1 s each
[info] # Timeout: 10 min per iteration
[info] # Threads: 1 thread, will synchronize iterations
[info] # Benchmark mode: Throughput, ops/time
[info] # Benchmark: bench.matched.StreamBench.kyoParallelChunks
[info] # Parameters: (capacity = 64, chunkSize = 64, parallelism = 4, size = 10000, work = 0)
[info] # Run progress: 90,91% complete, ETA 00:03:03
[info] # Fork: 1 of 3
[info] WARNING: A terminally deprecated method in sun.misc.Unsafe has been called
[info] WARNING: sun.misc.Unsafe::objectFieldOffset has been called by org.openjdk.jmh.util.Utils (file:/Users/stas/projects/scala-effect-bench/target/bg-jobs/sbt_1a5ffb62/target/ec0caa91/1296d6b9/jmh-core-1.37.jar)
[info] WARNING: Please consider reporting this to the maintainers of class org.openjdk.jmh.util.Utils
[info] WARNING: sun.misc.Unsafe::objectFieldOffset will be removed in a future release
[info] # Warmup Iteration   1: 631,456 ops/s
[info] # Warmup Iteration   2: 1076,375 ops/s
[info] # Warmup Iteration   3: 1082,207 ops/s
[info] # Warmup Iteration   4: 1057,119 ops/s
[info] # Warmup Iteration   5: 1068,306 ops/s
[info] Iteration   1: 1071,980 ops/s
[info]                  gc.alloc.rate:      5237,635 MB/sec
[info]                  gc.alloc.rate.norm: 5123863,448 B/op
[info]                  gc.count:           4,000 counts
[info]                  gc.time:            3,000 ms
[info] Iteration   2: 1069,077 ops/s
[info]                  gc.alloc.rate:      5223,522 MB/sec
[info]                  gc.alloc.rate.norm: 5123902,512 B/op
[info]                  gc.count:           4,000 counts
[info]                  gc.time:            4,000 ms
[info] Iteration   3: 1067,173 ops/s
[info]                  gc.alloc.rate:      5214,278 MB/sec
[info]                  gc.alloc.rate.norm: 5123918,598 B/op
[info]                  gc.count:           5,000 counts
[info]                  gc.time:            4,000 ms
[info] Iteration   4: 1069,151 ops/s
[info]                  gc.alloc.rate:      5223,903 MB/sec
[info]                  gc.alloc.rate.norm: 5123871,910 B/op
[info]                  gc.count:           4,000 counts
[info]                  gc.time:            4,000 ms
[info] Iteration   5: 1047,848 ops/s
[info]                  gc.alloc.rate:      5119,620 MB/sec
[info]                  gc.alloc.rate.norm: 5123772,575 B/op
[info]                  gc.count:           4,000 counts
[info]                  gc.time:            4,000 ms
[info] # Run progress: 91,67% complete, ETA 00:02:48
[info] # Fork: 2 of 3
[info] WARNING: A terminally deprecated method in sun.misc.Unsafe has been called
[info] WARNING: sun.misc.Unsafe::objectFieldOffset has been called by org.openjdk.jmh.util.Utils (file:/Users/stas/projects/scala-effect-bench/target/bg-jobs/sbt_1a5ffb62/target/ec0caa91/1296d6b9/jmh-core-1.37.jar)
[info] WARNING: Please consider reporting this to the maintainers of class org.openjdk.jmh.util.Utils
[info] WARNING: sun.misc.Unsafe::objectFieldOffset will be removed in a future release
[info] # Warmup Iteration   1: 544,893 ops/s
[info] # Warmup Iteration   2: 1005,759 ops/s
[info] # Warmup Iteration   3: 940,798 ops/s
[info] # Warmup Iteration   4: 1067,268 ops/s
[info] # Warmup Iteration   5: 1077,997 ops/s
[info] Iteration   1: 1075,927 ops/s
[info]                  gc.alloc.rate:      5233,226 MB/sec
[info]                  gc.alloc.rate.norm: 5100657,284 B/op
[info]                  gc.count:           5,000 counts
[info]                  gc.time:            5,000 ms
[info] Iteration   2: 1070,958 ops/s
[info]                  gc.alloc.rate:      5209,078 MB/sec
[info]                  gc.alloc.rate.norm: 5100814,403 B/op
[info]                  gc.count:           4,000 counts
[info]                  gc.time:            4,000 ms
[info] Iteration   3: 1063,827 ops/s
[info]                  gc.alloc.rate:      5174,296 MB/sec
[info]                  gc.alloc.rate.norm: 5100676,969 B/op
[info]                  gc.count:           4,000 counts
[info]                  gc.time:            3,000 ms
[info] Iteration   4: 1059,800 ops/s
[info]                  gc.alloc.rate:      5154,861 MB/sec
[info]                  gc.alloc.rate.norm: 5100783,016 B/op
[info]                  gc.count:           5,000 counts
[info]                  gc.time:            5,000 ms
[info] Iteration   5: 1066,160 ops/s
[info]                  gc.alloc.rate:      5185,796 MB/sec
[info]                  gc.alloc.rate.norm: 5100880,112 B/op
[info]                  gc.count:           4,000 counts
[info]                  gc.time:            3,000 ms
[info] # Run progress: 92,42% complete, ETA 00:02:32
[info] # Fork: 3 of 3
[info] WARNING: A terminally deprecated method in sun.misc.Unsafe has been called
[info] WARNING: sun.misc.Unsafe::objectFieldOffset has been called by org.openjdk.jmh.util.Utils (file:/Users/stas/projects/scala-effect-bench/target/bg-jobs/sbt_1a5ffb62/target/ec0caa91/1296d6b9/jmh-core-1.37.jar)
[info] WARNING: Please consider reporting this to the maintainers of class org.openjdk.jmh.util.Utils
[info] WARNING: sun.misc.Unsafe::objectFieldOffset will be removed in a future release
[info] # Warmup Iteration   1: 602,310 ops/s
[info] # Warmup Iteration   2: 1039,711 ops/s
[info] # Warmup Iteration   3: 1067,656 ops/s
[info] # Warmup Iteration   4: 1064,510 ops/s
[info] # Warmup Iteration   5: 1062,949 ops/s
[info] Iteration   1: 1056,830 ops/s
[info]                  gc.alloc.rate:      5148,206 MB/sec
[info]                  gc.alloc.rate.norm: 5108729,182 B/op
[info]                  gc.count:           5,000 counts
[info]                  gc.time:            5,000 ms
[info] Iteration   2: 1074,192 ops/s
[info]                  gc.alloc.rate:      5233,101 MB/sec
[info]                  gc.alloc.rate.norm: 5108832,460 B/op
[info]                  gc.count:           4,000 counts
[info]                  gc.time:            4,000 ms
[info] Iteration   3: 1036,774 ops/s
[info]                  gc.alloc.rate:      5050,710 MB/sec
[info]                  gc.alloc.rate.norm: 5108710,628 B/op
[info]                  gc.count:           4,000 counts
[info]                  gc.time:            4,000 ms
[info] Iteration   4: 1005,916 ops/s
[info]                  gc.alloc.rate:      4900,171 MB/sec
[info]                  gc.alloc.rate.norm: 5108639,304 B/op
[info]                  gc.count:           4,000 counts
[info]                  gc.time:            4,000 ms
[info] Iteration   5: 1038,186 ops/s
[info]                  gc.alloc.rate:      5056,846 MB/sec
[info]                  gc.alloc.rate.norm: 5108657,086 B/op
[info]                  gc.count:           4,000 counts
[info]                  gc.time:            4,000 ms
[info] Result "bench.matched.StreamBench.kyoParallelChunks":
[info]   1058,253 ±(99.9%) 20,286 ops/s [Average]
[info]   (min, avg, max) = (1005,916, 1058,253, 1075,927), stdev = 18,976
[info]   CI (99.9%): [1037,967, 1078,540] (assumes normal distribution)
[info] Secondary result "bench.matched.StreamBench.kyoParallelChunks:gc.alloc.rate":
[info]   5157,683 ±(99.9%) 100,160 MB/sec [Average]
[info]   (min, avg, max) = (4900,171, 5157,683, 5237,635), stdev = 93,690
[info]   CI (99.9%): [5057,524, 5257,843] (assumes normal distribution)
[info] Secondary result "bench.matched.StreamBench.kyoParallelChunks:gc.alloc.rate.norm":
[info]   5111113,966 ±(99.9%) 10605,135 B/op [Average]
[info]   (min, avg, max) = (5100657,284, 5111113,966, 5123918,598), stdev = 9920,050
[info]   CI (99.9%): [5100508,831, 5121719,101] (assumes normal distribution)
[info] Secondary result "bench.matched.StreamBench.kyoParallelChunks:gc.count":
[info]   64,000 ±(99.9%) 0,001 counts [Sum]
[info]   (min, avg, max) = (4,000, 4,267, 5,000), stdev = 0,458
[info]   CI (99.9%): [64,000, 64,000] (assumes normal distribution)
[info] Secondary result "bench.matched.StreamBench.kyoParallelChunks:gc.time":
[info]   60,000 ±(99.9%) 0,001 ms [Sum]
[info]   (min, avg, max) = (3,000, 4,000, 5,000), stdev = 0,655
[info]   CI (99.9%): [60,000, 60,000] (assumes normal distribution)
[info] # JMH version: 1.37
[info] # VM version: JDK 25.0.3, Java HotSpot(TM) 64-Bit Server VM, 25.0.3+9-LTS-195
[info] # VM invoker: /Users/stas/.sdkman/candidates/java/25.0.3-oracle/bin/java
[info] # VM options: --add-opens=java.base/java.lang=ALL-UNNAMED -Xms2g -Xmx2g -XX:+UseG1GC
[info] # Blackhole mode: compiler (auto-detected, use -Djmh.blackhole.autoDetect=false to disable)
[info] # Warmup: 5 iterations, 1 s each
[info] # Measurement: 5 iterations, 1 s each
[info] # Timeout: 10 min per iteration
[info] # Threads: 1 thread, will synchronize iterations
[info] # Benchmark mode: Throughput, ops/time
[info] # Benchmark: bench.matched.StreamBench.kyoParallelChunks
[info] # Parameters: (capacity = 64, chunkSize = 64, parallelism = 4, size = 10000, work = 64)
[info] # Run progress: 93,18% complete, ETA 00:02:17
[info] # Fork: 1 of 3
[info] WARNING: A terminally deprecated method in sun.misc.Unsafe has been called
[info] WARNING: sun.misc.Unsafe::objectFieldOffset has been called by org.openjdk.jmh.util.Utils (file:/Users/stas/projects/scala-effect-bench/target/bg-jobs/sbt_1a5ffb62/target/ec0caa91/1296d6b9/jmh-core-1.37.jar)
[info] WARNING: Please consider reporting this to the maintainers of class org.openjdk.jmh.util.Utils
[info] WARNING: sun.misc.Unsafe::objectFieldOffset will be removed in a future release
[info] # Warmup Iteration   1: 281,791 ops/s
[info] # Warmup Iteration   2: 431,471 ops/s
[info] # Warmup Iteration   3: 460,134 ops/s
[info] # Warmup Iteration   4: 458,421 ops/s
[info] # Warmup Iteration   5: 457,503 ops/s
[info] Iteration   1: 453,487 ops/s
[info]                  gc.alloc.rate:      2210,274 MB/sec
[info]                  gc.alloc.rate.norm: 5111275,456 B/op
[info]                  gc.count:           2,000 counts
[info]                  gc.time:            3,000 ms
[info] Iteration   2: 459,744 ops/s
[info]                  gc.alloc.rate:      2240,788 MB/sec
[info]                  gc.alloc.rate.norm: 5111312,989 B/op
[info]                  gc.count:           2,000 counts
[info]                  gc.time:            3,000 ms
[info] Iteration   3: 436,738 ops/s
[info]                  gc.alloc.rate:      2128,535 MB/sec
[info]                  gc.alloc.rate.norm: 5110999,361 B/op
[info]                  gc.count:           2,000 counts
[info]                  gc.time:            4,000 ms
[info] Iteration   4: 464,409 ops/s
[info]                  gc.alloc.rate:      2263,513 MB/sec
[info]                  gc.alloc.rate.norm: 5111217,165 B/op
[info]                  gc.count:           2,000 counts
[info]                  gc.time:            4,000 ms
[info] Iteration   5: 464,894 ops/s
[info]                  gc.alloc.rate:      2265,807 MB/sec
[info]                  gc.alloc.rate.norm: 5111230,197 B/op
[info]                  gc.count:           2,000 counts
[info]                  gc.time:            2,000 ms
[info] # Run progress: 93,94% complete, ETA 00:02:02
[info] # Fork: 2 of 3
[info] WARNING: A terminally deprecated method in sun.misc.Unsafe has been called
[info] WARNING: sun.misc.Unsafe::objectFieldOffset has been called by org.openjdk.jmh.util.Utils (file:/Users/stas/projects/scala-effect-bench/target/bg-jobs/sbt_1a5ffb62/target/ec0caa91/1296d6b9/jmh-core-1.37.jar)
[info] WARNING: Please consider reporting this to the maintainers of class org.openjdk.jmh.util.Utils
[info] WARNING: sun.misc.Unsafe::objectFieldOffset will be removed in a future release
[info] # Warmup Iteration   1: 308,621 ops/s
[info] # Warmup Iteration   2: 441,404 ops/s
[info] # Warmup Iteration   3: 461,306 ops/s
[info] # Warmup Iteration   4: 459,996 ops/s
[info] # Warmup Iteration   5: 457,530 ops/s
[info] Iteration   1: 457,532 ops/s
[info]                  gc.alloc.rate:      2229,974 MB/sec
[info]                  gc.alloc.rate.norm: 5111306,957 B/op
[info]                  gc.count:           1,000 counts
[info]                  gc.time:            1,000 ms
[info] Iteration   2: 458,159 ops/s
[info]                  gc.alloc.rate:      2233,080 MB/sec
[info]                  gc.alloc.rate.norm: 5111302,278 B/op
[info]                  gc.count:           2,000 counts
[info]                  gc.time:            3,000 ms
[info] Iteration   3: 458,134 ops/s
[info]                  gc.alloc.rate:      2232,853 MB/sec
[info]                  gc.alloc.rate.norm: 5111134,087 B/op
[info]                  gc.count:           2,000 counts
[info]                  gc.time:            4,000 ms
[info] Iteration   4: 457,840 ops/s
[info]                  gc.alloc.rate:      2231,534 MB/sec
[info]                  gc.alloc.rate.norm: 5111269,764 B/op
[info]                  gc.count:           2,000 counts
[info]                  gc.time:            4,000 ms
[info] Iteration   5: 462,025 ops/s
[info]                  gc.alloc.rate:      2251,737 MB/sec
[info]                  gc.alloc.rate.norm: 5111088,552 B/op
[info]                  gc.count:           2,000 counts
[info]                  gc.time:            2,000 ms
[info] # Run progress: 94,70% complete, ETA 00:01:46
[info] # Fork: 3 of 3
[info] WARNING: A terminally deprecated method in sun.misc.Unsafe has been called
[info] WARNING: sun.misc.Unsafe::objectFieldOffset has been called by org.openjdk.jmh.util.Utils (file:/Users/stas/projects/scala-effect-bench/target/bg-jobs/sbt_1a5ffb62/target/ec0caa91/1296d6b9/jmh-core-1.37.jar)
[info] WARNING: Please consider reporting this to the maintainers of class org.openjdk.jmh.util.Utils
[info] WARNING: sun.misc.Unsafe::objectFieldOffset will be removed in a future release
[info] # Warmup Iteration   1: 302,214 ops/s
[info] # Warmup Iteration   2: 432,485 ops/s
[info] # Warmup Iteration   3: 453,618 ops/s
[info] # Warmup Iteration   4: 451,654 ops/s
[info] # Warmup Iteration   5: 454,295 ops/s
[info] Iteration   1: 460,893 ops/s
[info]                  gc.alloc.rate:      2246,420 MB/sec
[info]                  gc.alloc.rate.norm: 5111359,758 B/op
[info]                  gc.count:           2,000 counts
[info]                  gc.time:            3,000 ms
[info] Iteration   2: 457,934 ops/s
[info]                  gc.alloc.rate:      2231,935 MB/sec
[info]                  gc.alloc.rate.norm: 5111202,048 B/op
[info]                  gc.count:           2,000 counts
[info]                  gc.time:            4,000 ms
[info] Iteration   3: 461,749 ops/s
[info]                  gc.alloc.rate:      2250,683 MB/sec
[info]                  gc.alloc.rate.norm: 5111499,307 B/op
[info]                  gc.count:           2,000 counts
[info]                  gc.time:            5,000 ms
[info] Iteration   4: 460,380 ops/s
[info]                  gc.alloc.rate:      2243,821 MB/sec
[info]                  gc.alloc.rate.norm: 5111262,004 B/op
[info]                  gc.count:           2,000 counts
[info]                  gc.time:            3,000 ms
[info] Iteration   5: 458,624 ops/s
[info]                  gc.alloc.rate:      2235,325 MB/sec
[info]                  gc.alloc.rate.norm: 5111405,362 B/op
[info]                  gc.count:           2,000 counts
[info]                  gc.time:            2,000 ms
[info] Result "bench.matched.StreamBench.kyoParallelChunks":
[info]   458,170 ±(99.9%) 7,049 ops/s [Average]
[info]   (min, avg, max) = (436,738, 458,170, 464,894), stdev = 6,593
[info]   CI (99.9%): [451,121, 465,218] (assumes normal distribution)
[info] Secondary result "bench.matched.StreamBench.kyoParallelChunks:gc.alloc.rate":
[info]   2233,085 ±(99.9%) 34,377 MB/sec [Average]
[info]   (min, avg, max) = (2128,535, 2233,085, 2265,807), stdev = 32,156
[info]   CI (99.9%): [2198,708, 2267,462] (assumes normal distribution)
[info] Secondary result "bench.matched.StreamBench.kyoParallelChunks:gc.alloc.rate.norm":
[info]   5111257,686 ±(99.9%) 132,381 B/op [Average]
[info]   (min, avg, max) = (5110999,361, 5111257,686, 5111499,307), stdev = 123,829
[info]   CI (99.9%): [5111125,305, 5111390,066] (assumes normal distribution)
[info] Secondary result "bench.matched.StreamBench.kyoParallelChunks:gc.count":
[info]   29,000 ±(99.9%) 0,001 counts [Sum]
[info]   (min, avg, max) = (1,000, 1,933, 2,000), stdev = 0,258
[info]   CI (99.9%): [29,000, 29,000] (assumes normal distribution)
[info] Secondary result "bench.matched.StreamBench.kyoParallelChunks:gc.time":
[info]   47,000 ±(99.9%) 0,001 ms [Sum]
[info]   (min, avg, max) = (1,000, 3,133, 5,000), stdev = 1,060
[info]   CI (99.9%): [47,000, 47,000] (assumes normal distribution)
[info] # JMH version: 1.37
[info] # VM version: JDK 25.0.3, Java HotSpot(TM) 64-Bit Server VM, 25.0.3+9-LTS-195
[info] # VM invoker: /Users/stas/.sdkman/candidates/java/25.0.3-oracle/bin/java
[info] # VM options: --add-opens=java.base/java.lang=ALL-UNNAMED -Xms2g -Xmx2g -XX:+UseG1GC
[info] # Blackhole mode: compiler (auto-detected, use -Djmh.blackhole.autoDetect=false to disable)
[info] # Warmup: 5 iterations, 1 s each
[info] # Measurement: 5 iterations, 1 s each
[info] # Timeout: 10 min per iteration
[info] # Threads: 1 thread, will synchronize iterations
[info] # Benchmark mode: Throughput, ops/time
[info] # Benchmark: bench.matched.StreamBench.kyoQueueChunks
[info] # Parameters: (capacity = 64, chunkSize = 64, parallelism = 4, size = 10000, work = 0)
[info] # Run progress: 95,45% complete, ETA 00:01:31
[info] # Fork: 1 of 3
[info] WARNING: A terminally deprecated method in sun.misc.Unsafe has been called
[info] WARNING: sun.misc.Unsafe::objectFieldOffset has been called by org.openjdk.jmh.util.Utils (file:/Users/stas/projects/scala-effect-bench/target/bg-jobs/sbt_1a5ffb62/target/ec0caa91/1296d6b9/jmh-core-1.37.jar)
[info] WARNING: Please consider reporting this to the maintainers of class org.openjdk.jmh.util.Utils
[info] WARNING: sun.misc.Unsafe::objectFieldOffset will be removed in a future release
[info] # Warmup Iteration   1: 3244,987 ops/s
[info] # Warmup Iteration   2: 4977,597 ops/s
[info] # Warmup Iteration   3: 5178,469 ops/s
[info] # Warmup Iteration   4: 4710,088 ops/s
[info] # Warmup Iteration   5: 5289,307 ops/s
[info] Iteration   1: 5272,681 ops/s
[info]                  gc.alloc.rate:      3369,478 MB/sec
[info]                  gc.alloc.rate.norm: 670149,394 B/op
[info]                  gc.count:           3,000 counts
[info]                  gc.time:            6,000 ms
[info] Iteration   2: 5275,097 ops/s
[info]                  gc.alloc.rate:      3371,025 MB/sec
[info]                  gc.alloc.rate.norm: 670149,474 B/op
[info]                  gc.count:           3,000 counts
[info]                  gc.time:            3,000 ms
[info] Iteration   3: 5263,721 ops/s
[info]                  gc.alloc.rate:      3363,750 MB/sec
[info]                  gc.alloc.rate.norm: 670149,477 B/op
[info]                  gc.count:           3,000 counts
[info]                  gc.time:            4,000 ms
[info] Iteration   4: 5278,353 ops/s
[info]                  gc.alloc.rate:      3373,118 MB/sec
[info]                  gc.alloc.rate.norm: 670149,518 B/op
[info]                  gc.count:           2,000 counts
[info]                  gc.time:            2,000 ms
[info] Iteration   5: 5244,828 ops/s
[info]                  gc.alloc.rate:      3351,524 MB/sec
[info]                  gc.alloc.rate.norm: 670149,536 B/op
[info]                  gc.count:           3,000 counts
[info]                  gc.time:            2,000 ms
[info] # Run progress: 96,21% complete, ETA 00:01:16
[info] # Fork: 2 of 3
[info] WARNING: A terminally deprecated method in sun.misc.Unsafe has been called
[info] WARNING: sun.misc.Unsafe::objectFieldOffset has been called by org.openjdk.jmh.util.Utils (file:/Users/stas/projects/scala-effect-bench/target/bg-jobs/sbt_1a5ffb62/target/ec0caa91/1296d6b9/jmh-core-1.37.jar)
[info] WARNING: Please consider reporting this to the maintainers of class org.openjdk.jmh.util.Utils
[info] WARNING: sun.misc.Unsafe::objectFieldOffset will be removed in a future release
[info] # Warmup Iteration   1: 2573,051 ops/s
[info] # Warmup Iteration   2: 4802,082 ops/s
[info] # Warmup Iteration   3: 5204,285 ops/s
[info] # Warmup Iteration   4: 5163,461 ops/s
[info] # Warmup Iteration   5: 5163,354 ops/s
[info] Iteration   1: 5252,843 ops/s
[info]                  gc.alloc.rate:      3382,712 MB/sec
[info]                  gc.alloc.rate.norm: 675339,320 B/op
[info]                  gc.count:           3,000 counts
[info]                  gc.time:            6,000 ms
[info] Iteration   2: 5132,512 ops/s
[info]                  gc.alloc.rate:      3305,103 MB/sec
[info]                  gc.alloc.rate.norm: 675339,346 B/op
[info]                  gc.count:           3,000 counts
[info]                  gc.time:            2,000 ms
[info] Iteration   3: 5180,463 ops/s
[info]                  gc.alloc.rate:      3336,168 MB/sec
[info]                  gc.alloc.rate.norm: 675339,809 B/op
[info]                  gc.count:           2,000 counts
[info]                  gc.time:            3,000 ms
[info] Iteration   4: 5206,294 ops/s
[info]                  gc.alloc.rate:      3352,779 MB/sec
[info]                  gc.alloc.rate.norm: 675339,550 B/op
[info]                  gc.count:           3,000 counts
[info]                  gc.time:            3,000 ms
[info] Iteration   5: 5206,964 ops/s
[info]                  gc.alloc.rate:      3353,149 MB/sec
[info]                  gc.alloc.rate.norm: 675340,060 B/op
[info]                  gc.count:           3,000 counts
[info]                  gc.time:            3,000 ms
[info] # Run progress: 96,97% complete, ETA 00:01:01
[info] # Fork: 3 of 3
[info] WARNING: A terminally deprecated method in sun.misc.Unsafe has been called
[info] WARNING: sun.misc.Unsafe::objectFieldOffset has been called by org.openjdk.jmh.util.Utils (file:/Users/stas/projects/scala-effect-bench/target/bg-jobs/sbt_1a5ffb62/target/ec0caa91/1296d6b9/jmh-core-1.37.jar)
[info] WARNING: Please consider reporting this to the maintainers of class org.openjdk.jmh.util.Utils
[info] WARNING: sun.misc.Unsafe::objectFieldOffset will be removed in a future release
[info] # Warmup Iteration   1: 3058,912 ops/s
[info] # Warmup Iteration   2: 5018,494 ops/s
[info] # Warmup Iteration   3: 5265,633 ops/s
[info] # Warmup Iteration   4: 5269,417 ops/s
[info] # Warmup Iteration   5: 5257,704 ops/s
[info] Iteration   1: 5248,189 ops/s
[info]                  gc.alloc.rate:      3379,738 MB/sec
[info]                  gc.alloc.rate.norm: 675340,318 B/op
[info]                  gc.count:           2,000 counts
[info]                  gc.time:            3,000 ms
[info] Iteration   2: 5206,963 ops/s
[info]                  gc.alloc.rate:      3353,260 MB/sec
[info]                  gc.alloc.rate.norm: 675340,284 B/op
[info]                  gc.count:           3,000 counts
[info]                  gc.time:            3,000 ms
[info] Iteration   3: 5247,742 ops/s
[info]                  gc.alloc.rate:      3379,516 MB/sec
[info]                  gc.alloc.rate.norm: 675340,524 B/op
[info]                  gc.count:           3,000 counts
[info]                  gc.time:            3,000 ms
[info] Iteration   4: 5244,103 ops/s
[info]                  gc.alloc.rate:      3377,193 MB/sec
[info]                  gc.alloc.rate.norm: 675340,471 B/op
[info]                  gc.count:           3,000 counts
[info]                  gc.time:            4,000 ms
[info] Iteration   5: 5266,605 ops/s
[info]                  gc.alloc.rate:      3391,616 MB/sec
[info]                  gc.alloc.rate.norm: 675340,193 B/op
[info]                  gc.count:           2,000 counts
[info]                  gc.time:            2,000 ms
[info] Result "bench.matched.StreamBench.kyoQueueChunks":
[info]   5235,157 ±(99.9%) 43,743 ops/s [Average]
[info]   (min, avg, max) = (5132,512, 5235,157, 5278,353), stdev = 40,917
[info]   CI (99.9%): [5191,414, 5278,900] (assumes normal distribution)
[info] Secondary result "bench.matched.StreamBench.kyoQueueChunks:gc.alloc.rate":
[info]   3362,675 ±(99.9%) 23,334 MB/sec [Average]
[info]   (min, avg, max) = (3305,103, 3362,675, 3391,616), stdev = 21,827
[info]   CI (99.9%): [3339,341, 3386,009] (assumes normal distribution)
[info] Secondary result "bench.matched.StreamBench.kyoQueueChunks:gc.alloc.rate.norm":
[info]   673609,818 ±(99.9%) 2707,619 B/op [Average]
[info]   (min, avg, max) = (670149,394, 673609,818, 675340,524), stdev = 2532,709
[info]   CI (99.9%): [670902,199, 676317,437] (assumes normal distribution)
[info] Secondary result "bench.matched.StreamBench.kyoQueueChunks:gc.count":
[info]   41,000 ±(99.9%) 0,001 counts [Sum]
[info]   (min, avg, max) = (2,000, 2,733, 3,000), stdev = 0,458
[info]   CI (99.9%): [41,000, 41,000] (assumes normal distribution)
[info] Secondary result "bench.matched.StreamBench.kyoQueueChunks:gc.time":
[info]   49,000 ±(99.9%) 0,001 ms [Sum]
[info]   (min, avg, max) = (2,000, 3,267, 6,000), stdev = 1,280
[info]   CI (99.9%): [49,000, 49,000] (assumes normal distribution)
[info] # JMH version: 1.37
[info] # VM version: JDK 25.0.3, Java HotSpot(TM) 64-Bit Server VM, 25.0.3+9-LTS-195
[info] # VM invoker: /Users/stas/.sdkman/candidates/java/25.0.3-oracle/bin/java
[info] # VM options: --add-opens=java.base/java.lang=ALL-UNNAMED -Xms2g -Xmx2g -XX:+UseG1GC
[info] # Blackhole mode: compiler (auto-detected, use -Djmh.blackhole.autoDetect=false to disable)
[info] # Warmup: 5 iterations, 1 s each
[info] # Measurement: 5 iterations, 1 s each
[info] # Timeout: 10 min per iteration
[info] # Threads: 1 thread, will synchronize iterations
[info] # Benchmark mode: Throughput, ops/time
[info] # Benchmark: bench.matched.StreamBench.kyoQueueChunks
[info] # Parameters: (capacity = 64, chunkSize = 64, parallelism = 4, size = 10000, work = 64)
[info] # Run progress: 97,73% complete, ETA 00:00:45
[info] # Fork: 1 of 3
[info] WARNING: A terminally deprecated method in sun.misc.Unsafe has been called
[info] WARNING: sun.misc.Unsafe::objectFieldOffset has been called by org.openjdk.jmh.util.Utils (file:/Users/stas/projects/scala-effect-bench/target/bg-jobs/sbt_1a5ffb62/target/ec0caa91/1296d6b9/jmh-core-1.37.jar)
[info] WARNING: Please consider reporting this to the maintainers of class org.openjdk.jmh.util.Utils
[info] WARNING: sun.misc.Unsafe::objectFieldOffset will be removed in a future release
[info] # Warmup Iteration   1: 728,589 ops/s
[info] # Warmup Iteration   2: 964,802 ops/s
[info] # Warmup Iteration   3: 992,783 ops/s
[info] # Warmup Iteration   4: 990,963 ops/s
[info] # Warmup Iteration   5: 1004,620 ops/s
[info] Iteration   1: 989,539 ops/s
[info]                  gc.alloc.rate:      639,474 MB/sec
[info]                  gc.alloc.rate.norm: 677741,371 B/op
[info]                  gc.count:           1,000 counts
[info]                  gc.time:            1,000 ms
[info] Iteration   2: 1003,309 ops/s
[info]                  gc.alloc.rate:      648,383 MB/sec
[info]                  gc.alloc.rate.norm: 677718,524 B/op
[info]                  gc.count:           ≈ 0 counts
[info] Iteration   3: 1000,248 ops/s
[info]                  gc.alloc.rate:      646,405 MB/sec
[info]                  gc.alloc.rate.norm: 677701,942 B/op
[info]                  gc.count:           1,000 counts
[info]                  gc.time:            2,000 ms
[info] Iteration   4: 1002,447 ops/s
[info]                  gc.alloc.rate:      647,835 MB/sec
[info]                  gc.alloc.rate.norm: 677704,064 B/op
[info]                  gc.count:           1,000 counts
[info]                  gc.time:            2,000 ms
[info] Iteration   5: 1014,540 ops/s
[info]                  gc.alloc.rate:      655,624 MB/sec
[info]                  gc.alloc.rate.norm: 677701,671 B/op
[info]                  gc.count:           ≈ 0 counts
[info] # Run progress: 98,48% complete, ETA 00:00:30
[info] # Fork: 2 of 3
[info] WARNING: A terminally deprecated method in sun.misc.Unsafe has been called
[info] WARNING: sun.misc.Unsafe::objectFieldOffset has been called by org.openjdk.jmh.util.Utils (file:/Users/stas/projects/scala-effect-bench/target/bg-jobs/sbt_1a5ffb62/target/ec0caa91/1296d6b9/jmh-core-1.37.jar)
[info] WARNING: Please consider reporting this to the maintainers of class org.openjdk.jmh.util.Utils
[info] WARNING: sun.misc.Unsafe::objectFieldOffset will be removed in a future release
[info] # Warmup Iteration   1: 700,023 ops/s
[info] # Warmup Iteration   2: 994,570 ops/s
[info] # Warmup Iteration   3: 1018,030 ops/s
[info] # Warmup Iteration   4: 1028,951 ops/s
[info] # Warmup Iteration   5: 1015,916 ops/s
[info] Iteration   1: 1034,972 ops/s
[info]                  gc.alloc.rate:      668,861 MB/sec
[info]                  gc.alloc.rate.norm: 677735,193 B/op
[info]                  gc.count:           1,000 counts
[info]                  gc.time:            2,000 ms
[info] Iteration   2: 1051,718 ops/s
[info]                  gc.alloc.rate:      679,662 MB/sec
[info]                  gc.alloc.rate.norm: 677714,066 B/op
[info]                  gc.count:           1,000 counts
[info]                  gc.time:            2,000 ms
[info] Iteration   3: 1060,901 ops/s
[info]                  gc.alloc.rate:      685,606 MB/sec
[info]                  gc.alloc.rate.norm: 677698,762 B/op
[info]                  gc.count:           ≈ 0 counts
[info] Iteration   4: 1050,176 ops/s
[info]                  gc.alloc.rate:      678,670 MB/sec
[info]                  gc.alloc.rate.norm: 677696,989 B/op
[info]                  gc.count:           1,000 counts
[info]                  gc.time:            2,000 ms
[info] Iteration   5: 1058,810 ops/s
[info]                  gc.alloc.rate:      684,232 MB/sec
[info]                  gc.alloc.rate.norm: 677699,065 B/op
[info]                  gc.count:           ≈ 0 counts
[info] # Run progress: 99,24% complete, ETA 00:00:15
[info] # Fork: 3 of 3
[info] WARNING: A terminally deprecated method in sun.misc.Unsafe has been called
[info] WARNING: sun.misc.Unsafe::objectFieldOffset has been called by org.openjdk.jmh.util.Utils (file:/Users/stas/projects/scala-effect-bench/target/bg-jobs/sbt_1a5ffb62/target/ec0caa91/1296d6b9/jmh-core-1.37.jar)
[info] WARNING: Please consider reporting this to the maintainers of class org.openjdk.jmh.util.Utils
[info] WARNING: sun.misc.Unsafe::objectFieldOffset will be removed in a future release
[info] # Warmup Iteration   1: 732,205 ops/s
[info] # Warmup Iteration   2: 955,056 ops/s
[info] # Warmup Iteration   3: 978,173 ops/s
[info] # Warmup Iteration   4: 991,880 ops/s
[info] # Warmup Iteration   5: 1014,382 ops/s
[info] Iteration   1: 1000,350 ops/s
[info]                  gc.alloc.rate:      646,490 MB/sec
[info]                  gc.alloc.rate.norm: 677739,964 B/op
[info]                  gc.count:           1,000 counts
[info]                  gc.time:            2,000 ms
[info] Iteration   2: 1015,312 ops/s
[info]                  gc.alloc.rate:      656,153 MB/sec
[info]                  gc.alloc.rate.norm: 677720,039 B/op
[info]                  gc.count:           ≈ 0 counts
[info] Iteration   3: 1019,642 ops/s
[info]                  gc.alloc.rate:      658,942 MB/sec
[info]                  gc.alloc.rate.norm: 677699,079 B/op
[info]                  gc.count:           1,000 counts
[info]                  gc.time:            2,000 ms
[info] Iteration   4: 1010,098 ops/s
[info]                  gc.alloc.rate:      652,774 MB/sec
[info]                  gc.alloc.rate.norm: 677703,201 B/op
[info]                  gc.count:           1,000 counts
[info]                  gc.time:            2,000 ms
[info] Iteration   5: 1007,021 ops/s
[info]                  gc.alloc.rate:      650,765 MB/sec
[info]                  gc.alloc.rate.norm: 677699,774 B/op
[info]                  gc.count:           ≈ 0 counts
[info] Result "bench.matched.StreamBench.kyoQueueChunks":
[info]   1021,272 ±(99.9%) 25,403 ops/s [Average]
[info]   (min, avg, max) = (989,539, 1021,272, 1060,901), stdev = 23,762
[info]   CI (99.9%): [995,869, 1046,675] (assumes normal distribution)
[info] Secondary result "bench.matched.StreamBench.kyoQueueChunks:gc.alloc.rate":
[info]   659,992 ±(99.9%) 16,415 MB/sec [Average]
[info]   (min, avg, max) = (639,474, 659,992, 685,606), stdev = 15,355
[info]   CI (99.9%): [643,577, 676,407] (assumes normal distribution)
[info] Secondary result "bench.matched.StreamBench.kyoQueueChunks:gc.alloc.rate.norm":
[info]   677711,580 ±(99.9%) 16,961 B/op [Average]
[info]   (min, avg, max) = (677696,989, 677711,580, 677741,371), stdev = 15,865
[info]   CI (99.9%): [677694,619, 677728,541] (assumes normal distribution)
[info] Secondary result "bench.matched.StreamBench.kyoQueueChunks:gc.count":
[info]   9,000 ±(99.9%) 0,001 counts [Sum]
[info]   (min, avg, max) = (≈ 0, 0,600, 1,000), stdev = 0,507
[info]   CI (99.9%): [9,000, 9,000] (assumes normal distribution)
[info] Secondary result "bench.matched.StreamBench.kyoQueueChunks:gc.time":
[info]   17,000 ±(99.9%) 0,001 ms [Sum]
[info]   (min, avg, max) = (≈ 0, 1,133, 2,000), stdev = 0,990
[info]   CI (99.9%): [17,000, 17,000] (assumes normal distribution)
[info] # Run complete. Total time: 00:33:36
[info] REMEMBER: The numbers below are just data. To gain reusable insights, you need to follow up on
[info] why the numbers are the way they are. Use profilers (see -prof, -lprof), design factorial
[info] experiments, perform baseline and negative tests that provide experimental control, make sure
[info] the benchmarking environment is safe on JVM/OS/HW level, ask for reviews from the domain experts.
[info] Do not assume the numbers tell you what you want them to tell.
[info] NOTE: Current JVM experimentally supports Compiler Blackholes, and they are in use. Please exercise
[info] extra caution when trusting the results, look into the generated code to check the benchmark still
[info] works, and factor in a small probability of new VM bugs. Additionally, while comparisons between
[info] different JVMs are already problematic, the performance difference caused by different Blackhole
[info] modes can be very significant. Please make sure you use the consistent Blackhole mode for comparisons.
[info] Benchmark                                             (capacity)  (chunkSize)  (depth)  (ops)  (parallelism)  (size)  (work)   Mode  Cnt           Score        Error   Units
[info] CoreBench.ceDeepBind                                         N/A          N/A     1000    N/A            N/A     N/A     N/A  thrpt   15       43344,985 ±    625,481   ops/s
[info] CoreBench.ceDeepBind:gc.alloc.rate                           N/A          N/A     1000    N/A            N/A     N/A     N/A  thrpt   15        3928,270 ±     56,710  MB/sec
[info] CoreBench.ceDeepBind:gc.alloc.rate.norm                      N/A          N/A     1000    N/A            N/A     N/A     N/A  thrpt   15       95040,309 ±      0,616    B/op
[info] CoreBench.ceDeepBind:gc.count                                N/A          N/A     1000    N/A            N/A     N/A     N/A  thrpt   15          49,000               counts
[info] CoreBench.ceDeepBind:gc.time                                 N/A          N/A     1000    N/A            N/A     N/A     N/A  thrpt   15          48,000                   ms
[info] CoreBench.ceDeepBind                                         N/A          N/A    10000    N/A            N/A     N/A     N/A  thrpt   15        7514,895 ±     92,524   ops/s
[info] CoreBench.ceDeepBind:gc.alloc.rate                           N/A          N/A    10000    N/A            N/A     N/A     N/A  thrpt   15        6872,878 ±     84,664  MB/sec
[info] CoreBench.ceDeepBind:gc.alloc.rate.norm                      N/A          N/A    10000    N/A            N/A     N/A     N/A  thrpt   15      959088,280 ±     28,754    B/op
[info] CoreBench.ceDeepBind:gc.count                                N/A          N/A    10000    N/A            N/A     N/A     N/A  thrpt   15          84,000               counts
[info] CoreBench.ceDeepBind:gc.time                                 N/A          N/A    10000    N/A            N/A     N/A     N/A  thrpt   15          77,000                   ms
[info] CoreBench.ceLeftBind                                         N/A          N/A     1000    N/A            N/A     N/A     N/A  thrpt   15       31541,663 ±   1244,481   ops/s
[info] CoreBench.ceLeftBind:gc.alloc.rate                           N/A          N/A     1000    N/A            N/A     N/A     N/A  thrpt   15        2670,844 ±    105,371  MB/sec
[info] CoreBench.ceLeftBind:gc.alloc.rate.norm                      N/A          N/A     1000    N/A            N/A     N/A     N/A  thrpt   15       88800,221 ±      0,010    B/op
[info] CoreBench.ceLeftBind:gc.count                                N/A          N/A     1000    N/A            N/A     N/A     N/A  thrpt   15          33,000               counts
[info] CoreBench.ceLeftBind:gc.time                                 N/A          N/A     1000    N/A            N/A     N/A     N/A  thrpt   15          44,000                   ms
[info] CoreBench.ceLeftBind                                         N/A          N/A    10000    N/A            N/A     N/A     N/A  thrpt   15        5220,894 ±     31,502   ops/s
[info] CoreBench.ceLeftBind:gc.alloc.rate                           N/A          N/A    10000    N/A            N/A     N/A     N/A  thrpt   15        4692,574 ±     28,319  MB/sec
[info] CoreBench.ceLeftBind:gc.alloc.rate.norm                      N/A          N/A    10000    N/A            N/A     N/A     N/A  thrpt   15      942561,334 ±     25,041    B/op
[info] CoreBench.ceLeftBind:gc.count                                N/A          N/A    10000    N/A            N/A     N/A     N/A  thrpt   15          58,000               counts
[info] CoreBench.ceLeftBind:gc.time                                 N/A          N/A    10000    N/A            N/A     N/A     N/A  thrpt   15          57,000                   ms
[info] CoreBench.ceMapChain                                         N/A          N/A     1000    N/A            N/A     N/A     N/A  thrpt   15       44957,015 ±    439,093   ops/s
[info] CoreBench.ceMapChain:gc.alloc.rate                           N/A          N/A     1000    N/A            N/A     N/A     N/A  thrpt   15        2093,900 ±     20,326  MB/sec
[info] CoreBench.ceMapChain:gc.alloc.rate.norm                      N/A          N/A     1000    N/A            N/A     N/A     N/A  thrpt   15       48842,821 ±     20,866    B/op
[info] CoreBench.ceMapChain:gc.count                                N/A          N/A     1000    N/A            N/A     N/A     N/A  thrpt   15          26,000               counts
[info] CoreBench.ceMapChain:gc.time                                 N/A          N/A     1000    N/A            N/A     N/A     N/A  thrpt   15          44,000                   ms
[info] CoreBench.ceMapChain                                         N/A          N/A    10000    N/A            N/A     N/A     N/A  thrpt   15        7898,863 ±     83,061   ops/s
[info] CoreBench.ceMapChain:gc.alloc.rate                           N/A          N/A    10000    N/A            N/A     N/A     N/A  thrpt   15        4089,263 ±     42,982  MB/sec
[info] CoreBench.ceMapChain:gc.alloc.rate.norm                      N/A          N/A    10000    N/A            N/A     N/A     N/A  thrpt   15      542904,324 ±      8,808    B/op
[info] CoreBench.ceMapChain:gc.count                                N/A          N/A    10000    N/A            N/A     N/A     N/A  thrpt   15          51,000               counts
[info] CoreBench.ceMapChain:gc.time                                 N/A          N/A    10000    N/A            N/A     N/A     N/A  thrpt   15          51,000                   ms
[info] CoreBench.kyoDeepBind                                        N/A          N/A     1000    N/A            N/A     N/A     N/A  thrpt   15       43772,784 ±   1000,446   ops/s
[info] CoreBench.kyoDeepBind:gc.alloc.rate                          N/A          N/A     1000    N/A            N/A     N/A     N/A  thrpt   15        3362,979 ±     76,857  MB/sec
[info] CoreBench.kyoDeepBind:gc.alloc.rate.norm                     N/A          N/A     1000    N/A            N/A     N/A     N/A  thrpt   15       80569,254 ±      1,485    B/op
[info] CoreBench.kyoDeepBind:gc.count                               N/A          N/A     1000    N/A            N/A     N/A     N/A  thrpt   15          42,000               counts
[info] CoreBench.kyoDeepBind:gc.time                                N/A          N/A     1000    N/A            N/A     N/A     N/A  thrpt   15          46,000                   ms
[info] CoreBench.kyoDeepBind                                        N/A          N/A    10000    N/A            N/A     N/A     N/A  thrpt   15        6615,883 ±     73,780   ops/s
[info] CoreBench.kyoDeepBind:gc.alloc.rate                          N/A          N/A    10000    N/A            N/A     N/A     N/A  thrpt   15        5050,551 ±     56,315  MB/sec
[info] CoreBench.kyoDeepBind:gc.alloc.rate.norm                     N/A          N/A    10000    N/A            N/A     N/A     N/A  thrpt   15      800560,982 ±      8,499    B/op
[info] CoreBench.kyoDeepBind:gc.count                               N/A          N/A    10000    N/A            N/A     N/A     N/A  thrpt   15          62,000               counts
[info] CoreBench.kyoDeepBind:gc.time                                N/A          N/A    10000    N/A            N/A     N/A     N/A  thrpt   15          67,000                   ms
[info] CoreBench.kyoLeftBind                                        N/A          N/A     1000    N/A            N/A     N/A     N/A  thrpt   15         296,080 ±     19,186   ops/s
[info] CoreBench.kyoLeftBind:gc.alloc.rate                          N/A          N/A     1000    N/A            N/A     N/A     N/A  thrpt   15        4543,500 ±    294,462  MB/sec
[info] CoreBench.kyoLeftBind:gc.alloc.rate.norm                     N/A          N/A     1000    N/A            N/A     N/A     N/A  thrpt   15    16092711,145 ±     26,991    B/op
[info] CoreBench.kyoLeftBind:gc.count                               N/A          N/A     1000    N/A            N/A     N/A     N/A  thrpt   15          55,000               counts
[info] CoreBench.kyoLeftBind:gc.time                                N/A          N/A     1000    N/A            N/A     N/A     N/A  thrpt   15          59,000                   ms
[info] CoreBench.kyoLeftBind                                        N/A          N/A    10000    N/A            N/A     N/A     N/A  thrpt   15           2,755 ±      0,018   ops/s
[info] CoreBench.kyoLeftBind:gc.alloc.rate                          N/A          N/A    10000    N/A            N/A     N/A     N/A  thrpt   15        4210,465 ±     27,943  MB/sec
[info] CoreBench.kyoLeftBind:gc.alloc.rate.norm                     N/A          N/A    10000    N/A            N/A     N/A     N/A  thrpt   15  1602545939,556 ± 442472,728    B/op
[info] CoreBench.kyoLeftBind:gc.count                               N/A          N/A    10000    N/A            N/A     N/A     N/A  thrpt   15          56,000               counts
[info] CoreBench.kyoLeftBind:gc.time                                N/A          N/A    10000    N/A            N/A     N/A     N/A  thrpt   15          65,000                   ms
[info] CoreBench.kyoMapChain                                        N/A          N/A     1000    N/A            N/A     N/A     N/A  thrpt   15       42241,769 ±   1272,571   ops/s
[info] CoreBench.kyoMapChain:gc.alloc.rate                          N/A          N/A     1000    N/A            N/A     N/A     N/A  thrpt   15        1875,819 ±     56,555  MB/sec
[info] CoreBench.kyoMapChain:gc.alloc.rate.norm                     N/A          N/A     1000    N/A            N/A     N/A     N/A  thrpt   15       46568,901 ±      1,320    B/op
[info] CoreBench.kyoMapChain:gc.count                               N/A          N/A     1000    N/A            N/A     N/A     N/A  thrpt   15          24,000               counts
[info] CoreBench.kyoMapChain:gc.time                                N/A          N/A     1000    N/A            N/A     N/A     N/A  thrpt   15          42,000                   ms
[info] CoreBench.kyoMapChain                                        N/A          N/A    10000    N/A            N/A     N/A     N/A  thrpt   15        6598,879 ±    205,524   ops/s
[info] CoreBench.kyoMapChain:gc.alloc.rate                          N/A          N/A    10000    N/A            N/A     N/A     N/A  thrpt   15        3011,428 ±     93,792  MB/sec
[info] CoreBench.kyoMapChain:gc.alloc.rate.norm                     N/A          N/A    10000    N/A            N/A     N/A     N/A  thrpt   15      478572,894 ±      3,149    B/op
[info] CoreBench.kyoMapChain:gc.count                               N/A          N/A    10000    N/A            N/A     N/A     N/A  thrpt   15          36,000               counts
[info] CoreBench.kyoMapChain:gc.time                                N/A          N/A    10000    N/A            N/A     N/A     N/A  thrpt   15          47,000                   ms
[info] ParallelBench.ceCollectSuccesses                             N/A          N/A      N/A    N/A              8    4096       0  thrpt   15         961,315 ±     84,191   ops/s
[info] ParallelBench.ceCollectSuccesses:gc.alloc.rate               N/A          N/A      N/A    N/A              8    4096       0  thrpt   15        4925,286 ±    431,120  MB/sec
[info] ParallelBench.ceCollectSuccesses:gc.alloc.rate.norm          N/A          N/A      N/A    N/A              8    4096       0  thrpt   15     5373015,582 ±    455,095    B/op
[info] ParallelBench.ceCollectSuccesses:gc.count                    N/A          N/A      N/A    N/A              8    4096       0  thrpt   15          61,000               counts
[info] ParallelBench.ceCollectSuccesses:gc.time                     N/A          N/A      N/A    N/A              8    4096       0  thrpt   15          88,000                   ms
[info] ParallelBench.ceCollectSuccesses                             N/A          N/A      N/A    N/A              8    4096      64  thrpt   15         870,782 ±    108,571   ops/s
[info] ParallelBench.ceCollectSuccesses:gc.alloc.rate               N/A          N/A      N/A    N/A              8    4096      64  thrpt   15        4464,289 ±    555,914  MB/sec
[info] ParallelBench.ceCollectSuccesses:gc.alloc.rate.norm          N/A          N/A      N/A    N/A              8    4096      64  thrpt   15     5376501,385 ±    992,148    B/op
[info] ParallelBench.ceCollectSuccesses:gc.count                    N/A          N/A      N/A    N/A              8    4096      64  thrpt   15          54,000               counts
[info] ParallelBench.ceCollectSuccesses:gc.time                     N/A          N/A      N/A    N/A              8    4096      64  thrpt   15          71,000                   ms
[info] ParallelBench.ceWorkers                                      N/A          N/A      N/A    N/A              8    4096       0  thrpt   15        3910,192 ±    139,194   ops/s
[info] ParallelBench.ceWorkers:gc.alloc.rate                        N/A          N/A      N/A    N/A              8    4096       0  thrpt   15        5169,624 ±    184,057  MB/sec
[info] ParallelBench.ceWorkers:gc.alloc.rate.norm                   N/A          N/A      N/A    N/A              8    4096       0  thrpt   15     1386481,591 ±      5,345    B/op
[info] ParallelBench.ceWorkers:gc.count                             N/A          N/A      N/A    N/A              8    4096       0  thrpt   15          63,000               counts
[info] ParallelBench.ceWorkers:gc.time                              N/A          N/A      N/A    N/A              8    4096       0  thrpt   15          53,000                   ms
[info] ParallelBench.ceWorkers                                      N/A          N/A      N/A    N/A              8    4096      64  thrpt   15        3136,751 ±     53,199   ops/s
[info] ParallelBench.ceWorkers:gc.alloc.rate                        N/A          N/A      N/A    N/A              8    4096      64  thrpt   15        4159,045 ±     70,557  MB/sec
[info] ParallelBench.ceWorkers:gc.alloc.rate.norm                   N/A          N/A      N/A    N/A              8    4096      64  thrpt   15     1390519,116 ±     24,261    B/op
[info] ParallelBench.ceWorkers:gc.count                             N/A          N/A      N/A    N/A              8    4096      64  thrpt   15          52,000               counts
[info] ParallelBench.ceWorkers:gc.time                              N/A          N/A      N/A    N/A              8    4096      64  thrpt   15          45,000                   ms
[info] ParallelBench.kyoCollectSuccesses                            N/A          N/A      N/A    N/A              8    4096       0  thrpt   15         893,927 ±     13,858   ops/s
[info] ParallelBench.kyoCollectSuccesses:gc.alloc.rate              N/A          N/A      N/A    N/A              8    4096       0  thrpt   15        3773,446 ±     58,536  MB/sec
[info] ParallelBench.kyoCollectSuccesses:gc.alloc.rate.norm         N/A          N/A      N/A    N/A              8    4096       0  thrpt   15     4426765,558 ±    233,300    B/op
[info] ParallelBench.kyoCollectSuccesses:gc.count                   N/A          N/A      N/A    N/A              8    4096       0  thrpt   15          46,000               counts
[info] ParallelBench.kyoCollectSuccesses:gc.time                    N/A          N/A      N/A    N/A              8    4096       0  thrpt   15          57,000                   ms
[info] ParallelBench.kyoCollectSuccesses                            N/A          N/A      N/A    N/A              8    4096      64  thrpt   15         619,414 ±     19,417   ops/s
[info] ParallelBench.kyoCollectSuccesses:gc.alloc.rate              N/A          N/A      N/A    N/A              8    4096      64  thrpt   15        2636,234 ±     81,241  MB/sec
[info] ParallelBench.kyoCollectSuccesses:gc.alloc.rate.norm         N/A          N/A      N/A    N/A              8    4096      64  thrpt   15     4463636,079 ±  51491,239    B/op
[info] ParallelBench.kyoCollectSuccesses:gc.count                   N/A          N/A      N/A    N/A              8    4096      64  thrpt   15          33,000               counts
[info] ParallelBench.kyoCollectSuccesses:gc.time                    N/A          N/A      N/A    N/A              8    4096      64  thrpt   15          51,000                   ms
[info] ParallelBench.kyoWorkers                                     N/A          N/A      N/A    N/A              8    4096       0  thrpt   15        4417,533 ±    174,706   ops/s
[info] ParallelBench.kyoWorkers:gc.alloc.rate                       N/A          N/A      N/A    N/A              8    4096       0  thrpt   15        6657,833 ±    263,519  MB/sec
[info] ParallelBench.kyoWorkers:gc.alloc.rate.norm                  N/A          N/A      N/A    N/A              8    4096       0  thrpt   15     1580538,497 ±     79,417    B/op
[info] ParallelBench.kyoWorkers:gc.count                            N/A          N/A      N/A    N/A              8    4096       0  thrpt   15          82,000               counts
[info] ParallelBench.kyoWorkers:gc.time                             N/A          N/A      N/A    N/A              8    4096       0  thrpt   15          80,000                   ms
[info] ParallelBench.kyoWorkers                                     N/A          N/A      N/A    N/A              8    4096      64  thrpt   15        1410,966 ±     37,941   ops/s
[info] ParallelBench.kyoWorkers:gc.alloc.rate                       N/A          N/A      N/A    N/A              8    4096      64  thrpt   15        2157,202 ±     41,266  MB/sec
[info] ParallelBench.kyoWorkers:gc.alloc.rate.norm                  N/A          N/A      N/A    N/A              8    4096      64  thrpt   15     1603831,003 ±  33188,280    B/op
[info] ParallelBench.kyoWorkers:gc.count                            N/A          N/A      N/A    N/A              8    4096      64  thrpt   15          27,000               counts
[info] ParallelBench.kyoWorkers:gc.time                             N/A          N/A      N/A    N/A              8    4096      64  thrpt   15          43,000                   ms
[info] PrimitivesBench.ceDeferred                                    64          N/A      N/A   1000            N/A     N/A     N/A  thrpt   15       12833,451 ±    231,586   ops/s
[info] PrimitivesBench.ceDeferred:gc.alloc.rate                      64          N/A      N/A   1000            N/A     N/A     N/A  thrpt   15        6156,415 ±    111,129  MB/sec
[info] PrimitivesBench.ceDeferred:gc.alloc.rate.norm                 64          N/A      N/A   1000            N/A     N/A     N/A  thrpt   15      503072,546 ±      0,010    B/op
[info] PrimitivesBench.ceDeferred:gc.count                           64          N/A      N/A   1000            N/A     N/A     N/A  thrpt   15          75,000               counts
[info] PrimitivesBench.ceDeferred:gc.time                            64          N/A      N/A   1000            N/A     N/A     N/A  thrpt   15          68,000                   ms
[info] PrimitivesBench.ceQueue                                       64          N/A      N/A   1000            N/A     N/A     N/A  thrpt   15        6885,457 ±     72,564   ops/s
[info] PrimitivesBench.ceQueue:gc.alloc.rate                         64          N/A      N/A   1000            N/A     N/A     N/A  thrpt   15        2535,010 ±     27,040  MB/sec
[info] PrimitivesBench.ceQueue:gc.alloc.rate.norm                    64          N/A      N/A   1000            N/A     N/A     N/A  thrpt   15      386093,794 ±    616,600    B/op
[info] PrimitivesBench.ceQueue:gc.count                              64          N/A      N/A   1000            N/A     N/A     N/A  thrpt   15          32,000               counts
[info] PrimitivesBench.ceQueue:gc.time                               64          N/A      N/A   1000            N/A     N/A     N/A  thrpt   15          46,000                   ms
[info] PrimitivesBench.ceRef                                         64          N/A      N/A   1000            N/A     N/A     N/A  thrpt   15       36391,430 ±   3730,166   ops/s
[info] PrimitivesBench.ceRef:gc.alloc.rate                           64          N/A      N/A   1000            N/A     N/A     N/A  thrpt   15        3858,608 ±    395,559  MB/sec
[info] PrimitivesBench.ceRef:gc.alloc.rate.norm                      64          N/A      N/A   1000            N/A     N/A     N/A  thrpt   15      111197,527 ±     23,240    B/op
[info] PrimitivesBench.ceRef:gc.count                                64          N/A      N/A   1000            N/A     N/A     N/A  thrpt   15          46,000               counts
[info] PrimitivesBench.ceRef:gc.time                                 64          N/A      N/A   1000            N/A     N/A     N/A  thrpt   15          42,000                   ms
[info] PrimitivesBench.ceSemaphore                                   64          N/A      N/A   1000            N/A     N/A     N/A  thrpt   15        2532,391 ±     26,230   ops/s
[info] PrimitivesBench.ceSemaphore:gc.alloc.rate                     64          N/A      N/A   1000            N/A     N/A     N/A  thrpt   15        4697,957 ±     48,739  MB/sec
[info] PrimitivesBench.ceSemaphore:gc.alloc.rate.norm                64          N/A      N/A   1000            N/A     N/A     N/A  thrpt   15     1945464,085 ±     23,217    B/op
[info] PrimitivesBench.ceSemaphore:gc.count                          64          N/A      N/A   1000            N/A     N/A     N/A  thrpt   15          57,000               counts
[info] PrimitivesBench.ceSemaphore:gc.time                           64          N/A      N/A   1000            N/A     N/A     N/A  thrpt   15          52,000                   ms
[info] PrimitivesBench.ceSpawnJoin                                   64          N/A      N/A   1000            N/A     N/A     N/A  thrpt   15        1949,690 ±     33,012   ops/s
[info] PrimitivesBench.ceSpawnJoin:gc.alloc.rate                     64          N/A      N/A   1000            N/A     N/A     N/A  thrpt   15        2703,841 ±     46,098  MB/sec
[info] PrimitivesBench.ceSpawnJoin:gc.alloc.rate.norm                64          N/A      N/A   1000            N/A     N/A     N/A  thrpt   15     1454321,449 ±    262,250    B/op
[info] PrimitivesBench.ceSpawnJoin:gc.count                          64          N/A      N/A   1000            N/A     N/A     N/A  thrpt   15          33,000               counts
[info] PrimitivesBench.ceSpawnJoin:gc.time                           64          N/A      N/A   1000            N/A     N/A     N/A  thrpt   15          45,000                   ms
[info] PrimitivesBench.kyoPromise                                    64          N/A      N/A   1000            N/A     N/A     N/A  thrpt   15       11670,202 ±    115,506   ops/s
[info] PrimitivesBench.kyoPromise:gc.alloc.rate                      64          N/A      N/A   1000            N/A     N/A     N/A  thrpt   15        4969,094 ±     49,149  MB/sec
[info] PrimitivesBench.kyoPromise:gc.alloc.rate.norm                 64          N/A      N/A   1000            N/A     N/A     N/A  thrpt   15      446525,414 ±      8,995    B/op
[info] PrimitivesBench.kyoPromise:gc.count                           64          N/A      N/A   1000            N/A     N/A     N/A  thrpt   15          60,000               counts
[info] PrimitivesBench.kyoPromise:gc.time                            64          N/A      N/A   1000            N/A     N/A     N/A  thrpt   15          58,000                   ms
[info] PrimitivesBench.kyoQueue                                      64          N/A      N/A   1000            N/A     N/A     N/A  thrpt   15        9965,268 ±     87,856   ops/s
[info] PrimitivesBench.kyoQueue:gc.alloc.rate                        64          N/A      N/A   1000            N/A     N/A     N/A  thrpt   15        3637,628 ±     32,057  MB/sec
[info] PrimitivesBench.kyoQueue:gc.alloc.rate.norm                   64          N/A      N/A   1000            N/A     N/A     N/A  thrpt   15      382802,426 ±      0,174    B/op
[info] PrimitivesBench.kyoQueue:gc.count                             64          N/A      N/A   1000            N/A     N/A     N/A  thrpt   15          44,000               counts
[info] PrimitivesBench.kyoQueue:gc.time                              64          N/A      N/A   1000            N/A     N/A     N/A  thrpt   15          47,000                   ms
[info] PrimitivesBench.kyoRef                                        64          N/A      N/A   1000            N/A     N/A     N/A  thrpt   15       36536,304 ±    392,654   ops/s
[info] PrimitivesBench.kyoRef:gc.alloc.rate                          64          N/A      N/A   1000            N/A     N/A     N/A  thrpt   15        3856,955 ±     41,455  MB/sec
[info] PrimitivesBench.kyoRef:gc.alloc.rate.norm                     64          N/A      N/A   1000            N/A     N/A     N/A  thrpt   15      110705,243 ±      1,451    B/op
[info] PrimitivesBench.kyoRef:gc.count                               64          N/A      N/A   1000            N/A     N/A     N/A  thrpt   15          48,000               counts
[info] PrimitivesBench.kyoRef:gc.time                                64          N/A      N/A   1000            N/A     N/A     N/A  thrpt   15          47,000                   ms
[info] PrimitivesBench.kyoSemaphore                                  64          N/A      N/A   1000            N/A     N/A     N/A  thrpt   15       12712,566 ±   1226,122   ops/s
[info] PrimitivesBench.kyoSemaphore:gc.alloc.rate                    64          N/A      N/A   1000            N/A     N/A     N/A  thrpt   15        3995,988 ±    385,291  MB/sec
[info] PrimitivesBench.kyoSemaphore:gc.alloc.rate.norm               64          N/A      N/A   1000            N/A     N/A     N/A  thrpt   15      329641,897 ±     12,758    B/op
[info] PrimitivesBench.kyoSemaphore:gc.count                         64          N/A      N/A   1000            N/A     N/A     N/A  thrpt   15          50,000               counts
[info] PrimitivesBench.kyoSemaphore:gc.time                          64          N/A      N/A   1000            N/A     N/A     N/A  thrpt   15          53,000                   ms
[info] PrimitivesBench.kyoSpawnJoin                                  64          N/A      N/A   1000            N/A     N/A     N/A  thrpt   15        5363,239 ±    131,317   ops/s
[info] PrimitivesBench.kyoSpawnJoin:gc.alloc.rate                    64          N/A      N/A   1000            N/A     N/A     N/A  thrpt   15        2672,347 ±     66,039  MB/sec
[info] PrimitivesBench.kyoSpawnJoin:gc.alloc.rate.norm               64          N/A      N/A   1000            N/A     N/A     N/A  thrpt   15      522596,177 ±   9358,551    B/op
[info] PrimitivesBench.kyoSpawnJoin:gc.count                         64          N/A      N/A   1000            N/A     N/A     N/A  thrpt   15          32,000               counts
[info] PrimitivesBench.kyoSpawnJoin:gc.time                          64          N/A      N/A   1000            N/A     N/A     N/A  thrpt   15          43,000                   ms
[info] RunnerBench.ceRunner                                         N/A          N/A      N/A    N/A            N/A     N/A     N/A  thrpt   15      119173,451 ±   2576,872   ops/s
[info] RunnerBench.ceRunner:gc.alloc.rate                           N/A          N/A      N/A    N/A            N/A     N/A     N/A  thrpt   15         122,158 ±      3,440  MB/sec
[info] RunnerBench.ceRunner:gc.alloc.rate.norm                      N/A          N/A      N/A    N/A            N/A     N/A     N/A  thrpt   15        1074,982 ±     20,475    B/op
[info] RunnerBench.ceRunner:gc.count                                N/A          N/A      N/A    N/A            N/A     N/A     N/A  thrpt   15           3,000               counts
[info] RunnerBench.ceRunner:gc.time                                 N/A          N/A      N/A    N/A            N/A     N/A     N/A  thrpt   15           5,000                   ms
[info] RunnerBench.kyoRunner                                        N/A          N/A      N/A    N/A            N/A     N/A     N/A  thrpt   15      143294,955 ±   5626,383   ops/s
[info] RunnerBench.kyoRunner:gc.alloc.rate                          N/A          N/A      N/A    N/A            N/A     N/A     N/A  thrpt   15          79,809 ±      3,131  MB/sec
[info] RunnerBench.kyoRunner:gc.alloc.rate.norm                     N/A          N/A      N/A    N/A            N/A     N/A     N/A  thrpt   15         584,080 ±      0,031    B/op
[info] RunnerBench.kyoRunner:gc.count                               N/A          N/A      N/A    N/A            N/A     N/A     N/A  thrpt   15             ≈ 0               counts
[info] StreamBench.ceEvalChunks                                      64           64      N/A    N/A              4   10000       0  thrpt   15        1453,245 ±     89,955   ops/s
[info] StreamBench.ceEvalChunks:gc.alloc.rate                        64           64      N/A    N/A              4   10000       0  thrpt   15        4267,774 ±    266,920  MB/sec
[info] StreamBench.ceEvalChunks:gc.alloc.rate.norm                   64           64      N/A    N/A              4   10000       0  thrpt   15     3079614,998 ±   2968,045    B/op
[info] StreamBench.ceEvalChunks:gc.count                             64           64      N/A    N/A              4   10000       0  thrpt   15          53,000               counts
[info] StreamBench.ceEvalChunks:gc.time                              64           64      N/A    N/A              4   10000       0  thrpt   15          55,000                   ms
[info] StreamBench.ceEvalChunks                                      64           64      N/A    N/A              4   10000      64  thrpt   15         584,383 ±     19,914   ops/s
[info] StreamBench.ceEvalChunks:gc.alloc.rate                        64           64      N/A    N/A              4   10000      64  thrpt   15        1716,685 ±     59,072  MB/sec
[info] StreamBench.ceEvalChunks:gc.alloc.rate.norm                   64           64      N/A    N/A              4   10000      64  thrpt   15     3080598,905 ±   1315,159    B/op
[info] StreamBench.ceEvalChunks:gc.count                             64           64      N/A    N/A              4   10000      64  thrpt   15          22,000               counts
[info] StreamBench.ceEvalChunks:gc.time                              64           64      N/A    N/A              4   10000      64  thrpt   15          45,000                   ms
[info] StreamBench.ceParallelChunks                                  64           64      N/A    N/A              4   10000       0  thrpt   15         548,727 ±     17,722   ops/s
[info] StreamBench.ceParallelChunks:gc.alloc.rate                    64           64      N/A    N/A              4   10000       0  thrpt   15        2622,286 ±     84,845  MB/sec
[info] StreamBench.ceParallelChunks:gc.alloc.rate.norm               64           64      N/A    N/A              4   10000       0  thrpt   15     5011563,603 ±   1260,461    B/op
[info] StreamBench.ceParallelChunks:gc.count                         64           64      N/A    N/A              4   10000       0  thrpt   15          33,000               counts
[info] StreamBench.ceParallelChunks:gc.time                          64           64      N/A    N/A              4   10000       0  thrpt   15          51,000                   ms
[info] StreamBench.ceParallelChunks                                  64           64      N/A    N/A              4   10000      64  thrpt   15         413,342 ±      8,306   ops/s
[info] StreamBench.ceParallelChunks:gc.alloc.rate                    64           64      N/A    N/A              4   10000      64  thrpt   15        1978,021 ±     39,782  MB/sec
[info] StreamBench.ceParallelChunks:gc.alloc.rate.norm               64           64      N/A    N/A              4   10000      64  thrpt   15     5018415,318 ±   1326,723    B/op
[info] StreamBench.ceParallelChunks:gc.count                         64           64      N/A    N/A              4   10000      64  thrpt   15          24,000               counts
[info] StreamBench.ceParallelChunks:gc.time                          64           64      N/A    N/A              4   10000      64  thrpt   15          47,000                   ms
[info] StreamBench.ceQueueChunks                                     64           64      N/A    N/A              4   10000       0  thrpt   15        1414,263 ±     20,725   ops/s
[info] StreamBench.ceQueueChunks:gc.alloc.rate                       64           64      N/A    N/A              4   10000       0  thrpt   15        2219,804 ±     32,459  MB/sec
[info] StreamBench.ceQueueChunks:gc.alloc.rate.norm                  64           64      N/A    N/A              4   10000       0  thrpt   15     1646022,188 ±    186,080    B/op
[info] StreamBench.ceQueueChunks:gc.count                            64           64      N/A    N/A              4   10000       0  thrpt   15          27,000               counts
[info] StreamBench.ceQueueChunks:gc.time                             64           64      N/A    N/A              4   10000       0  thrpt   15          52,000                   ms
[info] StreamBench.ceQueueChunks                                     64           64      N/A    N/A              4   10000      64  thrpt   15         584,475 ±     17,054   ops/s
[info] StreamBench.ceQueueChunks:gc.alloc.rate                       64           64      N/A    N/A              4   10000      64  thrpt   15         919,356 ±     26,697  MB/sec
[info] StreamBench.ceQueueChunks:gc.alloc.rate.norm                  64           64      N/A    N/A              4   10000      64  thrpt   15     1649548,136 ±    306,813    B/op
[info] StreamBench.ceQueueChunks:gc.count                            64           64      N/A    N/A              4   10000      64  thrpt   15          12,000               counts
[info] StreamBench.ceQueueChunks:gc.time                             64           64      N/A    N/A              4   10000      64  thrpt   15          26,000                   ms
[info] StreamBench.kyoEvalChunks                                     64           64      N/A    N/A              4   10000       0  thrpt   15        1171,512 ±      7,707   ops/s
[info] StreamBench.kyoEvalChunks:gc.alloc.rate                       64           64      N/A    N/A              4   10000       0  thrpt   15        5138,711 ±     33,884  MB/sec
[info] StreamBench.kyoEvalChunks:gc.alloc.rate.norm                  64           64      N/A    N/A              4   10000       0  thrpt   15     4600001,499 ±     12,349    B/op
[info] StreamBench.kyoEvalChunks:gc.count                            64           64      N/A    N/A              4   10000       0  thrpt   15          63,000               counts
[info] StreamBench.kyoEvalChunks:gc.time                             64           64      N/A    N/A              4   10000       0  thrpt   15          59,000                   ms
[info] StreamBench.kyoEvalChunks                                     64           64      N/A    N/A              4   10000      64  thrpt   15         496,222 ±      8,314   ops/s
[info] StreamBench.kyoEvalChunks:gc.alloc.rate                       64           64      N/A    N/A              4   10000      64  thrpt   15        2178,979 ±     36,170  MB/sec
[info] StreamBench.kyoEvalChunks:gc.alloc.rate.norm                  64           64      N/A    N/A              4   10000      64  thrpt   15     4604984,418 ±   1971,686    B/op
[info] StreamBench.kyoEvalChunks:gc.count                            64           64      N/A    N/A              4   10000      64  thrpt   15          27,000               counts
[info] StreamBench.kyoEvalChunks:gc.time                             64           64      N/A    N/A              4   10000      64  thrpt   15          43,000                   ms
[info] StreamBench.kyoParallelChunks                                 64           64      N/A    N/A              4   10000       0  thrpt   15        1058,253 ±     20,286   ops/s
[info] StreamBench.kyoParallelChunks:gc.alloc.rate                   64           64      N/A    N/A              4   10000       0  thrpt   15        5157,683 ±    100,160  MB/sec
[info] StreamBench.kyoParallelChunks:gc.alloc.rate.norm              64           64      N/A    N/A              4   10000       0  thrpt   15     5111113,966 ±  10605,135    B/op
[info] StreamBench.kyoParallelChunks:gc.count                        64           64      N/A    N/A              4   10000       0  thrpt   15          64,000               counts
[info] StreamBench.kyoParallelChunks:gc.time                         64           64      N/A    N/A              4   10000       0  thrpt   15          60,000                   ms
[info] StreamBench.kyoParallelChunks                                 64           64      N/A    N/A              4   10000      64  thrpt   15         458,170 ±      7,049   ops/s
[info] StreamBench.kyoParallelChunks:gc.alloc.rate                   64           64      N/A    N/A              4   10000      64  thrpt   15        2233,085 ±     34,377  MB/sec
[info] StreamBench.kyoParallelChunks:gc.alloc.rate.norm              64           64      N/A    N/A              4   10000      64  thrpt   15     5111257,686 ±    132,381    B/op
[info] StreamBench.kyoParallelChunks:gc.count                        64           64      N/A    N/A              4   10000      64  thrpt   15          29,000               counts
[info] StreamBench.kyoParallelChunks:gc.time                         64           64      N/A    N/A              4   10000      64  thrpt   15          47,000                   ms
[info] StreamBench.kyoQueueChunks                                    64           64      N/A    N/A              4   10000       0  thrpt   15        5235,157 ±     43,743   ops/s
[info] StreamBench.kyoQueueChunks:gc.alloc.rate                      64           64      N/A    N/A              4   10000       0  thrpt   15        3362,675 ±     23,334  MB/sec
[info] StreamBench.kyoQueueChunks:gc.alloc.rate.norm                 64           64      N/A    N/A              4   10000       0  thrpt   15      673609,818 ±   2707,619    B/op
[info] StreamBench.kyoQueueChunks:gc.count                           64           64      N/A    N/A              4   10000       0  thrpt   15          41,000               counts
[info] StreamBench.kyoQueueChunks:gc.time                            64           64      N/A    N/A              4   10000       0  thrpt   15          49,000                   ms
[info] StreamBench.kyoQueueChunks                                    64           64      N/A    N/A              4   10000      64  thrpt   15        1021,272 ±     25,403   ops/s
[info] StreamBench.kyoQueueChunks:gc.alloc.rate                      64           64      N/A    N/A              4   10000      64  thrpt   15         659,992 ±     16,415  MB/sec
[info] StreamBench.kyoQueueChunks:gc.alloc.rate.norm                 64           64      N/A    N/A              4   10000      64  thrpt   15      677711,580 ±     16,961    B/op
[info] StreamBench.kyoQueueChunks:gc.count                           64           64      N/A    N/A              4   10000      64  thrpt   15           9,000               counts
[info] StreamBench.kyoQueueChunks:gc.time                            64           64      N/A    N/A              4   10000      64  thrpt   15          17,000                   ms
[info] Benchmark result is saved to /Users/stas/projects/scala-effect-bench/results/matched/current.json
[success] Total time: 2020 s (0:33:40.0), completed 5 Sept 2026, 12:48:41
