WARNING: A terminally deprecated method in sun.misc.Unsafe has been called
WARNING: sun.misc.Unsafe::arrayBaseOffset has been called by net.openhft.hashing.UnsafeAccess (file:/Users/stas/.sbt/boot/scala-2.12.21/org.scala-sbt/sbt/1.13.0/zero-allocation-hashing-0.16.jar)
WARNING: Please consider reporting this to the maintainers of class net.openhft.hashing.UnsafeAccess
WARNING: sun.misc.Unsafe::arrayBaseOffset will be removed in a future release
WARNING: A restricted method in java.lang.System has been called
WARNING: java.lang.System::load has been called by org.scalasbt.ipcsocket.NativeLoader in an unnamed module (file:/Users/stas/.sbt/boot/scala-2.12.21/org.scala-sbt/sbt/1.13.0/ipcsocket-1.8.0.jar)
WARNING: Use --enable-native-access=ALL-UNNAMED to avoid a warning for callers in this module
WARNING: Restricted methods will be blocked in a future release unless native access is enabled

[info] welcome to sbt 1.13.0 (Oracle Corporation Java 25.0.3)
[info] loading global plugins from /Users/stas/.sbt/1.0/plugins
[info] loading settings for project scala-effect-bench-build from plugins.sbt...
[info] loading project definition from /Users/stas/projects/scala-effect-bench/project
[info] loading settings for project root from build.sbt...
[info] set current project to scala-effect-bench (in build file:/Users/stas/projects/scala-effect-bench/)
[info] Defining ioBench / Test / fork
[info] The new value will be used by ioBench / Jmh / testGrouping, ioBench / Test / run / runner and 1 others.
[info] 	Run `last` for details.
[info] Reapplying settings...
[info] set current project to scala-effect-bench (in build file:/Users/stas/projects/scala-effect-bench/)
[info] Defining ioBench / Test / javaOptions
[info] The new value will be used by ioBench / Jmh / bspBuildTargetJvmEnvironmentItem, ioBench / Jmh / bspBuildTargetRun and 15 others.
[info] 	Run `last` for details.
[info] Reapplying settings...
[info] set current project to scala-effect-bench (in build file:/Users/stas/projects/scala-effect-bench/)
[info] running (fork) bench.io.Validation 
[error] WARNING: A terminally deprecated method in sun.misc.Unsafe has been called
[error] WARNING: sun.misc.Unsafe::objectFieldOffset has been called by scala.runtime.LazyVals$ (file:/Users/stas/projects/scala-effect-bench/target/bg-jobs/sbt_ec168a1a/target/d0b0f281/97ac0ce1/scala-library-3.8.4.jar)
[error] WARNING: Please consider reporting this to the maintainers of class scala.runtime.LazyVals$
[error] WARNING: sun.misc.Unsafe::objectFieldOffset will be removed in a future release
[info] PASS 367 four-library I/O checks (ce,kyo,gears,ox,ceVirtual,kyoFlush)
[success] Total time: 37 s, completed 6 Sept 2026, 18:12:44
[info] Defining ioBench / Test / javaOptions
[info] The new value will be used by ioBench / Jmh / bspBuildTargetJvmEnvironmentItem, ioBench / Jmh / bspBuildTargetRun and 15 others.
[info] 	Run `last` for details.
[info] Reapplying settings...
[info] set current project to scala-effect-bench (in build file:/Users/stas/projects/scala-effect-bench/)
[info] running (fork) bench.io.Validation kyoTuned
[error] WARNING: A terminally deprecated method in sun.misc.Unsafe has been called
[error] WARNING: sun.misc.Unsafe::objectFieldOffset has been called by scala.runtime.LazyVals$ (file:/Users/stas/projects/scala-effect-bench/target/bg-jobs/sbt_ec168a1a/target/d0b0f281/97ac0ce1/scala-library-3.8.4.jar)
[error] WARNING: Please consider reporting this to the maintainers of class scala.runtime.LazyVals$
[error] WARNING: sun.misc.Unsafe::objectFieldOffset will be removed in a future release
[info] PASS 38 four-library I/O checks (kyoTuned)
[success] Total time: 5 s, completed 6 Sept 2026, 18:12:49
[info] Defining ioBench / Test / javaOptions
[info] The new value will be used by ioBench / Jmh / bspBuildTargetJvmEnvironmentItem, ioBench / Jmh / bspBuildTargetRun and 15 others.
[info] 	Run `last` for details.
[info] Reapplying settings...
[info] set current project to scala-effect-bench (in build file:/Users/stas/projects/scala-effect-bench/)
[info] running (fork) org.openjdk.jmh.generators.bytecode.JmhBytecodeGenerator /Users/stas/projects/scala-effect-bench/io-bench/target/scala-3.8.4/classes /Users/stas/projects/scala-effect-bench/io-bench/target/scala-3.8.4/src_managed/jmh /Users/stas/projects/scala-effect-bench/io-bench/target/scala-3.8.4/resource_managed/jmh default
[info] Processing 25 classes from /Users/stas/projects/scala-effect-bench/io-bench/target/scala-3.8.4/classes with "reflection" generator
[info] Writing out Java source to /Users/stas/projects/scala-effect-bench/io-bench/target/scala-3.8.4/src_managed/jmh and resources to /Users/stas/projects/scala-effect-bench/io-bench/target/scala-3.8.4/resource_managed/jmh
[info] running (fork) org.openjdk.jmh.Main -i 5 -wi 10 -f 3 -t 1 -r 1s -w 1s -foe true -prof gc -prof bench.io.ClientCpuProfiler -rf json -p size=256 -p delayMicros=1000 -rff /Users/stas/projects/scala-effect-bench/results/four-io-measured/default.json -p runtime=ce,kyo,gears,ox -p transport=blocking,nonblocking -p parallelism=8,64 .*bench.io.IoBench.requests
[error] WARNING: A terminally deprecated method in sun.misc.Unsafe has been called
[error] WARNING: sun.misc.Unsafe::objectFieldOffset has been called by org.openjdk.jmh.util.Utils (file:/Users/stas/projects/scala-effect-bench/target/bg-jobs/sbt_ec168a1a/target/ec0caa91/1296d6b9/jmh-core-1.37.jar)
[error] WARNING: Please consider reporting this to the maintainers of class org.openjdk.jmh.util.Utils
[error] WARNING: sun.misc.Unsafe::objectFieldOffset will be removed in a future release
[info] # JMH version: 1.37
[info] # VM version: JDK 25.0.3, Java HotSpot(TM) 64-Bit Server VM, 25.0.3+9-LTS-195
[info] # VM invoker: /Users/stas/.sdkman/candidates/java/25.0.3-oracle/bin/java
[info] # VM options: --add-opens=java.base/java.lang=ALL-UNNAMED -Xms2g -Xmx2g -XX:+UseG1GC --add-opens=java.base/java.lang=ALL-UNNAMED -Xms2g -Xmx2g -XX:+UseG1GC
[info] # Blackhole mode: compiler (auto-detected, use -Djmh.blackhole.autoDetect=false to disable)
[info] # Warmup: 10 iterations, 1 s each
[info] # Measurement: 5 iterations, 1 s each
[info] # Timeout: 10 min per iteration
[info] # Threads: 1 thread, will synchronize iterations
[info] # Benchmark mode: Throughput, ops/time
[info] # Benchmark: bench.io.IoBench.requests
[info] # Parameters: (delayMicros = 1000, parallelism = 8, runtime = ce, size = 256, transport = blocking)
[info] # Run progress: 0,00% complete, ETA 00:24:00
[info] # Fork: 1 of 3
[info] WARNING: A terminally deprecated method in sun.misc.Unsafe has been called
[info] WARNING: sun.misc.Unsafe::objectFieldOffset has been called by org.openjdk.jmh.util.Utils (file:/Users/stas/projects/scala-effect-bench/target/bg-jobs/sbt_ec168a1a/target/ec0caa91/1296d6b9/jmh-core-1.37.jar)
[info] WARNING: Please consider reporting this to the maintainers of class org.openjdk.jmh.util.Utils
[info] WARNING: sun.misc.Unsafe::objectFieldOffset will be removed in a future release
[info] # Warmup Iteration   1: 18,232 ops/s
[info] # Warmup Iteration   2: 22,377 ops/s
[info] # Warmup Iteration   3: 22,121 ops/s
[info] # Warmup Iteration   4: 22,277 ops/s
[info] # Warmup Iteration   5: 21,958 ops/s
[info] # Warmup Iteration   6: 22,105 ops/s
[info] # Warmup Iteration   7: 22,407 ops/s
[info] # Warmup Iteration   8: 22,214 ops/s
[info] # Warmup Iteration   9: 22,003 ops/s
[info] # Warmup Iteration  10: 22,338 ops/s
[info] Iteration   1: 21,952 ops/s
[info]                  client.cpu:         6,938 ms/batch
[info]                  gc.alloc.rate:      2,213 MB/sec
[info]                  gc.alloc.rate.norm: 105742,261 B/op
[info]                  gc.count:           ≈ 0 counts
[info] Iteration   2: 22,123 ops/s
[info]                  client.cpu:         6,660 ms/batch
[info]                  gc.alloc.rate:      2,230 MB/sec
[info]                  gc.alloc.rate.norm: 105696,696 B/op
[info]                  gc.count:           ≈ 0 counts
[info] Iteration   3: 22,099 ops/s
[info]                  client.cpu:         5,889 ms/batch
[info]                  gc.alloc.rate:      2,220 MB/sec
[info]                  gc.alloc.rate.norm: 105357,565 B/op
[info]                  gc.count:           ≈ 0 counts
[info] Iteration   4: 22,240 ops/s
[info]                  client.cpu:         6,997 ms/batch
[info]                  gc.alloc.rate:      2,237 MB/sec
[info]                  gc.alloc.rate.norm: 105502,261 B/op
[info]                  gc.count:           ≈ 0 counts
[info] Iteration   5: 22,096 ops/s
[info]                  client.cpu:         6,330 ms/batch
[info]                  gc.alloc.rate:      1,754 MB/sec
[info]                  gc.alloc.rate.norm: 108754,783 B/op
[info]                  gc.count:           ≈ 0 counts
[info] # Run progress: 1,04% complete, ETA 00:33:37
[info] # Fork: 2 of 3
[info] WARNING: A terminally deprecated method in sun.misc.Unsafe has been called
[info] WARNING: sun.misc.Unsafe::objectFieldOffset has been called by org.openjdk.jmh.util.Utils (file:/Users/stas/projects/scala-effect-bench/target/bg-jobs/sbt_ec168a1a/target/ec0caa91/1296d6b9/jmh-core-1.37.jar)
[info] WARNING: Please consider reporting this to the maintainers of class org.openjdk.jmh.util.Utils
[info] WARNING: sun.misc.Unsafe::objectFieldOffset will be removed in a future release
[info] # Warmup Iteration   1: 18,152 ops/s
[info] # Warmup Iteration   2: 22,128 ops/s
[info] # Warmup Iteration   3: 22,018 ops/s
[info] # Warmup Iteration   4: 22,083 ops/s
[info] # Warmup Iteration   5: 22,318 ops/s
[info] # Warmup Iteration   6: 22,171 ops/s
[info] # Warmup Iteration   7: 22,088 ops/s
[info] # Warmup Iteration   8: 22,148 ops/s
[info] # Warmup Iteration   9: 22,010 ops/s
[info] # Warmup Iteration  10: 22,040 ops/s
[info] Iteration   1: 21,794 ops/s
[info]                  client.cpu:         7,198 ms/batch
[info]                  gc.alloc.rate:      2,193 MB/sec
[info]                  gc.alloc.rate.norm: 105550,545 B/op
[info]                  gc.count:           ≈ 0 counts
[info] Iteration   2: 21,917 ops/s
[info]                  client.cpu:         6,453 ms/batch
[info]                  gc.alloc.rate:      2,206 MB/sec
[info]                  gc.alloc.rate.norm: 105572,174 B/op
[info]                  gc.count:           ≈ 0 counts
[info] Iteration   3: 21,826 ops/s
[info]                  client.cpu:         6,045 ms/batch
[info]                  gc.alloc.rate:      2,198 MB/sec
[info]                  gc.alloc.rate.norm: 105609,091 B/op
[info]                  gc.count:           ≈ 0 counts
[info] Iteration   4: 21,926 ops/s
[info]                  client.cpu:         6,809 ms/batch
[info]                  gc.alloc.rate:      2,197 MB/sec
[info]                  gc.alloc.rate.norm: 105079,652 B/op
[info]                  gc.count:           ≈ 0 counts
[info] Iteration   5: 21,609 ops/s
[info]                  client.cpu:         7,314 ms/batch
[info]                  gc.alloc.rate:      1,711 MB/sec
[info]                  gc.alloc.rate.norm: 109099,273 B/op
[info]                  gc.count:           ≈ 0 counts
[info] # Run progress: 2,08% complete, ETA 00:33:14
[info] # Fork: 3 of 3
[info] WARNING: A terminally deprecated method in sun.misc.Unsafe has been called
[info] WARNING: sun.misc.Unsafe::objectFieldOffset has been called by org.openjdk.jmh.util.Utils (file:/Users/stas/projects/scala-effect-bench/target/bg-jobs/sbt_ec168a1a/target/ec0caa91/1296d6b9/jmh-core-1.37.jar)
[info] WARNING: Please consider reporting this to the maintainers of class org.openjdk.jmh.util.Utils
[info] WARNING: sun.misc.Unsafe::objectFieldOffset will be removed in a future release
[info] # Warmup Iteration   1: 17,872 ops/s
[info] # Warmup Iteration   2: 22,332 ops/s
[info] # Warmup Iteration   3: 22,327 ops/s
[info] # Warmup Iteration   4: 22,225 ops/s
[info] # Warmup Iteration   5: 22,279 ops/s
[info] # Warmup Iteration   6: 22,259 ops/s
[info] # Warmup Iteration   7: 22,216 ops/s
[info] # Warmup Iteration   8: 22,431 ops/s
[info] # Warmup Iteration   9: 22,305 ops/s
[info] # Warmup Iteration  10: 22,431 ops/s
[info] Iteration   1: 22,511 ops/s
[info]                  client.cpu:         5,171 ms/batch
[info]                  gc.alloc.rate:      2,269 MB/sec
[info]                  gc.alloc.rate.norm: 105696,000 B/op
[info]                  gc.count:           ≈ 0 counts
[info] Iteration   2: 22,180 ops/s
[info]                  client.cpu:         5,600 ms/batch
[info]                  gc.alloc.rate:      2,230 MB/sec
[info]                  gc.alloc.rate.norm: 105438,261 B/op
[info]                  gc.count:           ≈ 0 counts
[info] Iteration   3: 21,977 ops/s
[info]                  client.cpu:         5,982 ms/batch
[info]                  gc.alloc.rate:      2,215 MB/sec
[info]                  gc.alloc.rate.norm: 105694,957 B/op
[info]                  gc.count:           ≈ 0 counts
[info] Iteration   4: 21,987 ops/s
[info]                  client.cpu:         6,844 ms/batch
[info]                  gc.alloc.rate:      2,209 MB/sec
[info]                  gc.alloc.rate.norm: 105348,727 B/op
[info]                  gc.count:           ≈ 0 counts
[info] Iteration   5: 21,828 ops/s
[info]                  client.cpu:         6,875 ms/batch
[info]                  gc.alloc.rate:      1,728 MB/sec
[info]                  gc.alloc.rate.norm: 109273,818 B/op
[info]                  gc.count:           ≈ 0 counts
[info] Result "bench.io.IoBench.requests":
[info]   22,004 ±(99.9%) 0,231 ops/s [Average]
[info]   (min, avg, max) = (21,609, 22,004, 22,511), stdev = 0,216
[info]   CI (99.9%): [21,773, 22,236] (assumes normal distribution)
[info] Secondary result "bench.io.IoBench.requests:client.cpu":
[info]   6,473 ±(99.9%) 0,665 ms/batch [Average]
[info]   (min, avg, max) = (5,171, 6,473, 7,314), stdev = 0,622
[info]   CI (99.9%): [5,809, 7,138] (assumes normal distribution)
[info] Secondary result "bench.io.IoBench.requests:gc.alloc.rate":
[info]   2,121 ±(99.9%) 0,217 MB/sec [Average]
[info]   (min, avg, max) = (1,711, 2,121, 2,269), stdev = 0,203
[info]   CI (99.9%): [1,904, 2,337] (assumes normal distribution)
[info] Secondary result "bench.io.IoBench.requests:gc.alloc.rate.norm":
[info]   106227,738 ±(99.9%) 1571,794 B/op [Average]
[info]   (min, avg, max) = (105079,652, 106227,738, 109273,818), stdev = 1470,257
[info]   CI (99.9%): [104655,943, 107799,532] (assumes normal distribution)
[info] Secondary result "bench.io.IoBench.requests:gc.count":
[info]   ≈ 0 counts
[info] # JMH version: 1.37
[info] # VM version: JDK 25.0.3, Java HotSpot(TM) 64-Bit Server VM, 25.0.3+9-LTS-195
[info] # VM invoker: /Users/stas/.sdkman/candidates/java/25.0.3-oracle/bin/java
[info] # VM options: --add-opens=java.base/java.lang=ALL-UNNAMED -Xms2g -Xmx2g -XX:+UseG1GC --add-opens=java.base/java.lang=ALL-UNNAMED -Xms2g -Xmx2g -XX:+UseG1GC
[info] # Blackhole mode: compiler (auto-detected, use -Djmh.blackhole.autoDetect=false to disable)
[info] # Warmup: 10 iterations, 1 s each
[info] # Measurement: 5 iterations, 1 s each
[info] # Timeout: 10 min per iteration
[info] # Threads: 1 thread, will synchronize iterations
[info] # Benchmark mode: Throughput, ops/time
[info] # Benchmark: bench.io.IoBench.requests
[info] # Parameters: (delayMicros = 1000, parallelism = 8, runtime = ce, size = 256, transport = nonblocking)
[info] # Run progress: 3,13% complete, ETA 00:32:47
[info] # Fork: 1 of 3
[info] WARNING: A terminally deprecated method in sun.misc.Unsafe has been called
[info] WARNING: sun.misc.Unsafe::objectFieldOffset has been called by org.openjdk.jmh.util.Utils (file:/Users/stas/projects/scala-effect-bench/target/bg-jobs/sbt_ec168a1a/target/ec0caa91/1296d6b9/jmh-core-1.37.jar)
[info] WARNING: Please consider reporting this to the maintainers of class org.openjdk.jmh.util.Utils
[info] WARNING: sun.misc.Unsafe::objectFieldOffset will be removed in a future release
[info] # Warmup Iteration   1: 17,812 ops/s
[info] # Warmup Iteration   2: 21,706 ops/s
[info] # Warmup Iteration   3: 21,463 ops/s
[info] # Warmup Iteration   4: 21,886 ops/s
[info] # Warmup Iteration   5: 21,690 ops/s
[info] # Warmup Iteration   6: 21,815 ops/s
[info] # Warmup Iteration   7: 21,764 ops/s
[info] # Warmup Iteration   8: 21,448 ops/s
[info] # Warmup Iteration   9: 22,097 ops/s
[info] # Warmup Iteration  10: 22,005 ops/s
[info] Iteration   1: 21,712 ops/s
[info]                  client.cpu:         9,430 ms/batch
[info]                  gc.alloc.rate:      6,938 MB/sec
[info]                  gc.alloc.rate.norm: 335104,364 B/op
[info]                  gc.count:           ≈ 0 counts
[info] Iteration   2: 21,880 ops/s
[info]                  client.cpu:         7,310 ms/batch
[info]                  gc.alloc.rate:      6,996 MB/sec
[info]                  gc.alloc.rate.norm: 335340,000 B/op
[info]                  gc.count:           ≈ 0 counts
[info] Iteration   3: 21,961 ops/s
[info]                  client.cpu:         6,831 ms/batch
[info]                  gc.alloc.rate:      7,016 MB/sec
[info]                  gc.alloc.rate.norm: 335026,087 B/op
[info]                  gc.count:           ≈ 0 counts
[info] Iteration   4: 21,790 ops/s
[info]                  client.cpu:         7,120 ms/batch
[info]                  gc.alloc.rate:      6,961 MB/sec
[info]                  gc.alloc.rate.norm: 335000,364 B/op
[info]                  gc.count:           ≈ 0 counts
[info] Iteration   5: 21,718 ops/s
[info]                  client.cpu:         7,295 ms/batch
[info]                  gc.alloc.rate:      5,336 MB/sec
[info]                  gc.alloc.rate.norm: 340061,091 B/op
[info]                  gc.count:           ≈ 0 counts
[info] # Run progress: 4,17% complete, ETA 00:32:21
[info] # Fork: 2 of 3
[info] WARNING: A terminally deprecated method in sun.misc.Unsafe has been called
[info] WARNING: sun.misc.Unsafe::objectFieldOffset has been called by org.openjdk.jmh.util.Utils (file:/Users/stas/projects/scala-effect-bench/target/bg-jobs/sbt_ec168a1a/target/ec0caa91/1296d6b9/jmh-core-1.37.jar)
[info] WARNING: Please consider reporting this to the maintainers of class org.openjdk.jmh.util.Utils
[info] WARNING: sun.misc.Unsafe::objectFieldOffset will be removed in a future release
[info] # Warmup Iteration   1: 17,511 ops/s
[info] # Warmup Iteration   2: 20,156 ops/s
[info] # Warmup Iteration   3: 18,875 ops/s
[info] # Warmup Iteration   4: 20,080 ops/s
[info] # Warmup Iteration   5: 17,761 ops/s
[info] # Warmup Iteration   6: 20,678 ops/s
[info] # Warmup Iteration   7: 20,775 ops/s
[info] # Warmup Iteration   8: 20,581 ops/s
[info] # Warmup Iteration   9: 21,514 ops/s
[info] # Warmup Iteration  10: 21,158 ops/s
[info] Iteration   1: 19,704 ops/s
[info]                  client.cpu:         14,850 ms/batch
[info]                  gc.alloc.rate:      6,300 MB/sec
[info]                  gc.alloc.rate.norm: 335306,400 B/op
[info]                  gc.count:           ≈ 0 counts
[info] Iteration   2: 20,411 ops/s
[info]                  client.cpu:         8,647 ms/batch
[info]                  gc.alloc.rate:      6,524 MB/sec
[info]                  gc.alloc.rate.norm: 335213,333 B/op
[info]                  gc.count:           ≈ 0 counts
[info] Iteration   3: 18,545 ops/s
[info]                  client.cpu:         11,453 ms/batch
[info]                  gc.alloc.rate:      5,925 MB/sec
[info]                  gc.alloc.rate.norm: 335137,263 B/op
[info]                  gc.count:           ≈ 0 counts
[info] Iteration   4: 20,221 ops/s
[info]                  client.cpu:         9,451 ms/batch
[info]                  gc.alloc.rate:      6,461 MB/sec
[info]                  gc.alloc.rate.norm: 335177,524 B/op
[info]                  gc.count:           ≈ 0 counts
[info] Iteration   5: 19,262 ops/s
[info]                  client.cpu:         11,239 ms/batch
[info]                  gc.alloc.rate:      4,741 MB/sec
[info]                  gc.alloc.rate.norm: 340882,000 B/op
[info]                  gc.count:           ≈ 0 counts
[info] # Run progress: 5,21% complete, ETA 00:32:00
[info] # Fork: 3 of 3
[info] WARNING: A terminally deprecated method in sun.misc.Unsafe has been called
[info] WARNING: sun.misc.Unsafe::objectFieldOffset has been called by org.openjdk.jmh.util.Utils (file:/Users/stas/projects/scala-effect-bench/target/bg-jobs/sbt_ec168a1a/target/ec0caa91/1296d6b9/jmh-core-1.37.jar)
[info] WARNING: Please consider reporting this to the maintainers of class org.openjdk.jmh.util.Utils
[info] WARNING: sun.misc.Unsafe::objectFieldOffset will be removed in a future release
[info] # Warmup Iteration   1: 17,902 ops/s
[info] # Warmup Iteration   2: 20,575 ops/s
[info] # Warmup Iteration   3: 19,505 ops/s
[info] # Warmup Iteration   4: 19,872 ops/s
[info] # Warmup Iteration   5: 19,313 ops/s
[info] # Warmup Iteration   6: 19,309 ops/s
[info] # Warmup Iteration   7: 18,811 ops/s
[info] # Warmup Iteration   8: 20,709 ops/s
[info] # Warmup Iteration   9: 18,678 ops/s
[info] # Warmup Iteration  10: 21,041 ops/s
[info] Iteration   1: 21,807 ops/s
[info]                  client.cpu:         9,601 ms/batch
[info]                  gc.alloc.rate:      6,959 MB/sec
[info]                  gc.alloc.rate.norm: 334761,818 B/op
[info]                  gc.count:           ≈ 0 counts
[info] Iteration   2: 19,691 ops/s
[info]                  client.cpu:         11,332 ms/batch
[info]                  gc.alloc.rate:      6,292 MB/sec
[info]                  gc.alloc.rate.norm: 335213,200 B/op
[info]                  gc.count:           ≈ 0 counts
[info] Iteration   3: 20,199 ops/s
[info]                  client.cpu:         9,526 ms/batch
[info]                  gc.alloc.rate:      6,461 MB/sec
[info]                  gc.alloc.rate.norm: 335451,810 B/op
[info]                  gc.count:           ≈ 0 counts
[info] Iteration   4: 19,670 ops/s
[info]                  client.cpu:         9,519 ms/batch
[info]                  gc.alloc.rate:      6,290 MB/sec
[info]                  gc.alloc.rate.norm: 335444,400 B/op
[info]                  gc.count:           ≈ 0 counts
[info] Iteration   5: 20,006 ops/s
[info]                  client.cpu:         9,673 ms/batch
[info]                  gc.alloc.rate:      4,975 MB/sec
[info]                  gc.alloc.rate.norm: 340905,905 B/op
[info]                  gc.count:           ≈ 0 counts
[info] Result "bench.io.IoBench.requests":
[info]   20,572 ±(99.9%) 1,214 ops/s [Average]
[info]   (min, avg, max) = (18,545, 20,572, 21,961), stdev = 1,135
[info]   CI (99.9%): [19,358, 21,785] (assumes normal distribution)
[info] Secondary result "bench.io.IoBench.requests:client.cpu":
[info]   9,552 ±(99.9%) 2,250 ms/batch [Average]
[info]   (min, avg, max) = (6,831, 9,552, 14,850), stdev = 2,104
[info]   CI (99.9%): [7,302, 11,801] (assumes normal distribution)
[info] Secondary result "bench.io.IoBench.requests:gc.alloc.rate":
[info]   6,278 ±(99.9%) 0,789 MB/sec [Average]
[info]   (min, avg, max) = (4,741, 6,278, 7,016), stdev = 0,738
[info]   CI (99.9%): [5,489, 7,067] (assumes normal distribution)
[info] Secondary result "bench.io.IoBench.requests:gc.alloc.rate.norm":
[info]   336268,371 ±(99.9%) 2420,721 B/op [Average]
[info]   (min, avg, max) = (334761,818, 336268,371, 340905,905), stdev = 2264,344
[info]   CI (99.9%): [333847,650, 338689,092] (assumes normal distribution)
[info] Secondary result "bench.io.IoBench.requests:gc.count":
[info]   ≈ 0 counts
[info] # JMH version: 1.37
[info] # VM version: JDK 25.0.3, Java HotSpot(TM) 64-Bit Server VM, 25.0.3+9-LTS-195
[info] # VM invoker: /Users/stas/.sdkman/candidates/java/25.0.3-oracle/bin/java
[info] # VM options: --add-opens=java.base/java.lang=ALL-UNNAMED -Xms2g -Xmx2g -XX:+UseG1GC --add-opens=java.base/java.lang=ALL-UNNAMED -Xms2g -Xmx2g -XX:+UseG1GC
[info] # Blackhole mode: compiler (auto-detected, use -Djmh.blackhole.autoDetect=false to disable)
[info] # Warmup: 10 iterations, 1 s each
[info] # Measurement: 5 iterations, 1 s each
[info] # Timeout: 10 min per iteration
[info] # Threads: 1 thread, will synchronize iterations
[info] # Benchmark mode: Throughput, ops/time
[info] # Benchmark: bench.io.IoBench.requests
[info] # Parameters: (delayMicros = 1000, parallelism = 8, runtime = kyo, size = 256, transport = blocking)
[info] # Run progress: 6,25% complete, ETA 00:31:38
[info] # Fork: 1 of 3
[info] WARNING: A terminally deprecated method in sun.misc.Unsafe has been called
[info] WARNING: sun.misc.Unsafe::objectFieldOffset has been called by org.openjdk.jmh.util.Utils (file:/Users/stas/projects/scala-effect-bench/target/bg-jobs/sbt_ec168a1a/target/ec0caa91/1296d6b9/jmh-core-1.37.jar)
[info] WARNING: Please consider reporting this to the maintainers of class org.openjdk.jmh.util.Utils
[info] WARNING: sun.misc.Unsafe::objectFieldOffset will be removed in a future release
[info] # Warmup Iteration   1: 14,283 ops/s
[info] # Warmup Iteration   2: 17,976 ops/s
[info] # Warmup Iteration   3: 18,399 ops/s
[info] # Warmup Iteration   4: 18,045 ops/s
[info] # Warmup Iteration   5: 18,152 ops/s
[info] # Warmup Iteration   6: 17,987 ops/s
[info] # Warmup Iteration   7: 18,122 ops/s
[info] # Warmup Iteration   8: 18,252 ops/s
[info] # Warmup Iteration   9: 17,576 ops/s
[info] # Warmup Iteration  10: 18,019 ops/s
[info] Iteration   1: 18,352 ops/s
[info]                  client.cpu:         6,556 ms/batch
[info]                  gc.alloc.rate:      2,347 MB/sec
[info]                  gc.alloc.rate.norm: 134120,421 B/op
[info]                  gc.count:           ≈ 0 counts
[info] Iteration   2: 18,131 ops/s
[info]                  client.cpu:         8,800 ms/batch
[info]                  gc.alloc.rate:      2,322 MB/sec
[info]                  gc.alloc.rate.norm: 134314,947 B/op
[info]                  gc.count:           ≈ 0 counts
[info] Iteration   3: 18,177 ops/s
[info]                  client.cpu:         7,543 ms/batch
[info]                  gc.alloc.rate:      2,327 MB/sec
[info]                  gc.alloc.rate.norm: 134288,421 B/op
[info]                  gc.count:           ≈ 0 counts
[info] Iteration   4: 18,016 ops/s
[info]                  client.cpu:         7,941 ms/batch
[info]                  gc.alloc.rate:      2,307 MB/sec
[info]                  gc.alloc.rate.norm: 134307,368 B/op
[info]                  gc.count:           ≈ 0 counts
[info] Iteration   5: 18,156 ops/s
[info]                  client.cpu:         8,723 ms/batch
[info]                  gc.alloc.rate:      1,823 MB/sec
[info]                  gc.alloc.rate.norm: 139092,211 B/op
[info]                  gc.count:           ≈ 0 counts
[info] # Run progress: 7,29% complete, ETA 00:31:20
[info] # Fork: 2 of 3
[info] WARNING: A terminally deprecated method in sun.misc.Unsafe has been called
[info] WARNING: sun.misc.Unsafe::objectFieldOffset has been called by org.openjdk.jmh.util.Utils (file:/Users/stas/projects/scala-effect-bench/target/bg-jobs/sbt_ec168a1a/target/ec0caa91/1296d6b9/jmh-core-1.37.jar)
[info] WARNING: Please consider reporting this to the maintainers of class org.openjdk.jmh.util.Utils
[info] WARNING: sun.misc.Unsafe::objectFieldOffset will be removed in a future release
[info] # Warmup Iteration   1: 15,477 ops/s
[info] # Warmup Iteration   2: 18,491 ops/s
[info] # Warmup Iteration   3: 18,384 ops/s
[info] # Warmup Iteration   4: 18,298 ops/s
[info] # Warmup Iteration   5: 18,202 ops/s
[info] # Warmup Iteration   6: 18,250 ops/s
[info] # Warmup Iteration   7: 18,348 ops/s
[info] # Warmup Iteration   8: 18,412 ops/s
[info] # Warmup Iteration   9: 18,341 ops/s
[info] # Warmup Iteration  10: 17,955 ops/s
[info] Iteration   1: 18,285 ops/s
[info]                  client.cpu:         8,658 ms/batch
[info]                  gc.alloc.rate:      2,370 MB/sec
[info]                  gc.alloc.rate.norm: 135943,158 B/op
[info]                  gc.count:           ≈ 0 counts
[info] Iteration   2: 18,424 ops/s
[info]                  client.cpu:         9,144 ms/batch
[info]                  gc.alloc.rate:      2,384 MB/sec
[info]                  gc.alloc.rate.norm: 135713,263 B/op
[info]                  gc.count:           ≈ 0 counts
[info] Iteration   3: 18,291 ops/s
[info]                  client.cpu:         8,307 ms/batch
[info]                  gc.alloc.rate:      2,367 MB/sec
[info]                  gc.alloc.rate.norm: 135739,789 B/op
[info]                  gc.count:           ≈ 0 counts
[info] Iteration   4: 18,508 ops/s
[info]                  client.cpu:         8,649 ms/batch
[info]                  gc.alloc.rate:      2,398 MB/sec
[info]                  gc.alloc.rate.norm: 135856,000 B/op
[info]                  gc.count:           ≈ 0 counts
[info] Iteration   5: 18,171 ops/s
[info]                  client.cpu:         8,782 ms/batch
[info]                  gc.alloc.rate:      1,877 MB/sec
[info]                  gc.alloc.rate.norm: 140666,947 B/op
[info]                  gc.count:           ≈ 0 counts
[info] # Run progress: 8,33% complete, ETA 00:30:59
[info] # Fork: 3 of 3
[info] WARNING: A terminally deprecated method in sun.misc.Unsafe has been called
[info] WARNING: sun.misc.Unsafe::objectFieldOffset has been called by org.openjdk.jmh.util.Utils (file:/Users/stas/projects/scala-effect-bench/target/bg-jobs/sbt_ec168a1a/target/ec0caa91/1296d6b9/jmh-core-1.37.jar)
[info] WARNING: Please consider reporting this to the maintainers of class org.openjdk.jmh.util.Utils
[info] WARNING: sun.misc.Unsafe::objectFieldOffset will be removed in a future release
[info] # Warmup Iteration   1: 15,839 ops/s
[info] # Warmup Iteration   2: 18,323 ops/s
[info] # Warmup Iteration   3: 18,612 ops/s
[info] # Warmup Iteration   4: 18,367 ops/s
[info] # Warmup Iteration   5: 18,547 ops/s
[info] # Warmup Iteration   6: 18,255 ops/s
[info] # Warmup Iteration   7: 18,404 ops/s
[info] # Warmup Iteration   8: 18,534 ops/s
[info] # Warmup Iteration   9: 18,217 ops/s
[info] # Warmup Iteration  10: 18,237 ops/s
[info] Iteration   1: 18,540 ops/s
[info]                  client.cpu:         7,517 ms/batch
[info]                  gc.alloc.rate:      2,399 MB/sec
[info]                  gc.alloc.rate.norm: 135689,263 B/op
[info]                  gc.count:           ≈ 0 counts
[info] Iteration   2: 18,462 ops/s
[info]                  client.cpu:         7,970 ms/batch
[info]                  gc.alloc.rate:      2,390 MB/sec
[info]                  gc.alloc.rate.norm: 135730,526 B/op
[info]                  gc.count:           ≈ 0 counts
[info] Iteration   3: 18,559 ops/s
[info]                  client.cpu:         7,796 ms/batch
[info]                  gc.alloc.rate:      2,401 MB/sec
[info]                  gc.alloc.rate.norm: 135678,737 B/op
[info]                  gc.count:           ≈ 0 counts
[info] Iteration   4: 18,160 ops/s
[info]                  client.cpu:         8,052 ms/batch
[info]                  gc.alloc.rate:      2,354 MB/sec
[info]                  gc.alloc.rate.norm: 135964,632 B/op
[info]                  gc.count:           ≈ 0 counts
[info] Iteration   5: 18,456 ops/s
[info]                  client.cpu:         7,770 ms/batch
[info]                  gc.alloc.rate:      1,890 MB/sec
[info]                  gc.alloc.rate.norm: 140460,211 B/op
[info]                  gc.count:           ≈ 0 counts
[info] Result "bench.io.IoBench.requests":
[info]   18,313 ±(99.9%) 0,184 ops/s [Average]
[info]   (min, avg, max) = (18,016, 18,313, 18,559), stdev = 0,172
[info]   CI (99.9%): [18,128, 18,497] (assumes normal distribution)
[info] Secondary result "bench.io.IoBench.requests:client.cpu":
[info]   8,147 ±(99.9%) 0,719 ms/batch [Average]
[info]   (min, avg, max) = (6,556, 8,147, 9,144), stdev = 0,673
[info]   CI (99.9%): [7,428, 8,866] (assumes normal distribution)
[info] Secondary result "bench.io.IoBench.requests:gc.alloc.rate":
[info]   2,264 ±(99.9%) 0,224 MB/sec [Average]
[info]   (min, avg, max) = (1,823, 2,264, 2,401), stdev = 0,210
[info]   CI (99.9%): [2,040, 2,488] (assumes normal distribution)
[info] Secondary result "bench.io.IoBench.requests:gc.alloc.rate.norm":
[info]   136237,726 ±(99.9%) 2267,859 B/op [Average]
[info]   (min, avg, max) = (134120,421, 136237,726, 140666,947), stdev = 2121,357
[info]   CI (99.9%): [133969,867, 138505,586] (assumes normal distribution)
[info] Secondary result "bench.io.IoBench.requests:gc.count":
[info]   ≈ 0 counts
[info] # JMH version: 1.37
[info] # VM version: JDK 25.0.3, Java HotSpot(TM) 64-Bit Server VM, 25.0.3+9-LTS-195
[info] # VM invoker: /Users/stas/.sdkman/candidates/java/25.0.3-oracle/bin/java
[info] # VM options: --add-opens=java.base/java.lang=ALL-UNNAMED -Xms2g -Xmx2g -XX:+UseG1GC --add-opens=java.base/java.lang=ALL-UNNAMED -Xms2g -Xmx2g -XX:+UseG1GC
[info] # Blackhole mode: compiler (auto-detected, use -Djmh.blackhole.autoDetect=false to disable)
[info] # Warmup: 10 iterations, 1 s each
[info] # Measurement: 5 iterations, 1 s each
[info] # Timeout: 10 min per iteration
[info] # Threads: 1 thread, will synchronize iterations
[info] # Benchmark mode: Throughput, ops/time
[info] # Benchmark: bench.io.IoBench.requests
[info] # Parameters: (delayMicros = 1000, parallelism = 8, runtime = kyo, size = 256, transport = nonblocking)
[info] # Run progress: 9,38% complete, ETA 00:30:38
[info] # Fork: 1 of 3
[info] WARNING: A terminally deprecated method in sun.misc.Unsafe has been called
[info] WARNING: sun.misc.Unsafe::objectFieldOffset has been called by org.openjdk.jmh.util.Utils (file:/Users/stas/projects/scala-effect-bench/target/bg-jobs/sbt_ec168a1a/target/ec0caa91/1296d6b9/jmh-core-1.37.jar)
[info] WARNING: Please consider reporting this to the maintainers of class org.openjdk.jmh.util.Utils
[info] WARNING: sun.misc.Unsafe::objectFieldOffset will be removed in a future release
[info] # Warmup Iteration   1: 19,425 ops/s
[info] # Warmup Iteration   2: 22,995 ops/s
[info] # Warmup Iteration   3: 22,982 ops/s
[info] # Warmup Iteration   4: 22,923 ops/s
[info] # Warmup Iteration   5: 22,818 ops/s
[info] # Warmup Iteration   6: 22,792 ops/s
[info] # Warmup Iteration   7: 22,802 ops/s
[info] # Warmup Iteration   8: 22,867 ops/s
[info] # Warmup Iteration   9: 22,901 ops/s
[info] # Warmup Iteration  10: 23,086 ops/s
[info] Iteration   1: 23,150 ops/s
[info]                  client.cpu:         8,707 ms/batch
[info]                  gc.alloc.rate:      8,737 MB/sec
[info]                  gc.alloc.rate.norm: 395796,667 B/op
[info]                  gc.count:           ≈ 0 counts
[info] Iteration   2: 23,130 ops/s
[info]                  client.cpu:         9,018 ms/batch
[info]                  gc.alloc.rate:      8,733 MB/sec
[info]                  gc.alloc.rate.norm: 395946,333 B/op
[info]                  gc.count:           ≈ 0 counts
[info] Iteration   3: 23,134 ops/s
[info]                  client.cpu:         8,521 ms/batch
[info]                  gc.alloc.rate:      8,732 MB/sec
[info]                  gc.alloc.rate.norm: 395828,667 B/op
[info]                  gc.count:           ≈ 0 counts
[info] Iteration   4: 23,118 ops/s
[info]                  client.cpu:         8,617 ms/batch
[info]                  gc.alloc.rate:      8,726 MB/sec
[info]                  gc.alloc.rate.norm: 395841,000 B/op
[info]                  gc.count:           ≈ 0 counts
[info] Iteration   5: 23,014 ops/s
[info]                  client.cpu:         9,399 ms/batch
[info]                  gc.alloc.rate:      6,744 MB/sec
[info]                  gc.alloc.rate.norm: 400761,333 B/op
[info]                  gc.count:           ≈ 0 counts
[info] # Run progress: 10,42% complete, ETA 00:30:16
[info] # Fork: 2 of 3
[info] WARNING: A terminally deprecated method in sun.misc.Unsafe has been called
[info] WARNING: sun.misc.Unsafe::objectFieldOffset has been called by org.openjdk.jmh.util.Utils (file:/Users/stas/projects/scala-effect-bench/target/bg-jobs/sbt_ec168a1a/target/ec0caa91/1296d6b9/jmh-core-1.37.jar)
[info] WARNING: Please consider reporting this to the maintainers of class org.openjdk.jmh.util.Utils
[info] WARNING: sun.misc.Unsafe::objectFieldOffset will be removed in a future release
[info] # Warmup Iteration   1: 17,652 ops/s
[info] # Warmup Iteration   2: 22,707 ops/s
[info] # Warmup Iteration   3: 22,849 ops/s
[info] # Warmup Iteration   4: 22,731 ops/s
[info] # Warmup Iteration   5: 22,748 ops/s
[info] # Warmup Iteration   6: 22,903 ops/s
[info] # Warmup Iteration   7: 23,159 ops/s
[info] # Warmup Iteration   8: 22,976 ops/s
[info] # Warmup Iteration   9: 22,969 ops/s
[info] # Warmup Iteration  10: 23,078 ops/s
[info] Iteration   1: 23,028 ops/s
[info]                  client.cpu:         8,446 ms/batch
[info]                  gc.alloc.rate:      8,694 MB/sec
[info]                  gc.alloc.rate.norm: 395943,333 B/op
[info]                  gc.count:           ≈ 0 counts
[info] Iteration   2: 23,035 ops/s
[info]                  client.cpu:         8,696 ms/batch
[info]                  gc.alloc.rate:      8,696 MB/sec
[info]                  gc.alloc.rate.norm: 395882,000 B/op
[info]                  gc.count:           ≈ 0 counts
[info] Iteration   3: 23,282 ops/s
[info]                  client.cpu:         8,392 ms/batch
[info]                  gc.alloc.rate:      8,790 MB/sec
[info]                  gc.alloc.rate.norm: 395923,000 B/op
[info]                  gc.count:           ≈ 0 counts
[info] Iteration   4: 22,887 ops/s
[info]                  client.cpu:         8,638 ms/batch
[info]                  gc.alloc.rate:      8,640 MB/sec
[info]                  gc.alloc.rate.norm: 395906,087 B/op
[info]                  gc.count:           ≈ 0 counts
[info] Iteration   5: 22,891 ops/s
[info]                  client.cpu:         9,021 ms/batch
[info]                  gc.alloc.rate:      6,641 MB/sec
[info]                  gc.alloc.rate.norm: 400996,522 B/op
[info]                  gc.count:           ≈ 0 counts
[info] # Run progress: 11,46% complete, ETA 00:29:54
[info] # Fork: 3 of 3
[info] WARNING: A terminally deprecated method in sun.misc.Unsafe has been called
[info] WARNING: sun.misc.Unsafe::objectFieldOffset has been called by org.openjdk.jmh.util.Utils (file:/Users/stas/projects/scala-effect-bench/target/bg-jobs/sbt_ec168a1a/target/ec0caa91/1296d6b9/jmh-core-1.37.jar)
[info] WARNING: Please consider reporting this to the maintainers of class org.openjdk.jmh.util.Utils
[info] WARNING: sun.misc.Unsafe::objectFieldOffset will be removed in a future release
[info] # Warmup Iteration   1: 17,882 ops/s
[info] # Warmup Iteration   2: 22,922 ops/s
[info] # Warmup Iteration   3: 23,143 ops/s
[info] # Warmup Iteration   4: 23,044 ops/s
[info] # Warmup Iteration   5: 22,828 ops/s
[info] # Warmup Iteration   6: 22,897 ops/s
[info] # Warmup Iteration   7: 22,751 ops/s
[info] # Warmup Iteration   8: 22,866 ops/s
[info] # Warmup Iteration   9: 22,914 ops/s
[info] # Warmup Iteration  10: 22,814 ops/s
[info] Iteration   1: 22,827 ops/s
[info]                  client.cpu:         9,119 ms/batch
[info]                  gc.alloc.rate:      8,616 MB/sec
[info]                  gc.alloc.rate.norm: 395827,130 B/op
[info]                  gc.count:           ≈ 0 counts
[info] Iteration   2: 22,874 ops/s
[info]                  client.cpu:         9,318 ms/batch
[info]                  gc.alloc.rate:      8,639 MB/sec
[info]                  gc.alloc.rate.norm: 396050,087 B/op
[info]                  gc.count:           ≈ 0 counts
[info] Iteration   3: 23,107 ops/s
[info]                  client.cpu:         8,028 ms/batch
[info]                  gc.alloc.rate:      8,720 MB/sec
[info]                  gc.alloc.rate.norm: 395751,667 B/op
[info]                  gc.count:           ≈ 0 counts
[info] Iteration   4: 23,156 ops/s
[info]                  client.cpu:         8,739 ms/batch
[info]                  gc.alloc.rate:      8,741 MB/sec
[info]                  gc.alloc.rate.norm: 395888,667 B/op
[info]                  gc.count:           ≈ 0 counts
[info] Iteration   5: 23,028 ops/s
[info]                  client.cpu:         9,192 ms/batch
[info]                  gc.alloc.rate:      6,723 MB/sec
[info]                  gc.alloc.rate.norm: 400722,000 B/op
[info]                  gc.count:           ≈ 0 counts
[info] Result "bench.io.IoBench.requests":
[info]   23,044 ±(99.9%) 0,137 ops/s [Average]
[info]   (min, avg, max) = (22,827, 23,044, 23,282), stdev = 0,129
[info]   CI (99.9%): [22,907, 23,181] (assumes normal distribution)
[info] Secondary result "bench.io.IoBench.requests:client.cpu":
[info]   8,790 ±(99.9%) 0,407 ms/batch [Average]
[info]   (min, avg, max) = (8,028, 8,790, 9,399), stdev = 0,380
[info]   CI (99.9%): [8,383, 9,197] (assumes normal distribution)
[info] Secondary result "bench.io.IoBench.requests:gc.alloc.rate":
[info]   8,305 ±(99.9%) 0,888 MB/sec [Average]
[info]   (min, avg, max) = (6,641, 8,305, 8,790), stdev = 0,831
[info]   CI (99.9%): [7,417, 9,193] (assumes normal distribution)
[info] Secondary result "bench.io.IoBench.requests:gc.alloc.rate.norm":
[info]   396870,966 ±(99.9%) 2190,760 B/op [Average]
[info]   (min, avg, max) = (395751,667, 396870,966, 400996,522), stdev = 2049,238
[info]   CI (99.9%): [394680,206, 399061,726] (assumes normal distribution)
[info] Secondary result "bench.io.IoBench.requests:gc.count":
[info]   ≈ 0 counts
[info] # JMH version: 1.37
[info] # VM version: JDK 25.0.3, Java HotSpot(TM) 64-Bit Server VM, 25.0.3+9-LTS-195
[info] # VM invoker: /Users/stas/.sdkman/candidates/java/25.0.3-oracle/bin/java
[info] # VM options: --add-opens=java.base/java.lang=ALL-UNNAMED -Xms2g -Xmx2g -XX:+UseG1GC --add-opens=java.base/java.lang=ALL-UNNAMED -Xms2g -Xmx2g -XX:+UseG1GC
[info] # Blackhole mode: compiler (auto-detected, use -Djmh.blackhole.autoDetect=false to disable)
[info] # Warmup: 10 iterations, 1 s each
[info] # Measurement: 5 iterations, 1 s each
[info] # Timeout: 10 min per iteration
[info] # Threads: 1 thread, will synchronize iterations
[info] # Benchmark mode: Throughput, ops/time
[info] # Benchmark: bench.io.IoBench.requests
[info] # Parameters: (delayMicros = 1000, parallelism = 8, runtime = gears, size = 256, transport = blocking)
[info] # Run progress: 12,50% complete, ETA 00:29:32
[info] # Fork: 1 of 3
[info] WARNING: A terminally deprecated method in sun.misc.Unsafe has been called
[info] WARNING: sun.misc.Unsafe::objectFieldOffset has been called by org.openjdk.jmh.util.Utils (file:/Users/stas/projects/scala-effect-bench/target/bg-jobs/sbt_ec168a1a/target/ec0caa91/1296d6b9/jmh-core-1.37.jar)
[info] WARNING: Please consider reporting this to the maintainers of class org.openjdk.jmh.util.Utils
[info] WARNING: sun.misc.Unsafe::objectFieldOffset will be removed in a future release
[info] # Warmup Iteration   1: 21,091 ops/s
[info] # Warmup Iteration   2: 20,900 ops/s
[info] # Warmup Iteration   3: 20,188 ops/s
[info] # Warmup Iteration   4: 20,974 ops/s
[info] # Warmup Iteration   5: 19,204 ops/s
[info] # Warmup Iteration   6: 20,747 ops/s
[info] # Warmup Iteration   7: 21,531 ops/s
[info] # Warmup Iteration   8: 20,488 ops/s
[info] # Warmup Iteration   9: 20,942 ops/s
[info] # Warmup Iteration  10: 21,322 ops/s
[info] Iteration   1: 20,958 ops/s
[info]                  client.cpu:         10,072 ms/batch
[info]                  gc.alloc.rate:      1,659 MB/sec
[info]                  gc.alloc.rate.norm: 83033,905 B/op
[info]                  gc.count:           ≈ 0 counts
[info] Iteration   2: 20,968 ops/s
[info]                  client.cpu:         9,822 ms/batch
[info]                  gc.alloc.rate:      1,665 MB/sec
[info]                  gc.alloc.rate.norm: 83257,818 B/op
[info]                  gc.count:           ≈ 0 counts
[info] Iteration   3: 21,242 ops/s
[info]                  client.cpu:         10,037 ms/batch
[info]                  gc.alloc.rate:      1,679 MB/sec
[info]                  gc.alloc.rate.norm: 82888,000 B/op
[info]                  gc.count:           ≈ 0 counts
[info] Iteration   4: 21,426 ops/s
[info]                  client.cpu:         10,327 ms/batch
[info]                  gc.alloc.rate:      1,689 MB/sec
[info]                  gc.alloc.rate.norm: 82669,091 B/op
[info]                  gc.count:           ≈ 0 counts
[info] Iteration   5: 19,712 ops/s
[info]                  client.cpu:         14,054 ms/batch
[info]                  gc.alloc.rate:      1,246 MB/sec
[info]                  gc.alloc.rate.norm: 87190,000 B/op
[info]                  gc.count:           ≈ 0 counts
[info] # Run progress: 13,54% complete, ETA 00:29:13
[info] # Fork: 2 of 3
[info] WARNING: A terminally deprecated method in sun.misc.Unsafe has been called
[info] WARNING: sun.misc.Unsafe::objectFieldOffset has been called by org.openjdk.jmh.util.Utils (file:/Users/stas/projects/scala-effect-bench/target/bg-jobs/sbt_ec168a1a/target/ec0caa91/1296d6b9/jmh-core-1.37.jar)
[info] WARNING: Please consider reporting this to the maintainers of class org.openjdk.jmh.util.Utils
[info] WARNING: sun.misc.Unsafe::objectFieldOffset will be removed in a future release
[info] # Warmup Iteration   1: 20,529 ops/s
[info] # Warmup Iteration   2: 21,410 ops/s
[info] # Warmup Iteration   3: 21,125 ops/s
[info] # Warmup Iteration   4: 20,717 ops/s
[info] # Warmup Iteration   5: 21,229 ops/s
[info] # Warmup Iteration   6: 21,154 ops/s
[info] # Warmup Iteration   7: 20,690 ops/s
[info] # Warmup Iteration   8: 21,594 ops/s
[info] # Warmup Iteration   9: 20,845 ops/s
[info] # Warmup Iteration  10: 21,632 ops/s
[info] Iteration   1: 20,594 ops/s
[info]                  client.cpu:         9,641 ms/batch
[info]                  gc.alloc.rate:      1,629 MB/sec
[info]                  gc.alloc.rate.norm: 82944,762 B/op
[info]                  gc.count:           ≈ 0 counts
[info] Iteration   2: 21,208 ops/s
[info]                  client.cpu:         9,825 ms/batch
[info]                  gc.alloc.rate:      1,674 MB/sec
[info]                  gc.alloc.rate.norm: 82780,000 B/op
[info]                  gc.count:           ≈ 0 counts
[info] Iteration   3: 21,548 ops/s
[info]                  client.cpu:         9,356 ms/batch
[info]                  gc.alloc.rate:      1,698 MB/sec
[info]                  gc.alloc.rate.norm: 82652,364 B/op
[info]                  gc.count:           ≈ 0 counts
[info] Iteration   4: 21,420 ops/s
[info]                  client.cpu:         9,999 ms/batch
[info]                  gc.alloc.rate:      1,680 MB/sec
[info]                  gc.alloc.rate.norm: 82262,182 B/op
[info]                  gc.count:           ≈ 0 counts
[info] Iteration   5: 21,530 ops/s
[info]                  client.cpu:         10,662 ms/batch
[info]                  gc.alloc.rate:      1,328 MB/sec
[info]                  gc.alloc.rate.norm: 84751,273 B/op
[info]                  gc.count:           ≈ 0 counts
[info] # Run progress: 14,58% complete, ETA 00:28:53
[info] # Fork: 3 of 3
[info] WARNING: A terminally deprecated method in sun.misc.Unsafe has been called
[info] WARNING: sun.misc.Unsafe::objectFieldOffset has been called by org.openjdk.jmh.util.Utils (file:/Users/stas/projects/scala-effect-bench/target/bg-jobs/sbt_ec168a1a/target/ec0caa91/1296d6b9/jmh-core-1.37.jar)
[info] WARNING: Please consider reporting this to the maintainers of class org.openjdk.jmh.util.Utils
[info] WARNING: sun.misc.Unsafe::objectFieldOffset will be removed in a future release
[info] # Warmup Iteration   1: 21,278 ops/s
[info] # Warmup Iteration   2: 21,516 ops/s
[info] # Warmup Iteration   3: 20,323 ops/s
[info] # Warmup Iteration   4: 21,488 ops/s
[info] # Warmup Iteration   5: 20,599 ops/s
[info] # Warmup Iteration   6: 21,118 ops/s
[info] # Warmup Iteration   7: 21,752 ops/s
[info] # Warmup Iteration   8: 20,394 ops/s
[info] # Warmup Iteration   9: 20,688 ops/s
[info] # Warmup Iteration  10: 20,824 ops/s
[info] Iteration   1: 21,303 ops/s
[info]                  client.cpu:         9,509 ms/batch
[info]                  gc.alloc.rate:      1,698 MB/sec
[info]                  gc.alloc.rate.norm: 83578,545 B/op
[info]                  gc.count:           ≈ 0 counts
[info] Iteration   2: 21,046 ops/s
[info]                  client.cpu:         10,193 ms/batch
[info]                  gc.alloc.rate:      1,674 MB/sec
[info]                  gc.alloc.rate.norm: 83422,182 B/op
[info]                  gc.count:           ≈ 0 counts
[info] Iteration   3: 20,223 ops/s
[info]                  client.cpu:         11,832 ms/batch
[info]                  gc.alloc.rate:      1,610 MB/sec
[info]                  gc.alloc.rate.norm: 83468,571 B/op
[info]                  gc.count:           ≈ 0 counts
[info] Iteration   4: 21,544 ops/s
[info]                  client.cpu:         10,658 ms/batch
[info]                  gc.alloc.rate:      1,699 MB/sec
[info]                  gc.alloc.rate.norm: 82738,545 B/op
[info]                  gc.count:           ≈ 0 counts
[info] Iteration   5: 21,149 ops/s
[info]                  client.cpu:         11,562 ms/batch
[info]                  gc.alloc.rate:      1,292 MB/sec
[info]                  gc.alloc.rate.norm: 83893,455 B/op
[info]                  gc.count:           ≈ 0 counts
[info] Result "bench.io.IoBench.requests":
[info]   21,058 ±(99.9%) 0,559 ops/s [Average]
[info]   (min, avg, max) = (19,712, 21,058, 21,548), stdev = 0,523
[info]   CI (99.9%): [20,499, 21,618] (assumes normal distribution)
[info] Secondary result "bench.io.IoBench.requests:client.cpu":
[info]   10,503 ±(99.9%) 1,287 ms/batch [Average]
[info]   (min, avg, max) = (9,356, 10,503, 14,054), stdev = 1,204
[info]   CI (99.9%): [9,216, 11,791] (assumes normal distribution)
[info] Secondary result "bench.io.IoBench.requests:gc.alloc.rate":
[info]   1,595 ±(99.9%) 0,172 MB/sec [Average]
[info]   (min, avg, max) = (1,246, 1,595, 1,699), stdev = 0,161
[info]   CI (99.9%): [1,423, 1,767] (assumes normal distribution)
[info] Secondary result "bench.io.IoBench.requests:gc.alloc.rate.norm":
[info]   83435,380 ±(99.9%) 1286,850 B/op [Average]
[info]   (min, avg, max) = (82262,182, 83435,380, 87190,000), stdev = 1203,720
[info]   CI (99.9%): [82148,529, 84722,230] (assumes normal distribution)
[info] Secondary result "bench.io.IoBench.requests:gc.count":
[info]   ≈ 0 counts
[info] # JMH version: 1.37
[info] # VM version: JDK 25.0.3, Java HotSpot(TM) 64-Bit Server VM, 25.0.3+9-LTS-195
[info] # VM invoker: /Users/stas/.sdkman/candidates/java/25.0.3-oracle/bin/java
[info] # VM options: --add-opens=java.base/java.lang=ALL-UNNAMED -Xms2g -Xmx2g -XX:+UseG1GC --add-opens=java.base/java.lang=ALL-UNNAMED -Xms2g -Xmx2g -XX:+UseG1GC
[info] # Blackhole mode: compiler (auto-detected, use -Djmh.blackhole.autoDetect=false to disable)
[info] # Warmup: 10 iterations, 1 s each
[info] # Measurement: 5 iterations, 1 s each
[info] # Timeout: 10 min per iteration
[info] # Threads: 1 thread, will synchronize iterations
[info] # Benchmark mode: Throughput, ops/time
[info] # Benchmark: bench.io.IoBench.requests
[info] # Parameters: (delayMicros = 1000, parallelism = 8, runtime = gears, size = 256, transport = nonblocking)
[info] # Run progress: 15,63% complete, ETA 00:28:34
[info] # Fork: 1 of 3
[info] WARNING: A terminally deprecated method in sun.misc.Unsafe has been called
[info] WARNING: sun.misc.Unsafe::objectFieldOffset has been called by org.openjdk.jmh.util.Utils (file:/Users/stas/projects/scala-effect-bench/target/bg-jobs/sbt_ec168a1a/target/ec0caa91/1296d6b9/jmh-core-1.37.jar)
[info] WARNING: Please consider reporting this to the maintainers of class org.openjdk.jmh.util.Utils
[info] WARNING: sun.misc.Unsafe::objectFieldOffset will be removed in a future release
[info] # Warmup Iteration   1: 20,788 ops/s
[info] # Warmup Iteration   2: 21,275 ops/s
[info] # Warmup Iteration   3: 21,862 ops/s
[info] # Warmup Iteration   4: 21,211 ops/s
[info] # Warmup Iteration   5: 20,819 ops/s
[info] # Warmup Iteration   6: 20,337 ops/s
[info] # Warmup Iteration   7: 20,434 ops/s
[info] # Warmup Iteration   8: 20,168 ops/s
[info] # Warmup Iteration   9: 20,622 ops/s
[info] # Warmup Iteration  10: 20,883 ops/s
[info] Iteration   1: 19,540 ops/s
[info]                  client.cpu:         12,433 ms/batch
[info]                  gc.alloc.rate:      6,213 MB/sec
[info]                  gc.alloc.rate.norm: 333440,800 B/op
[info]                  gc.count:           ≈ 0 counts
[info] Iteration   2: 21,668 ops/s
[info]                  client.cpu:         11,034 ms/batch
[info]                  gc.alloc.rate:      6,825 MB/sec
[info]                  gc.alloc.rate.norm: 330341,818 B/op
[info]                  gc.count:           ≈ 0 counts
[info] Iteration   3: 20,166 ops/s
[info]                  client.cpu:         11,060 ms/batch
[info]                  gc.alloc.rate:      6,423 MB/sec
[info]                  gc.alloc.rate.norm: 334043,048 B/op
[info]                  gc.count:           ≈ 0 counts
[info] Iteration   4: 20,711 ops/s
[info]                  client.cpu:         10,170 ms/batch
[info]                  gc.alloc.rate:      6,542 MB/sec
[info]                  gc.alloc.rate.norm: 331260,952 B/op
[info]                  gc.count:           ≈ 0 counts
[info] Iteration   5: 20,971 ops/s
[info]                  client.cpu:         11,152 ms/batch
[info]                  gc.alloc.rate:      5,199 MB/sec
[info]                  gc.alloc.rate.norm: 337116,000 B/op
[info]                  gc.count:           ≈ 0 counts
[info] # Run progress: 16,67% complete, ETA 00:28:12
[info] # Fork: 2 of 3
[info] WARNING: A terminally deprecated method in sun.misc.Unsafe has been called
[info] WARNING: sun.misc.Unsafe::objectFieldOffset has been called by org.openjdk.jmh.util.Utils (file:/Users/stas/projects/scala-effect-bench/target/bg-jobs/sbt_ec168a1a/target/ec0caa91/1296d6b9/jmh-core-1.37.jar)
[info] WARNING: Please consider reporting this to the maintainers of class org.openjdk.jmh.util.Utils
[info] WARNING: sun.misc.Unsafe::objectFieldOffset will be removed in a future release
[info] # Warmup Iteration   1: 20,913 ops/s
[info] # Warmup Iteration   2: 21,259 ops/s
[info] # Warmup Iteration   3: 20,603 ops/s
[info] # Warmup Iteration   4: 20,949 ops/s
[info] # Warmup Iteration   5: 20,261 ops/s
[info] # Warmup Iteration   6: 20,988 ops/s
[info] # Warmup Iteration   7: 21,342 ops/s
[info] # Warmup Iteration   8: 20,452 ops/s
[info] # Warmup Iteration   9: 20,820 ops/s
[info] # Warmup Iteration  10: 21,459 ops/s
[info] Iteration   1: 21,078 ops/s
[info]                  client.cpu:         11,902 ms/batch
[info]                  gc.alloc.rate:      6,483 MB/sec
[info]                  gc.alloc.rate.norm: 322591,636 B/op
[info]                  gc.count:           1,000 counts
[info]                  gc.time:            4,000 ms
[info] Iteration   2: 19,093 ops/s
[info]                  client.cpu:         13,330 ms/batch
[info]                  gc.alloc.rate:      5,941 MB/sec
[info]                  gc.alloc.rate.norm: 326332,400 B/op
[info]                  gc.count:           ≈ 0 counts
[info] Iteration   3: 20,048 ops/s
[info]                  client.cpu:         11,019 ms/batch
[info]                  gc.alloc.rate:      6,168 MB/sec
[info]                  gc.alloc.rate.norm: 322670,857 B/op
[info]                  gc.count:           ≈ 0 counts
[info] Iteration   4: 19,848 ops/s
[info]                  client.cpu:         12,395 ms/batch
[info]                  gc.alloc.rate:      6,158 MB/sec
[info]                  gc.alloc.rate.norm: 325420,000 B/op
[info]                  gc.count:           ≈ 0 counts
[info] Iteration   5: 21,257 ops/s
[info]                  client.cpu:         11,586 ms/batch
[info]                  gc.alloc.rate:      5,060 MB/sec
[info]                  gc.alloc.rate.norm: 327404,364 B/op
[info]                  gc.count:           ≈ 0 counts
[info] # Run progress: 17,71% complete, ETA 00:27:51
[info] # Fork: 3 of 3
[info] WARNING: A terminally deprecated method in sun.misc.Unsafe has been called
[info] WARNING: sun.misc.Unsafe::objectFieldOffset has been called by org.openjdk.jmh.util.Utils (file:/Users/stas/projects/scala-effect-bench/target/bg-jobs/sbt_ec168a1a/target/ec0caa91/1296d6b9/jmh-core-1.37.jar)
[info] WARNING: Please consider reporting this to the maintainers of class org.openjdk.jmh.util.Utils
[info] WARNING: sun.misc.Unsafe::objectFieldOffset will be removed in a future release
[info] # Warmup Iteration   1: 20,480 ops/s
[info] # Warmup Iteration   2: 21,679 ops/s
[info] # Warmup Iteration   3: 20,082 ops/s
[info] # Warmup Iteration   4: 18,824 ops/s
[info] # Warmup Iteration   5: 19,323 ops/s
[info] # Warmup Iteration   6: 19,742 ops/s
[info] # Warmup Iteration   7: 19,649 ops/s
[info] # Warmup Iteration   8: 20,237 ops/s
[info] # Warmup Iteration   9: 18,502 ops/s
[info] # Warmup Iteration  10: 19,372 ops/s
[info] Iteration   1: 19,579 ops/s
[info]                  client.cpu:         12,917 ms/batch
[info]                  gc.alloc.rate:      6,011 MB/sec
[info]                  gc.alloc.rate.norm: 322130,800 B/op
[info]                  gc.count:           1,000 counts
[info]                  gc.time:            6,000 ms
[info] Iteration   2: 18,824 ops/s
[info]                  client.cpu:         13,405 ms/batch
[info]                  gc.alloc.rate:      5,783 MB/sec
[info]                  gc.alloc.rate.norm: 322197,895 B/op
[info]                  gc.count:           ≈ 0 counts
[info] Iteration   3: 19,093 ops/s
[info]                  client.cpu:         13,253 ms/batch
[info]                  gc.alloc.rate:      5,853 MB/sec
[info]                  gc.alloc.rate.norm: 321496,800 B/op
[info]                  gc.count:           ≈ 0 counts
[info] Iteration   4: 20,014 ops/s
[info]                  client.cpu:         10,716 ms/batch
[info]                  gc.alloc.rate:      6,160 MB/sec
[info]                  gc.alloc.rate.norm: 322807,619 B/op
[info]                  gc.count:           ≈ 0 counts
[info] Iteration   5: 22,069 ops/s
[info]                  client.cpu:         9,567 ms/batch
[info]                  gc.alloc.rate:      5,220 MB/sec
[info]                  gc.alloc.rate.norm: 327579,826 B/op
[info]                  gc.count:           ≈ 0 counts
[info] Result "bench.io.IoBench.requests":
[info]   20,264 ±(99.9%) 1,057 ops/s [Average]
[info]   (min, avg, max) = (18,824, 20,264, 22,069), stdev = 0,988
[info]   CI (99.9%): [19,207, 21,321] (assumes normal distribution)
[info] Secondary result "bench.io.IoBench.requests:client.cpu":
[info]   11,729 ±(99.9%) 1,278 ms/batch [Average]
[info]   (min, avg, max) = (9,567, 11,729, 13,405), stdev = 1,195
[info]   CI (99.9%): [10,452, 13,007] (assumes normal distribution)
[info] Secondary result "bench.io.IoBench.requests:gc.alloc.rate":
[info]   6,003 ±(99.9%) 0,551 MB/sec [Average]
[info]   (min, avg, max) = (5,060, 6,003, 6,825), stdev = 0,515
[info]   CI (99.9%): [5,452, 6,553] (assumes normal distribution)
[info] Secondary result "bench.io.IoBench.requests:gc.alloc.rate.norm":
[info]   327122,321 ±(99.9%) 5411,846 B/op [Average]
[info]   (min, avg, max) = (321496,800, 327122,321, 337116,000), stdev = 5062,244
[info]   CI (99.9%): [321710,475, 332534,167] (assumes normal distribution)
[info] Secondary result "bench.io.IoBench.requests:gc.count":
[info]   2,000 ±(99.9%) 0,001 counts [Sum]
[info]   (min, avg, max) = (≈ 0, 0,133, 1,000), stdev = 0,352
[info]   CI (99.9%): [2,000, 2,000] (assumes normal distribution)
[info] Secondary result "bench.io.IoBench.requests:gc.time":
[info]   10,000 ±(99.9%) 0,001 ms [Sum]
[info]   (min, avg, max) = (≈ 0, 0,667, 6,000), stdev = 1,799
[info]   CI (99.9%): [10,000, 10,000] (assumes normal distribution)
[info] # JMH version: 1.37
[info] # VM version: JDK 25.0.3, Java HotSpot(TM) 64-Bit Server VM, 25.0.3+9-LTS-195
[info] # VM invoker: /Users/stas/.sdkman/candidates/java/25.0.3-oracle/bin/java
[info] # VM options: --add-opens=java.base/java.lang=ALL-UNNAMED -Xms2g -Xmx2g -XX:+UseG1GC --add-opens=java.base/java.lang=ALL-UNNAMED -Xms2g -Xmx2g -XX:+UseG1GC
[info] # Blackhole mode: compiler (auto-detected, use -Djmh.blackhole.autoDetect=false to disable)
[info] # Warmup: 10 iterations, 1 s each
[info] # Measurement: 5 iterations, 1 s each
[info] # Timeout: 10 min per iteration
[info] # Threads: 1 thread, will synchronize iterations
[info] # Benchmark mode: Throughput, ops/time
[info] # Benchmark: bench.io.IoBench.requests
[info] # Parameters: (delayMicros = 1000, parallelism = 8, runtime = ox, size = 256, transport = blocking)
[info] # Run progress: 18,75% complete, ETA 00:27:30
[info] # Fork: 1 of 3
[info] WARNING: A terminally deprecated method in sun.misc.Unsafe has been called
[info] WARNING: sun.misc.Unsafe::objectFieldOffset has been called by org.openjdk.jmh.util.Utils (file:/Users/stas/projects/scala-effect-bench/target/bg-jobs/sbt_ec168a1a/target/ec0caa91/1296d6b9/jmh-core-1.37.jar)
[info] WARNING: Please consider reporting this to the maintainers of class org.openjdk.jmh.util.Utils
[info] WARNING: sun.misc.Unsafe::objectFieldOffset will be removed in a future release
[info] # Warmup Iteration   1: 20,135 ops/s
[info] # Warmup Iteration   2: 21,430 ops/s
[info] # Warmup Iteration   3: 21,306 ops/s
[info] # Warmup Iteration   4: 20,280 ops/s
[info] # Warmup Iteration   5: 20,693 ops/s
[info] # Warmup Iteration   6: 20,608 ops/s
[info] # Warmup Iteration   7: 21,839 ops/s
[info] # Warmup Iteration   8: 21,522 ops/s
[info] # Warmup Iteration   9: 19,646 ops/s
[info] # Warmup Iteration  10: 19,473 ops/s
[info] Iteration   1: 19,738 ops/s
[info]                  client.cpu:         11,608 ms/batch
[info]                  gc.alloc.rate:      1,318 MB/sec
[info]                  gc.alloc.rate.norm: 70058,400 B/op
[info]                  gc.count:           ≈ 0 counts
[info] Iteration   2: 18,775 ops/s
[info]                  client.cpu:         12,576 ms/batch
[info]                  gc.alloc.rate:      1,253 MB/sec
[info]                  gc.alloc.rate.norm: 69987,368 B/op
[info]                  gc.count:           ≈ 0 counts
[info] Iteration   3: 19,600 ops/s
[info]                  client.cpu:         10,885 ms/batch
[info]                  gc.alloc.rate:      1,305 MB/sec
[info]                  gc.alloc.rate.norm: 69845,600 B/op
[info]                  gc.count:           ≈ 0 counts
[info] Iteration   4: 19,537 ops/s
[info]                  client.cpu:         11,986 ms/batch
[info]                  gc.alloc.rate:      1,299 MB/sec
[info]                  gc.alloc.rate.norm: 69734,400 B/op
[info]                  gc.count:           ≈ 0 counts
[info] Iteration   5: 19,851 ops/s
[info]                  client.cpu:         11,441 ms/batch
[info]                  gc.alloc.rate:      1,061 MB/sec
[info]                  gc.alloc.rate.norm: 74549,600 B/op
[info]                  gc.count:           ≈ 0 counts
[info] # Run progress: 19,79% complete, ETA 00:27:09
[info] # Fork: 2 of 3
[info] WARNING: A terminally deprecated method in sun.misc.Unsafe has been called
[info] WARNING: sun.misc.Unsafe::objectFieldOffset has been called by org.openjdk.jmh.util.Utils (file:/Users/stas/projects/scala-effect-bench/target/bg-jobs/sbt_ec168a1a/target/ec0caa91/1296d6b9/jmh-core-1.37.jar)
[info] WARNING: Please consider reporting this to the maintainers of class org.openjdk.jmh.util.Utils
[info] WARNING: sun.misc.Unsafe::objectFieldOffset will be removed in a future release
[info] # Warmup Iteration   1: 20,491 ops/s
[info] # Warmup Iteration   2: 21,580 ops/s
[info] # Warmup Iteration   3: 20,259 ops/s
[info] # Warmup Iteration   4: 21,127 ops/s
[info] # Warmup Iteration   5: 22,148 ops/s
[info] # Warmup Iteration   6: 22,137 ops/s
[info] # Warmup Iteration   7: 22,551 ops/s
[info] # Warmup Iteration   8: 22,307 ops/s
[info] # Warmup Iteration   9: 22,223 ops/s
[info] # Warmup Iteration  10: 22,236 ops/s
[info] Iteration   1: 21,966 ops/s
[info]                  client.cpu:         9,532 ms/batch
[info]                  gc.alloc.rate:      1,456 MB/sec
[info]                  gc.alloc.rate.norm: 69530,545 B/op
[info]                  gc.count:           ≈ 0 counts
[info] Iteration   2: 22,268 ops/s
[info]                  client.cpu:         9,691 ms/batch
[info]                  gc.alloc.rate:      1,481 MB/sec
[info]                  gc.alloc.rate.norm: 69753,391 B/op
[info]                  gc.count:           ≈ 0 counts
[info] Iteration   3: 22,383 ops/s
[info]                  client.cpu:         9,122 ms/batch
[info]                  gc.alloc.rate:      1,487 MB/sec
[info]                  gc.alloc.rate.norm: 69673,739 B/op
[info]                  gc.count:           ≈ 0 counts
[info] Iteration   4: 22,366 ops/s
[info]                  client.cpu:         9,377 ms/batch
[info]                  gc.alloc.rate:      1,487 MB/sec
[info]                  gc.alloc.rate.norm: 69741,565 B/op
[info]                  gc.count:           ≈ 0 counts
[info] Iteration   5: 22,028 ops/s
[info]                  client.cpu:         9,674 ms/batch
[info]                  gc.alloc.rate:      1,189 MB/sec
[info]                  gc.alloc.rate.norm: 73468,522 B/op
[info]                  gc.count:           ≈ 0 counts
[info] # Run progress: 20,83% complete, ETA 00:26:49
[info] # Fork: 3 of 3
[info] WARNING: A terminally deprecated method in sun.misc.Unsafe has been called
[info] WARNING: sun.misc.Unsafe::objectFieldOffset has been called by org.openjdk.jmh.util.Utils (file:/Users/stas/projects/scala-effect-bench/target/bg-jobs/sbt_ec168a1a/target/ec0caa91/1296d6b9/jmh-core-1.37.jar)
[info] WARNING: Please consider reporting this to the maintainers of class org.openjdk.jmh.util.Utils
[info] WARNING: sun.misc.Unsafe::objectFieldOffset will be removed in a future release
[info] # Warmup Iteration   1: 21,602 ops/s
[info] # Warmup Iteration   2: 22,071 ops/s
[info] # Warmup Iteration   3: 22,353 ops/s
[info] # Warmup Iteration   4: 22,388 ops/s
[info] # Warmup Iteration   5: 22,134 ops/s
[info] # Warmup Iteration   6: 22,377 ops/s
[info] # Warmup Iteration   7: 22,585 ops/s
[info] # Warmup Iteration   8: 22,475 ops/s
[info] # Warmup Iteration   9: 22,034 ops/s
[info] # Warmup Iteration  10: 22,111 ops/s
[info] Iteration   1: 21,999 ops/s
[info]                  client.cpu:         9,607 ms/batch
[info]                  gc.alloc.rate:      1,478 MB/sec
[info]                  gc.alloc.rate.norm: 70436,522 B/op
[info]                  gc.count:           ≈ 0 counts
[info] Iteration   2: 22,254 ops/s
[info]                  client.cpu:         9,749 ms/batch
[info]                  gc.alloc.rate:      1,486 MB/sec
[info]                  gc.alloc.rate.norm: 70039,652 B/op
[info]                  gc.count:           ≈ 0 counts
[info] Iteration   3: 22,210 ops/s
[info]                  client.cpu:         9,409 ms/batch
[info]                  gc.alloc.rate:      1,491 MB/sec
[info]                  gc.alloc.rate.norm: 70400,000 B/op
[info]                  gc.count:           ≈ 0 counts
[info] Iteration   4: 22,698 ops/s
[info]                  client.cpu:         8,554 ms/batch
[info]                  gc.alloc.rate:      1,521 MB/sec
[info]                  gc.alloc.rate.norm: 70278,261 B/op
[info]                  gc.count:           ≈ 0 counts
[info] Iteration   5: 22,075 ops/s
[info]                  client.cpu:         9,812 ms/batch
[info]                  gc.alloc.rate:      1,191 MB/sec
[info]                  gc.alloc.rate.norm: 74219,826 B/op
[info]                  gc.count:           ≈ 0 counts
[info] Result "bench.io.IoBench.requests":
[info]   21,316 ±(99.9%) 1,454 ops/s [Average]
[info]   (min, avg, max) = (18,775, 21,316, 22,698), stdev = 1,360
[info]   CI (99.9%): [19,862, 22,771] (assumes normal distribution)
[info] Secondary result "bench.io.IoBench.requests:client.cpu":
[info]   10,202 ±(99.9%) 1,268 ms/batch [Average]
[info]   (min, avg, max) = (8,554, 10,202, 12,576), stdev = 1,186
[info]   CI (99.9%): [8,934, 11,469] (assumes normal distribution)
[info] Secondary result "bench.io.IoBench.requests:gc.alloc.rate":
[info]   1,367 ±(99.9%) 0,155 MB/sec [Average]
[info]   (min, avg, max) = (1,061, 1,367, 1,521), stdev = 0,145
[info]   CI (99.9%): [1,212, 1,522] (assumes normal distribution)
[info] Secondary result "bench.io.IoBench.requests:gc.alloc.rate.norm":
[info]   70781,159 ±(99.9%) 1859,701 B/op [Average]
[info]   (min, avg, max) = (69530,545, 70781,159, 74549,600), stdev = 1739,565
[info]   CI (99.9%): [68921,459, 72640,860] (assumes normal distribution)
[info] Secondary result "bench.io.IoBench.requests:gc.count":
[info]   ≈ 0 counts
[info] # JMH version: 1.37
[info] # VM version: JDK 25.0.3, Java HotSpot(TM) 64-Bit Server VM, 25.0.3+9-LTS-195
[info] # VM invoker: /Users/stas/.sdkman/candidates/java/25.0.3-oracle/bin/java
[info] # VM options: --add-opens=java.base/java.lang=ALL-UNNAMED -Xms2g -Xmx2g -XX:+UseG1GC --add-opens=java.base/java.lang=ALL-UNNAMED -Xms2g -Xmx2g -XX:+UseG1GC
[info] # Blackhole mode: compiler (auto-detected, use -Djmh.blackhole.autoDetect=false to disable)
[info] # Warmup: 10 iterations, 1 s each
[info] # Measurement: 5 iterations, 1 s each
[info] # Timeout: 10 min per iteration
[info] # Threads: 1 thread, will synchronize iterations
[info] # Benchmark mode: Throughput, ops/time
[info] # Benchmark: bench.io.IoBench.requests
[info] # Parameters: (delayMicros = 1000, parallelism = 8, runtime = ox, size = 256, transport = nonblocking)
[info] # Run progress: 21,88% complete, ETA 00:26:29
[info] # Fork: 1 of 3
[info] WARNING: A terminally deprecated method in sun.misc.Unsafe has been called
[info] WARNING: sun.misc.Unsafe::objectFieldOffset has been called by org.openjdk.jmh.util.Utils (file:/Users/stas/projects/scala-effect-bench/target/bg-jobs/sbt_ec168a1a/target/ec0caa91/1296d6b9/jmh-core-1.37.jar)
[info] WARNING: Please consider reporting this to the maintainers of class org.openjdk.jmh.util.Utils
[info] WARNING: sun.misc.Unsafe::objectFieldOffset will be removed in a future release
[info] # Warmup Iteration   1: 21,218 ops/s
[info] # Warmup Iteration   2: 22,001 ops/s
[info] # Warmup Iteration   3: 21,703 ops/s
[info] # Warmup Iteration   4: 21,889 ops/s
[info] # Warmup Iteration   5: 22,009 ops/s
[info] # Warmup Iteration   6: 21,689 ops/s
[info] # Warmup Iteration   7: 21,935 ops/s
[info] # Warmup Iteration   8: 22,400 ops/s
[info] # Warmup Iteration   9: 22,062 ops/s
[info] # Warmup Iteration  10: 22,099 ops/s
[info] Iteration   1: 21,815 ops/s
[info]                  client.cpu:         10,070 ms/batch
[info]                  gc.alloc.rate:      4,211 MB/sec
[info]                  gc.alloc.rate.norm: 202451,636 B/op
[info]                  gc.count:           ≈ 0 counts
[info] Iteration   2: 21,730 ops/s
[info]                  client.cpu:         10,192 ms/batch
[info]                  gc.alloc.rate:      4,228 MB/sec
[info]                  gc.alloc.rate.norm: 204060,000 B/op
[info]                  gc.count:           ≈ 0 counts
[info] Iteration   3: 22,096 ops/s
[info]                  client.cpu:         9,912 ms/batch
[info]                  gc.alloc.rate:      4,318 MB/sec
[info]                  gc.alloc.rate.norm: 204909,565 B/op
[info]                  gc.count:           ≈ 0 counts
[info] Iteration   4: 21,889 ops/s
[info]                  client.cpu:         10,885 ms/batch
[info]                  gc.alloc.rate:      4,272 MB/sec
[info]                  gc.alloc.rate.norm: 204698,909 B/op
[info]                  gc.count:           ≈ 0 counts
[info] Iteration   5: 21,946 ops/s
[info]                  client.cpu:         9,962 ms/batch
[info]                  gc.alloc.rate:      3,303 MB/sec
[info]                  gc.alloc.rate.norm: 208441,818 B/op
[info]                  gc.count:           ≈ 0 counts
[info] # Run progress: 22,92% complete, ETA 00:26:07
[info] # Fork: 2 of 3
[info] WARNING: A terminally deprecated method in sun.misc.Unsafe has been called
[info] WARNING: sun.misc.Unsafe::objectFieldOffset has been called by org.openjdk.jmh.util.Utils (file:/Users/stas/projects/scala-effect-bench/target/bg-jobs/sbt_ec168a1a/target/ec0caa91/1296d6b9/jmh-core-1.37.jar)
[info] WARNING: Please consider reporting this to the maintainers of class org.openjdk.jmh.util.Utils
[info] WARNING: sun.misc.Unsafe::objectFieldOffset will be removed in a future release
[info] # Warmup Iteration   1: 21,386 ops/s
[info] # Warmup Iteration   2: 21,925 ops/s
[info] # Warmup Iteration   3: 21,875 ops/s
[info] # Warmup Iteration   4: 22,042 ops/s
[info] # Warmup Iteration   5: 22,107 ops/s
[info] # Warmup Iteration   6: 22,154 ops/s
[info] # Warmup Iteration   7: 22,183 ops/s
[info] # Warmup Iteration   8: 22,339 ops/s
[info] # Warmup Iteration   9: 22,108 ops/s
[info] # Warmup Iteration  10: 22,050 ops/s
[info] Iteration   1: 21,775 ops/s
[info]                  client.cpu:         9,721 ms/batch
[info]                  gc.alloc.rate:      4,262 MB/sec
[info]                  gc.alloc.rate.norm: 205260,727 B/op
[info]                  gc.count:           ≈ 0 counts
[info] Iteration   2: 22,000 ops/s
[info]                  client.cpu:         9,459 ms/batch
[info]                  gc.alloc.rate:      4,291 MB/sec
[info]                  gc.alloc.rate.norm: 204548,870 B/op
[info]                  gc.count:           ≈ 0 counts
[info] Iteration   3: 22,000 ops/s
[info]                  client.cpu:         9,205 ms/batch
[info]                  gc.alloc.rate:      4,294 MB/sec
[info]                  gc.alloc.rate.norm: 204710,261 B/op
[info]                  gc.count:           ≈ 0 counts
[info] Iteration   4: 22,015 ops/s
[info]                  client.cpu:         9,230 ms/batch
[info]                  gc.alloc.rate:      4,293 MB/sec
[info]                  gc.alloc.rate.norm: 204495,652 B/op
[info]                  gc.count:           ≈ 0 counts
[info] Iteration   5: 22,190 ops/s
[info]                  client.cpu:         9,632 ms/batch
[info]                  gc.alloc.rate:      3,393 MB/sec
[info]                  gc.alloc.rate.norm: 209485,565 B/op
[info]                  gc.count:           ≈ 0 counts
[info] # Run progress: 23,96% complete, ETA 00:25:46
[info] # Fork: 3 of 3
[info] WARNING: A terminally deprecated method in sun.misc.Unsafe has been called
[info] WARNING: sun.misc.Unsafe::objectFieldOffset has been called by org.openjdk.jmh.util.Utils (file:/Users/stas/projects/scala-effect-bench/target/bg-jobs/sbt_ec168a1a/target/ec0caa91/1296d6b9/jmh-core-1.37.jar)
[info] WARNING: Please consider reporting this to the maintainers of class org.openjdk.jmh.util.Utils
[info] WARNING: sun.misc.Unsafe::objectFieldOffset will be removed in a future release
[info] # Warmup Iteration   1: 21,435 ops/s
[info] # Warmup Iteration   2: 22,048 ops/s
[info] # Warmup Iteration   3: 21,869 ops/s
[info] # Warmup Iteration   4: 21,858 ops/s
[info] # Warmup Iteration   5: 22,031 ops/s
[info] # Warmup Iteration   6: 22,203 ops/s
[info] # Warmup Iteration   7: 22,198 ops/s
[info] # Warmup Iteration   8: 22,215 ops/s
[info] # Warmup Iteration   9: 22,181 ops/s
[info] # Warmup Iteration  10: 21,878 ops/s
[info] Iteration   1: 21,848 ops/s
[info]                  client.cpu:         8,845 ms/batch
[info]                  gc.alloc.rate:      4,230 MB/sec
[info]                  gc.alloc.rate.norm: 203061,818 B/op
[info]                  gc.count:           ≈ 0 counts
[info] Iteration   2: 21,875 ops/s
[info]                  client.cpu:         9,424 ms/batch
[info]                  gc.alloc.rate:      4,252 MB/sec
[info]                  gc.alloc.rate.norm: 203851,130 B/op
[info]                  gc.count:           ≈ 0 counts
[info] Iteration   3: 21,897 ops/s
[info]                  client.cpu:         9,006 ms/batch
[info]                  gc.alloc.rate:      4,248 MB/sec
[info]                  gc.alloc.rate.norm: 203440,000 B/op
[info]                  gc.count:           ≈ 0 counts
[info] Iteration   4: 21,704 ops/s
[info]                  client.cpu:         9,037 ms/batch
[info]                  gc.alloc.rate:      4,221 MB/sec
[info]                  gc.alloc.rate.norm: 203967,636 B/op
[info]                  gc.count:           ≈ 0 counts
[info] Iteration   5: 21,796 ops/s
[info]                  client.cpu:         9,133 ms/batch
[info]                  gc.alloc.rate:      3,305 MB/sec
[info]                  gc.alloc.rate.norm: 208866,182 B/op
[info]                  gc.count:           ≈ 0 counts
[info] Result "bench.io.IoBench.requests":
[info]   21,905 ±(99.9%) 0,146 ops/s [Average]
[info]   (min, avg, max) = (21,704, 21,905, 22,190), stdev = 0,137
[info]   CI (99.9%): [21,759, 22,051] (assumes normal distribution)
[info] Secondary result "bench.io.IoBench.requests:client.cpu":
[info]   9,581 ±(99.9%) 0,590 ms/batch [Average]
[info]   (min, avg, max) = (8,845, 9,581, 10,885), stdev = 0,552
[info]   CI (99.9%): [8,991, 10,171] (assumes normal distribution)
[info] Secondary result "bench.io.IoBench.requests:gc.alloc.rate":
[info]   4,075 ±(99.9%) 0,412 MB/sec [Average]
[info]   (min, avg, max) = (3,303, 4,075, 4,318), stdev = 0,385
[info]   CI (99.9%): [3,663, 4,487] (assumes normal distribution)
[info] Secondary result "bench.io.IoBench.requests:gc.alloc.rate.norm":
[info]   205083,318 ±(99.9%) 2276,297 B/op [Average]
[info]   (min, avg, max) = (202451,636, 205083,318, 209485,565), stdev = 2129,250
[info]   CI (99.9%): [202807,021, 207359,615] (assumes normal distribution)
[info] Secondary result "bench.io.IoBench.requests:gc.count":
[info]   ≈ 0 counts
[info] # JMH version: 1.37
[info] # VM version: JDK 25.0.3, Java HotSpot(TM) 64-Bit Server VM, 25.0.3+9-LTS-195
[info] # VM invoker: /Users/stas/.sdkman/candidates/java/25.0.3-oracle/bin/java
[info] # VM options: --add-opens=java.base/java.lang=ALL-UNNAMED -Xms2g -Xmx2g -XX:+UseG1GC --add-opens=java.base/java.lang=ALL-UNNAMED -Xms2g -Xmx2g -XX:+UseG1GC
[info] # Blackhole mode: compiler (auto-detected, use -Djmh.blackhole.autoDetect=false to disable)
[info] # Warmup: 10 iterations, 1 s each
[info] # Measurement: 5 iterations, 1 s each
[info] # Timeout: 10 min per iteration
[info] # Threads: 1 thread, will synchronize iterations
[info] # Benchmark mode: Throughput, ops/time
[info] # Benchmark: bench.io.IoBench.requests
[info] # Parameters: (delayMicros = 1000, parallelism = 64, runtime = ce, size = 256, transport = blocking)
[info] # Run progress: 25,00% complete, ETA 00:25:24
[info] # Fork: 1 of 3
[info] WARNING: A terminally deprecated method in sun.misc.Unsafe has been called
[info] WARNING: sun.misc.Unsafe::objectFieldOffset has been called by org.openjdk.jmh.util.Utils (file:/Users/stas/projects/scala-effect-bench/target/bg-jobs/sbt_ec168a1a/target/ec0caa91/1296d6b9/jmh-core-1.37.jar)
[info] WARNING: Please consider reporting this to the maintainers of class org.openjdk.jmh.util.Utils
[info] WARNING: sun.misc.Unsafe::objectFieldOffset will be removed in a future release
[info] # Warmup Iteration   1: 132,140 ops/s
[info] # Warmup Iteration   2: 152,023 ops/s
[info] # Warmup Iteration   3: 148,792 ops/s
[info] # Warmup Iteration   4: 146,879 ops/s
[info] # Warmup Iteration   5: 148,685 ops/s
[info] # Warmup Iteration   6: 148,771 ops/s
[info] # Warmup Iteration   7: 140,825 ops/s
[info] # Warmup Iteration   8: 145,665 ops/s
[info] # Warmup Iteration   9: 149,440 ops/s
[info] # Warmup Iteration  10: 147,088 ops/s
[info] Iteration   1: 145,606 ops/s
[info]                  client.cpu:         9,888 ms/batch
[info]                  gc.alloc.rate:      51,737 MB/sec
[info]                  gc.alloc.rate.norm: 372622,639 B/op
[info]                  gc.count:           ≈ 0 counts
[info] Iteration   2: 151,169 ops/s
[info]                  client.cpu:         8,339 ms/batch
[info]                  gc.alloc.rate:      53,795 MB/sec
[info]                  gc.alloc.rate.norm: 373206,947 B/op
[info]                  gc.count:           ≈ 0 counts
[info] Iteration   3: 143,323 ops/s
[info]                  client.cpu:         8,782 ms/batch
[info]                  gc.alloc.rate:      50,901 MB/sec
[info]                  gc.alloc.rate.norm: 372453,556 B/op
[info]                  gc.count:           ≈ 0 counts
[info] Iteration   4: 145,630 ops/s
[info]                  client.cpu:         8,169 ms/batch
[info]                  gc.alloc.rate:      51,696 MB/sec
[info]                  gc.alloc.rate.norm: 372271,068 B/op
[info]                  gc.count:           1,000 counts
[info]                  gc.time:            2,000 ms
[info] Iteration   5: 150,172 ops/s
[info]                  client.cpu:         8,701 ms/batch
[info]                  gc.alloc.rate:      40,532 MB/sec
[info]                  gc.alloc.rate.norm: 373131,285 B/op
[info]                  gc.count:           ≈ 0 counts
[info] # Run progress: 26,04% complete, ETA 00:25:02
[info] # Fork: 2 of 3
[info] WARNING: A terminally deprecated method in sun.misc.Unsafe has been called
[info] WARNING: sun.misc.Unsafe::objectFieldOffset has been called by org.openjdk.jmh.util.Utils (file:/Users/stas/projects/scala-effect-bench/target/bg-jobs/sbt_ec168a1a/target/ec0caa91/1296d6b9/jmh-core-1.37.jar)
[info] WARNING: Please consider reporting this to the maintainers of class org.openjdk.jmh.util.Utils
[info] WARNING: sun.misc.Unsafe::objectFieldOffset will be removed in a future release
[info] # Warmup Iteration   1: 130,815 ops/s
[info] # Warmup Iteration   2: 149,326 ops/s
[info] # Warmup Iteration   3: 147,534 ops/s
[info] # Warmup Iteration   4: 144,960 ops/s
[info] # Warmup Iteration   5: 147,446 ops/s
[info] # Warmup Iteration   6: 148,786 ops/s
[info] # Warmup Iteration   7: 148,393 ops/s
[info] # Warmup Iteration   8: 150,993 ops/s
[info] # Warmup Iteration   9: 150,923 ops/s
[info] # Warmup Iteration  10: 150,625 ops/s
[info] Iteration   1: 149,673 ops/s
[info]                  client.cpu:         8,236 ms/batch
[info]                  gc.alloc.rate:      53,251 MB/sec
[info]                  gc.alloc.rate.norm: 373100,768 B/op
[info]                  gc.count:           ≈ 0 counts
[info] Iteration   2: 153,383 ops/s
[info]                  client.cpu:         8,751 ms/batch
[info]                  gc.alloc.rate:      54,588 MB/sec
[info]                  gc.alloc.rate.norm: 373225,766 B/op
[info]                  gc.count:           ≈ 0 counts
[info] Iteration   3: 150,835 ops/s
[info]                  client.cpu:         8,677 ms/batch
[info]                  gc.alloc.rate:      53,645 MB/sec
[info]                  gc.alloc.rate.norm: 372970,526 B/op
[info]                  gc.count:           ≈ 0 counts
[info] Iteration   4: 149,303 ops/s
[info]                  client.cpu:         9,423 ms/batch
[info]                  gc.alloc.rate:      53,077 MB/sec
[info]                  gc.alloc.rate.norm: 372827,733 B/op
[info]                  gc.count:           ≈ 0 counts
[info] Iteration   5: 151,111 ops/s
[info]                  client.cpu:         7,358 ms/batch
[info]                  gc.alloc.rate:      40,959 MB/sec
[info]                  gc.alloc.rate.norm: 373929,789 B/op
[info]                  gc.count:           ≈ 0 counts
[info] # Run progress: 27,08% complete, ETA 00:24:40
[info] # Fork: 3 of 3
[info] WARNING: A terminally deprecated method in sun.misc.Unsafe has been called
[info] WARNING: sun.misc.Unsafe::objectFieldOffset has been called by org.openjdk.jmh.util.Utils (file:/Users/stas/projects/scala-effect-bench/target/bg-jobs/sbt_ec168a1a/target/ec0caa91/1296d6b9/jmh-core-1.37.jar)
[info] WARNING: Please consider reporting this to the maintainers of class org.openjdk.jmh.util.Utils
[info] WARNING: sun.misc.Unsafe::objectFieldOffset will be removed in a future release
[info] # Warmup Iteration   1: 132,901 ops/s
[info] # Warmup Iteration   2: 157,285 ops/s
[info] # Warmup Iteration   3: 145,553 ops/s
[info] # Warmup Iteration   4: 149,263 ops/s
[info] # Warmup Iteration   5: 147,618 ops/s
[info] # Warmup Iteration   6: 150,570 ops/s
[info] # Warmup Iteration   7: 150,018 ops/s
[info] # Warmup Iteration   8: 149,190 ops/s
[info] # Warmup Iteration   9: 147,630 ops/s
[info] # Warmup Iteration  10: 153,310 ops/s
[info] Iteration   1: 152,212 ops/s
[info]                  client.cpu:         8,645 ms/batch
[info]                  gc.alloc.rate:      54,591 MB/sec
[info]                  gc.alloc.rate.norm: 376116,706 B/op
[info]                  gc.count:           ≈ 0 counts
[info] Iteration   2: 149,168 ops/s
[info]                  client.cpu:         9,204 ms/batch
[info]                  gc.alloc.rate:      53,484 MB/sec
[info]                  gc.alloc.rate.norm: 376018,560 B/op
[info]                  gc.count:           ≈ 0 counts
[info] Iteration   3: 148,291 ops/s
[info]                  client.cpu:         8,894 ms/batch
[info]                  gc.alloc.rate:      53,125 MB/sec
[info]                  gc.alloc.rate.norm: 375697,987 B/op
[info]                  gc.count:           ≈ 0 counts
[info] Iteration   4: 146,757 ops/s
[info]                  client.cpu:         8,953 ms/batch
[info]                  gc.alloc.rate:      52,578 MB/sec
[info]                  gc.alloc.rate.norm: 375714,432 B/op
[info]                  gc.count:           1,000 counts
[info]                  gc.time:            2,000 ms
[info] Iteration   5: 148,430 ops/s
[info]                  client.cpu:         9,263 ms/batch
[info]                  gc.alloc.rate:      40,397 MB/sec
[info]                  gc.alloc.rate.norm: 376605,154 B/op
[info]                  gc.count:           ≈ 0 counts
[info] Result "bench.io.IoBench.requests":
[info]   149,004 ±(99.9%) 2,927 ops/s [Average]
[info]   (min, avg, max) = (143,323, 149,004, 153,383), stdev = 2,738
[info]   CI (99.9%): [146,077, 151,932] (assumes normal distribution)
[info] Secondary result "bench.io.IoBench.requests:client.cpu":
[info]   8,752 ±(99.9%) 0,639 ms/batch [Average]
[info]   (min, avg, max) = (7,358, 8,752, 9,888), stdev = 0,598
[info]   CI (99.9%): [8,113, 9,392] (assumes normal distribution)
[info] Secondary result "bench.io.IoBench.requests:gc.alloc.rate":
[info]   50,557 ±(99.9%) 5,599 MB/sec [Average]
[info]   (min, avg, max) = (40,397, 50,557, 54,591), stdev = 5,237
[info]   CI (99.9%): [44,958, 56,156] (assumes normal distribution)
[info] Secondary result "bench.io.IoBench.requests:gc.alloc.rate.norm":
[info]   373992,861 ±(99.9%) 1657,954 B/op [Average]
[info]   (min, avg, max) = (372271,068, 373992,861, 376605,154), stdev = 1550,851
[info]   CI (99.9%): [372334,907, 375650,815] (assumes normal distribution)
[info] Secondary result "bench.io.IoBench.requests:gc.count":
[info]   2,000 ±(99.9%) 0,001 counts [Sum]
[info]   (min, avg, max) = (≈ 0, 0,133, 1,000), stdev = 0,352
[info]   CI (99.9%): [2,000, 2,000] (assumes normal distribution)
[info] Secondary result "bench.io.IoBench.requests:gc.time":
[info]   4,000 ±(99.9%) 0,001 ms [Sum]
[info]   (min, avg, max) = (≈ 0, 0,267, 2,000), stdev = 0,704
[info]   CI (99.9%): [4,000, 4,000] (assumes normal distribution)
[info] # JMH version: 1.37
[info] # VM version: JDK 25.0.3, Java HotSpot(TM) 64-Bit Server VM, 25.0.3+9-LTS-195
[info] # VM invoker: /Users/stas/.sdkman/candidates/java/25.0.3-oracle/bin/java
[info] # VM options: --add-opens=java.base/java.lang=ALL-UNNAMED -Xms2g -Xmx2g -XX:+UseG1GC --add-opens=java.base/java.lang=ALL-UNNAMED -Xms2g -Xmx2g -XX:+UseG1GC
[info] # Blackhole mode: compiler (auto-detected, use -Djmh.blackhole.autoDetect=false to disable)
[info] # Warmup: 10 iterations, 1 s each
[info] # Measurement: 5 iterations, 1 s each
[info] # Timeout: 10 min per iteration
[info] # Threads: 1 thread, will synchronize iterations
[info] # Benchmark mode: Throughput, ops/time
[info] # Benchmark: bench.io.IoBench.requests
[info] # Parameters: (delayMicros = 1000, parallelism = 64, runtime = ce, size = 256, transport = nonblocking)
[info] # Run progress: 28,13% complete, ETA 00:24:18
[info] # Fork: 1 of 3
[info] WARNING: A terminally deprecated method in sun.misc.Unsafe has been called
[info] WARNING: sun.misc.Unsafe::objectFieldOffset has been called by org.openjdk.jmh.util.Utils (file:/Users/stas/projects/scala-effect-bench/target/bg-jobs/sbt_ec168a1a/target/ec0caa91/1296d6b9/jmh-core-1.37.jar)
[info] WARNING: Please consider reporting this to the maintainers of class org.openjdk.jmh.util.Utils
[info] WARNING: sun.misc.Unsafe::objectFieldOffset will be removed in a future release
[info] # Warmup Iteration   1: 119,861 ops/s
[info] # Warmup Iteration   2: 138,079 ops/s
[info] # Warmup Iteration   3: 140,329 ops/s
[info] # Warmup Iteration   4: 140,949 ops/s
[info] # Warmup Iteration   5: 140,804 ops/s
[info] # Warmup Iteration   6: 140,920 ops/s
[info] # Warmup Iteration   7: 142,813 ops/s
[info] # Warmup Iteration   8: 142,652 ops/s
[info] # Warmup Iteration   9: 140,900 ops/s
[info] # Warmup Iteration  10: 141,615 ops/s
[info] Iteration   1: 140,402 ops/s
[info]                  client.cpu:         5,620 ms/batch
[info]                  gc.alloc.rate:      79,365 MB/sec
[info]                  gc.alloc.rate.norm: 592791,773 B/op
[info]                  gc.count:           1,000 counts
[info]                  gc.time:            2,000 ms
[info] Iteration   2: 141,700 ops/s
[info]                  client.cpu:         5,680 ms/batch
[info]                  gc.alloc.rate:      80,113 MB/sec
[info]                  gc.alloc.rate.norm: 592905,408 B/op
[info]                  gc.count:           ≈ 0 counts
[info] Iteration   3: 140,665 ops/s
[info]                  client.cpu:         6,186 ms/batch
[info]                  gc.alloc.rate:      79,516 MB/sec
[info]                  gc.alloc.rate.norm: 592841,248 B/op
[info]                  gc.count:           ≈ 0 counts
[info] Iteration   4: 142,196 ops/s
[info]                  client.cpu:         5,721 ms/batch
[info]                  gc.alloc.rate:      80,384 MB/sec
[info]                  gc.alloc.rate.norm: 592830,434 B/op
[info]                  gc.count:           ≈ 0 counts
[info] Iteration   5: 142,299 ops/s
[info]                  client.cpu:         5,691 ms/batch
[info]                  gc.alloc.rate:      60,997 MB/sec
[info]                  gc.alloc.rate.norm: 593726,825 B/op
[info]                  gc.count:           ≈ 0 counts
[info] # Run progress: 29,17% complete, ETA 00:23:56
[info] # Fork: 2 of 3
[info] WARNING: A terminally deprecated method in sun.misc.Unsafe has been called
[info] WARNING: sun.misc.Unsafe::objectFieldOffset has been called by org.openjdk.jmh.util.Utils (file:/Users/stas/projects/scala-effect-bench/target/bg-jobs/sbt_ec168a1a/target/ec0caa91/1296d6b9/jmh-core-1.37.jar)
[info] WARNING: Please consider reporting this to the maintainers of class org.openjdk.jmh.util.Utils
[info] WARNING: sun.misc.Unsafe::objectFieldOffset will be removed in a future release
[info] # Warmup Iteration   1: 116,249 ops/s
[info] # Warmup Iteration   2: 139,134 ops/s
[info] # Warmup Iteration   3: 138,570 ops/s
[info] # Warmup Iteration   4: 141,340 ops/s
[info] # Warmup Iteration   5: 142,225 ops/s
[info] # Warmup Iteration   6: 142,297 ops/s
[info] # Warmup Iteration   7: 140,682 ops/s
[info] # Warmup Iteration   8: 142,022 ops/s
[info] # Warmup Iteration   9: 142,144 ops/s
[info] # Warmup Iteration  10: 141,867 ops/s
[info] Iteration   1: 139,617 ops/s
[info]                  client.cpu:         5,847 ms/batch
[info]                  gc.alloc.rate:      78,917 MB/sec
[info]                  gc.alloc.rate.norm: 592770,286 B/op
[info]                  gc.count:           1,000 counts
[info]                  gc.time:            2,000 ms
[info] Iteration   2: 144,416 ops/s
[info]                  client.cpu:         5,975 ms/batch
[info]                  gc.alloc.rate:      81,693 MB/sec
[info]                  gc.alloc.rate.norm: 593233,766 B/op
[info]                  gc.count:           ≈ 0 counts
[info] Iteration   3: 145,019 ops/s
[info]                  client.cpu:         6,280 ms/batch
[info]                  gc.alloc.rate:      82,023 MB/sec
[info]                  gc.alloc.rate.norm: 593159,945 B/op
[info]                  gc.count:           ≈ 0 counts
[info] Iteration   4: 141,196 ops/s
[info]                  client.cpu:         5,699 ms/batch
[info]                  gc.alloc.rate:      79,807 MB/sec
[info]                  gc.alloc.rate.norm: 592739,662 B/op
[info]                  gc.count:           ≈ 0 counts
[info] Iteration   5: 142,691 ops/s
[info]                  client.cpu:         5,955 ms/batch
[info]                  gc.alloc.rate:      61,120 MB/sec
[info]                  gc.alloc.rate.norm: 593610,556 B/op
[info]                  gc.count:           ≈ 0 counts
[info] # Run progress: 30,21% complete, ETA 00:23:35
[info] # Fork: 3 of 3
[info] WARNING: A terminally deprecated method in sun.misc.Unsafe has been called
[info] WARNING: sun.misc.Unsafe::objectFieldOffset has been called by org.openjdk.jmh.util.Utils (file:/Users/stas/projects/scala-effect-bench/target/bg-jobs/sbt_ec168a1a/target/ec0caa91/1296d6b9/jmh-core-1.37.jar)
[info] WARNING: Please consider reporting this to the maintainers of class org.openjdk.jmh.util.Utils
[info] WARNING: sun.misc.Unsafe::objectFieldOffset will be removed in a future release
[info] # Warmup Iteration   1: 114,336 ops/s
[info] # Warmup Iteration   2: 139,790 ops/s
[info] # Warmup Iteration   3: 139,679 ops/s
[info] # Warmup Iteration   4: 140,665 ops/s
[info] # Warmup Iteration   5: 143,674 ops/s
[info] # Warmup Iteration   6: 139,211 ops/s
[info] # Warmup Iteration   7: 141,400 ops/s
[info] # Warmup Iteration   8: 141,563 ops/s
[info] # Warmup Iteration   9: 142,900 ops/s
[info] # Warmup Iteration  10: 141,411 ops/s
[info] Iteration   1: 141,421 ops/s
[info]                  client.cpu:         5,752 ms/batch
[info]                  gc.alloc.rate:      79,945 MB/sec
[info]                  gc.alloc.rate.norm: 592846,704 B/op
[info]                  gc.count:           ≈ 0 counts
[info] Iteration   2: 140,891 ops/s
[info]                  client.cpu:         5,789 ms/batch
[info]                  gc.alloc.rate:      79,656 MB/sec
[info]                  gc.alloc.rate.norm: 592915,007 B/op
[info]                  gc.count:           ≈ 0 counts
[info] Iteration   3: 143,640 ops/s
[info]                  client.cpu:         6,305 ms/batch
[info]                  gc.alloc.rate:      81,226 MB/sec
[info]                  gc.alloc.rate.norm: 593031,056 B/op
[info]                  gc.count:           ≈ 0 counts
[info] Iteration   4: 141,773 ops/s
[info]                  client.cpu:         5,758 ms/batch
[info]                  gc.alloc.rate:      80,127 MB/sec
[info]                  gc.alloc.rate.norm: 592714,197 B/op
[info]                  gc.count:           ≈ 0 counts
[info] Iteration   5: 138,663 ops/s
[info]                  client.cpu:         5,719 ms/batch
[info]                  gc.alloc.rate:      59,405 MB/sec
[info]                  gc.alloc.rate.norm: 593558,273 B/op
[info]                  gc.count:           ≈ 0 counts
[info] Result "bench.io.IoBench.requests":
[info]   141,772 ±(99.9%) 1,829 ops/s [Average]
[info]   (min, avg, max) = (138,663, 141,772, 145,019), stdev = 1,711
[info]   CI (99.9%): [139,944, 143,601] (assumes normal distribution)
[info] Secondary result "bench.io.IoBench.requests:client.cpu":
[info]   5,865 ±(99.9%) 0,241 ms/batch [Average]
[info]   (min, avg, max) = (5,620, 5,865, 6,305), stdev = 0,226
[info]   CI (99.9%): [5,624, 6,106] (assumes normal distribution)
[info] Secondary result "bench.io.IoBench.requests:gc.alloc.rate":
[info]   76,286 ±(99.9%) 8,785 MB/sec [Average]
[info]   (min, avg, max) = (59,405, 76,286, 82,023), stdev = 8,218
[info]   CI (99.9%): [67,501, 85,072] (assumes normal distribution)
[info] Secondary result "bench.io.IoBench.requests:gc.alloc.rate.norm":
[info]   593045,009 ±(99.9%) 361,718 B/op [Average]
[info]   (min, avg, max) = (592714,197, 593045,009, 593726,825), stdev = 338,351
[info]   CI (99.9%): [592683,292, 593406,727] (assumes normal distribution)
[info] Secondary result "bench.io.IoBench.requests:gc.count":
[info]   2,000 ±(99.9%) 0,001 counts [Sum]
[info]   (min, avg, max) = (≈ 0, 0,133, 1,000), stdev = 0,352
[info]   CI (99.9%): [2,000, 2,000] (assumes normal distribution)
[info] Secondary result "bench.io.IoBench.requests:gc.time":
[info]   4,000 ±(99.9%) 0,001 ms [Sum]
[info]   (min, avg, max) = (≈ 0, 0,267, 2,000), stdev = 0,704
[info]   CI (99.9%): [4,000, 4,000] (assumes normal distribution)
[info] # JMH version: 1.37
[info] # VM version: JDK 25.0.3, Java HotSpot(TM) 64-Bit Server VM, 25.0.3+9-LTS-195
[info] # VM invoker: /Users/stas/.sdkman/candidates/java/25.0.3-oracle/bin/java
[info] # VM options: --add-opens=java.base/java.lang=ALL-UNNAMED -Xms2g -Xmx2g -XX:+UseG1GC --add-opens=java.base/java.lang=ALL-UNNAMED -Xms2g -Xmx2g -XX:+UseG1GC
[info] # Blackhole mode: compiler (auto-detected, use -Djmh.blackhole.autoDetect=false to disable)
[info] # Warmup: 10 iterations, 1 s each
[info] # Measurement: 5 iterations, 1 s each
[info] # Timeout: 10 min per iteration
[info] # Threads: 1 thread, will synchronize iterations
[info] # Benchmark mode: Throughput, ops/time
[info] # Benchmark: bench.io.IoBench.requests
[info] # Parameters: (delayMicros = 1000, parallelism = 64, runtime = kyo, size = 256, transport = blocking)
[info] # Run progress: 31,25% complete, ETA 00:23:13
[info] # Fork: 1 of 3
[info] WARNING: A terminally deprecated method in sun.misc.Unsafe has been called
[info] WARNING: sun.misc.Unsafe::objectFieldOffset has been called by org.openjdk.jmh.util.Utils (file:/Users/stas/projects/scala-effect-bench/target/bg-jobs/sbt_ec168a1a/target/ec0caa91/1296d6b9/jmh-core-1.37.jar)
[info] WARNING: Please consider reporting this to the maintainers of class org.openjdk.jmh.util.Utils
[info] WARNING: sun.misc.Unsafe::objectFieldOffset will be removed in a future release
[info] # Warmup Iteration   1: 3,938 ops/s
[info] # Warmup Iteration   2: 4,981 ops/s
[info] # Warmup Iteration   3: 4,950 ops/s
[info] # Warmup Iteration   4: 4,973 ops/s
[info] # Warmup Iteration   5: 4,945 ops/s
[info] # Warmup Iteration   6: 4,982 ops/s
[info] # Warmup Iteration   7: 4,966 ops/s
[info] # Warmup Iteration   8: 4,945 ops/s
[info] # Warmup Iteration   9: 4,965 ops/s
[info] # Warmup Iteration  10: 4,964 ops/s
[info] Iteration   1: 4,965 ops/s
[info]                  client.cpu:         14,512 ms/batch
[info]                  gc.alloc.rate:      1,402 MB/sec
[info]                  gc.alloc.rate.norm: 296166,400 B/op
[info]                  gc.count:           ≈ 0 counts
[info] Iteration   2: 4,957 ops/s
[info]                  client.cpu:         13,658 ms/batch
[info]                  gc.alloc.rate:      1,396 MB/sec
[info]                  gc.alloc.rate.norm: 295313,600 B/op
[info]                  gc.count:           ≈ 0 counts
[info] Iteration   3: 4,957 ops/s
[info]                  client.cpu:         11,822 ms/batch
[info]                  gc.alloc.rate:      1,395 MB/sec
[info]                  gc.alloc.rate.norm: 295102,400 B/op
[info]                  gc.count:           ≈ 0 counts
[info] Iteration   4: 4,971 ops/s
[info]                  client.cpu:         11,643 ms/batch
[info]                  gc.alloc.rate:      1,401 MB/sec
[info]                  gc.alloc.rate.norm: 295672,000 B/op
[info]                  gc.count:           ≈ 0 counts
[info] Iteration   5: 4,972 ops/s
[info]                  client.cpu:         16,763 ms/batch
[info]                  gc.alloc.rate:      1,131 MB/sec
[info]                  gc.alloc.rate.norm: 313688,000 B/op
[info]                  gc.count:           ≈ 0 counts
[info] # Run progress: 32,29% complete, ETA 00:22:52
[info] # Fork: 2 of 3
[info] WARNING: A terminally deprecated method in sun.misc.Unsafe has been called
[info] WARNING: sun.misc.Unsafe::objectFieldOffset has been called by org.openjdk.jmh.util.Utils (file:/Users/stas/projects/scala-effect-bench/target/bg-jobs/sbt_ec168a1a/target/ec0caa91/1296d6b9/jmh-core-1.37.jar)
[info] WARNING: Please consider reporting this to the maintainers of class org.openjdk.jmh.util.Utils
[info] WARNING: sun.misc.Unsafe::objectFieldOffset will be removed in a future release
[info] # Warmup Iteration   1: 3,991 ops/s
[info] # Warmup Iteration   2: 4,966 ops/s
[info] # Warmup Iteration   3: 4,960 ops/s
[info] # Warmup Iteration   4: 4,963 ops/s
[info] # Warmup Iteration   5: 4,970 ops/s
[info] # Warmup Iteration   6: 4,968 ops/s
[info] # Warmup Iteration   7: 4,977 ops/s
[info] # Warmup Iteration   8: 4,979 ops/s
[info] # Warmup Iteration   9: 4,917 ops/s
[info] # Warmup Iteration  10: 4,970 ops/s
[info] Iteration   1: 4,977 ops/s
[info]                  client.cpu:         16,246 ms/batch
[info]                  gc.alloc.rate:      1,405 MB/sec
[info]                  gc.alloc.rate.norm: 296097,600 B/op
[info]                  gc.count:           ≈ 0 counts
[info] Iteration   2: 4,974 ops/s
[info]                  client.cpu:         15,078 ms/batch
[info]                  gc.alloc.rate:      1,401 MB/sec
[info]                  gc.alloc.rate.norm: 295475,200 B/op
[info]                  gc.count:           ≈ 0 counts
[info] Iteration   3: 4,962 ops/s
[info]                  client.cpu:         11,849 ms/batch
[info]                  gc.alloc.rate:      1,398 MB/sec
[info]                  gc.alloc.rate.norm: 295430,400 B/op
[info]                  gc.count:           ≈ 0 counts
[info] Iteration   4: 4,992 ops/s
[info]                  client.cpu:         13,263 ms/batch
[info]                  gc.alloc.rate:      1,406 MB/sec
[info]                  gc.alloc.rate.norm: 295464,000 B/op
[info]                  gc.count:           ≈ 0 counts
[info] Iteration   5: 4,972 ops/s
[info]                  client.cpu:         18,306 ms/batch
[info]                  gc.alloc.rate:      1,130 MB/sec
[info]                  gc.alloc.rate.norm: 313625,600 B/op
[info]                  gc.count:           ≈ 0 counts
[info] # Run progress: 33,33% complete, ETA 00:22:31
[info] # Fork: 3 of 3
[info] WARNING: A terminally deprecated method in sun.misc.Unsafe has been called
[info] WARNING: sun.misc.Unsafe::objectFieldOffset has been called by org.openjdk.jmh.util.Utils (file:/Users/stas/projects/scala-effect-bench/target/bg-jobs/sbt_ec168a1a/target/ec0caa91/1296d6b9/jmh-core-1.37.jar)
[info] WARNING: Please consider reporting this to the maintainers of class org.openjdk.jmh.util.Utils
[info] WARNING: sun.misc.Unsafe::objectFieldOffset will be removed in a future release
[info] # Warmup Iteration   1: 3,926 ops/s
[info] # Warmup Iteration   2: 4,978 ops/s
[info] # Warmup Iteration   3: 4,925 ops/s
[info] # Warmup Iteration   4: 4,953 ops/s
[info] # Warmup Iteration   5: 4,980 ops/s
[info] # Warmup Iteration   6: 4,937 ops/s
[info] # Warmup Iteration   7: 4,952 ops/s
[info] # Warmup Iteration   8: 4,963 ops/s
[info] # Warmup Iteration   9: 4,965 ops/s
[info] # Warmup Iteration  10: 4,968 ops/s
[info] Iteration   1: 4,968 ops/s
[info]                  client.cpu:         14,452 ms/batch
[info]                  gc.alloc.rate:      1,401 MB/sec
[info]                  gc.alloc.rate.norm: 295680,000 B/op
[info]                  gc.count:           ≈ 0 counts
[info] Iteration   2: 4,959 ops/s
[info]                  client.cpu:         13,339 ms/batch
[info]                  gc.alloc.rate:      1,403 MB/sec
[info]                  gc.alloc.rate.norm: 296585,600 B/op
[info]                  gc.count:           ≈ 0 counts
[info] Iteration   3: 4,907 ops/s
[info]                  client.cpu:         13,078 ms/batch
[info]                  gc.alloc.rate:      1,382 MB/sec
[info]                  gc.alloc.rate.norm: 295401,600 B/op
[info]                  gc.count:           ≈ 0 counts
[info] Iteration   4: 4,979 ops/s
[info]                  client.cpu:         13,524 ms/batch
[info]                  gc.alloc.rate:      1,411 MB/sec
[info]                  gc.alloc.rate.norm: 297206,400 B/op
[info]                  gc.count:           ≈ 0 counts
[info] Iteration   5: 4,962 ops/s
[info]                  client.cpu:         18,539 ms/batch
[info]                  gc.alloc.rate:      1,139 MB/sec
[info]                  gc.alloc.rate.norm: 316590,400 B/op
[info]                  gc.count:           ≈ 0 counts
[info] Result "bench.io.IoBench.requests":
[info]   4,965 ±(99.9%) 0,020 ops/s [Average]
[info]   (min, avg, max) = (4,907, 4,965, 4,992), stdev = 0,018
[info]   CI (99.9%): [4,945, 4,985] (assumes normal distribution)
[info] Secondary result "bench.io.IoBench.requests:client.cpu":
[info]   14,405 ±(99.9%) 2,358 ms/batch [Average]
[info]   (min, avg, max) = (11,643, 14,405, 18,539), stdev = 2,205
[info]   CI (99.9%): [12,047, 16,763] (assumes normal distribution)
[info] Secondary result "bench.io.IoBench.requests:gc.alloc.rate":
[info]   1,347 ±(99.9%) 0,118 MB/sec [Average]
[info]   (min, avg, max) = (1,130, 1,347, 1,411), stdev = 0,111
[info]   CI (99.9%): [1,228, 1,465] (assumes normal distribution)
[info] Secondary result "bench.io.IoBench.requests:gc.alloc.rate.norm":
[info]   299566,613 ±(99.9%) 8384,990 B/op [Average]
[info]   (min, avg, max) = (295102,400, 299566,613, 316590,400), stdev = 7843,324
[info]   CI (99.9%): [291181,624, 307951,603] (assumes normal distribution)
[info] Secondary result "bench.io.IoBench.requests:gc.count":
[info]   ≈ 0 counts
[info] # JMH version: 1.37
[info] # VM version: JDK 25.0.3, Java HotSpot(TM) 64-Bit Server VM, 25.0.3+9-LTS-195
[info] # VM invoker: /Users/stas/.sdkman/candidates/java/25.0.3-oracle/bin/java
[info] # VM options: --add-opens=java.base/java.lang=ALL-UNNAMED -Xms2g -Xmx2g -XX:+UseG1GC --add-opens=java.base/java.lang=ALL-UNNAMED -Xms2g -Xmx2g -XX:+UseG1GC
[info] # Blackhole mode: compiler (auto-detected, use -Djmh.blackhole.autoDetect=false to disable)
[info] # Warmup: 10 iterations, 1 s each
[info] # Measurement: 5 iterations, 1 s each
[info] # Timeout: 10 min per iteration
[info] # Threads: 1 thread, will synchronize iterations
[info] # Benchmark mode: Throughput, ops/time
[info] # Benchmark: bench.io.IoBench.requests
[info] # Parameters: (delayMicros = 1000, parallelism = 64, runtime = kyo, size = 256, transport = nonblocking)
[info] # Run progress: 34,38% complete, ETA 00:22:09
[info] # Fork: 1 of 3
[info] WARNING: A terminally deprecated method in sun.misc.Unsafe has been called
[info] WARNING: sun.misc.Unsafe::objectFieldOffset has been called by org.openjdk.jmh.util.Utils (file:/Users/stas/projects/scala-effect-bench/target/bg-jobs/sbt_ec168a1a/target/ec0caa91/1296d6b9/jmh-core-1.37.jar)
[info] WARNING: Please consider reporting this to the maintainers of class org.openjdk.jmh.util.Utils
[info] WARNING: sun.misc.Unsafe::objectFieldOffset will be removed in a future release
[info] # Warmup Iteration   1: 103,333 ops/s
[info] # Warmup Iteration   2: 136,887 ops/s
[info] # Warmup Iteration   3: 136,412 ops/s
[info] # Warmup Iteration   4: 136,811 ops/s
[info] # Warmup Iteration   5: 137,338 ops/s
[info] # Warmup Iteration   6: 136,821 ops/s
[info] # Warmup Iteration   7: 137,217 ops/s
[info] # Warmup Iteration   8: 136,620 ops/s
[info] # Warmup Iteration   9: 137,293 ops/s
[info] # Warmup Iteration  10: 137,317 ops/s
[info] Iteration   1: 137,141 ops/s
[info]                  client.cpu:         7,763 ms/batch
[info]                  gc.alloc.rate:      72,322 MB/sec
[info]                  gc.alloc.rate.norm: 553034,957 B/op
[info]                  gc.count:           ≈ 0 counts
[info] Iteration   2: 137,955 ops/s
[info]                  client.cpu:         7,623 ms/batch
[info]                  gc.alloc.rate:      72,720 MB/sec
[info]                  gc.alloc.rate.norm: 552807,712 B/op
[info]                  gc.count:           ≈ 0 counts
[info] Iteration   3: 137,052 ops/s
[info]                  client.cpu:         7,602 ms/batch
[info]                  gc.alloc.rate:      72,209 MB/sec
[info]                  gc.alloc.rate.norm: 552536,058 B/op
[info]                  gc.count:           1,000 counts
[info]                  gc.time:            2,000 ms
[info] Iteration   4: 136,527 ops/s
[info]                  client.cpu:         7,741 ms/batch
[info]                  gc.alloc.rate:      71,927 MB/sec
[info]                  gc.alloc.rate.norm: 552482,861 B/op
[info]                  gc.count:           ≈ 0 counts
[info] Iteration   5: 136,800 ops/s
[info]                  client.cpu:         7,717 ms/batch
[info]                  gc.alloc.rate:      54,853 MB/sec
[info]                  gc.alloc.rate.norm: 553582,715 B/op
[info]                  gc.count:           ≈ 0 counts
[info] # Run progress: 35,42% complete, ETA 00:21:48
[info] # Fork: 2 of 3
[info] WARNING: A terminally deprecated method in sun.misc.Unsafe has been called
[info] WARNING: sun.misc.Unsafe::objectFieldOffset has been called by org.openjdk.jmh.util.Utils (file:/Users/stas/projects/scala-effect-bench/target/bg-jobs/sbt_ec168a1a/target/ec0caa91/1296d6b9/jmh-core-1.37.jar)
[info] WARNING: Please consider reporting this to the maintainers of class org.openjdk.jmh.util.Utils
[info] WARNING: sun.misc.Unsafe::objectFieldOffset will be removed in a future release
[info] # Warmup Iteration   1: 110,579 ops/s
[info] # Warmup Iteration   2: 136,819 ops/s
[info] # Warmup Iteration   3: 136,997 ops/s
[info] # Warmup Iteration   4: 137,203 ops/s
[info] # Warmup Iteration   5: 136,081 ops/s
[info] # Warmup Iteration   6: 137,254 ops/s
[info] # Warmup Iteration   7: 135,479 ops/s
[info] # Warmup Iteration   8: 136,918 ops/s
[info] # Warmup Iteration   9: 137,200 ops/s
[info] # Warmup Iteration  10: 137,570 ops/s
[info] Iteration   1: 137,009 ops/s
[info]                  client.cpu:         7,686 ms/batch
[info]                  gc.alloc.rate:      72,017 MB/sec
[info]                  gc.alloc.rate.norm: 551238,783 B/op
[info]                  gc.count:           ≈ 0 counts
[info] Iteration   2: 135,863 ops/s
[info]                  client.cpu:         7,705 ms/batch
[info]                  gc.alloc.rate:      71,387 MB/sec
[info]                  gc.alloc.rate.norm: 551020,964 B/op
[info]                  gc.count:           1,000 counts
[info]                  gc.time:            2,000 ms
[info] Iteration   3: 137,857 ops/s
[info]                  client.cpu:         7,704 ms/batch
[info]                  gc.alloc.rate:      72,461 MB/sec
[info]                  gc.alloc.rate.norm: 551221,928 B/op
[info]                  gc.count:           ≈ 0 counts
[info] Iteration   4: 135,771 ops/s
[info]                  client.cpu:         7,386 ms/batch
[info]                  gc.alloc.rate:      71,457 MB/sec
[info]                  gc.alloc.rate.norm: 551940,905 B/op
[info]                  gc.count:           ≈ 0 counts
[info] Iteration   5: 137,555 ops/s
[info]                  client.cpu:         7,880 ms/batch
[info]                  gc.alloc.rate:      54,973 MB/sec
[info]                  gc.alloc.rate.norm: 551853,739 B/op
[info]                  gc.count:           ≈ 0 counts
[info] # Run progress: 36,46% complete, ETA 00:21:26
[info] # Fork: 3 of 3
[info] WARNING: A terminally deprecated method in sun.misc.Unsafe has been called
[info] WARNING: sun.misc.Unsafe::objectFieldOffset has been called by org.openjdk.jmh.util.Utils (file:/Users/stas/projects/scala-effect-bench/target/bg-jobs/sbt_ec168a1a/target/ec0caa91/1296d6b9/jmh-core-1.37.jar)
[info] WARNING: Please consider reporting this to the maintainers of class org.openjdk.jmh.util.Utils
[info] WARNING: sun.misc.Unsafe::objectFieldOffset will be removed in a future release
[info] # Warmup Iteration   1: 102,543 ops/s
[info] # Warmup Iteration   2: 135,247 ops/s
[info] # Warmup Iteration   3: 135,540 ops/s
[info] # Warmup Iteration   4: 136,391 ops/s
[info] # Warmup Iteration   5: 137,240 ops/s
[info] # Warmup Iteration   6: 142,241 ops/s
[info] # Warmup Iteration   7: 136,027 ops/s
[info] # Warmup Iteration   8: 135,965 ops/s
[info] # Warmup Iteration   9: 138,508 ops/s
[info] # Warmup Iteration  10: 138,297 ops/s
[info] Iteration   1: 137,433 ops/s
[info]                  client.cpu:         7,640 ms/batch
[info]                  gc.alloc.rate:      72,419 MB/sec
[info]                  gc.alloc.rate.norm: 552623,420 B/op
[info]                  gc.count:           ≈ 0 counts
[info] Iteration   2: 138,083 ops/s
[info]                  client.cpu:         7,784 ms/batch
[info]                  gc.alloc.rate:      72,750 MB/sec
[info]                  gc.alloc.rate.norm: 552627,396 B/op
[info]                  gc.count:           ≈ 0 counts
[info] Iteration   3: 138,244 ops/s
[info]                  client.cpu:         8,052 ms/batch
[info]                  gc.alloc.rate:      72,842 MB/sec
[info]                  gc.alloc.rate.norm: 552614,043 B/op
[info]                  gc.count:           1,000 counts
[info]                  gc.time:            2,000 ms
[info] Iteration   4: 136,823 ops/s
[info]                  client.cpu:         7,662 ms/batch
[info]                  gc.alloc.rate:      72,096 MB/sec
[info]                  gc.alloc.rate.norm: 552596,348 B/op
[info]                  gc.count:           ≈ 0 counts
[info] Iteration   5: 136,065 ops/s
[info]                  client.cpu:         7,786 ms/batch
[info]                  gc.alloc.rate:      54,545 MB/sec
[info]                  gc.alloc.rate.norm: 553066,569 B/op
[info]                  gc.count:           ≈ 0 counts
[info] Result "bench.io.IoBench.requests":
[info]   137,079 ±(99.9%) 0,846 ops/s [Average]
[info]   (min, avg, max) = (135,771, 137,079, 138,244), stdev = 0,791
[info]   CI (99.9%): [136,233, 137,924] (assumes normal distribution)
[info] Secondary result "bench.io.IoBench.requests:client.cpu":
[info]   7,715 ±(99.9%) 0,155 ms/batch [Average]
[info]   (min, avg, max) = (7,386, 7,715, 8,052), stdev = 0,145
[info]   CI (99.9%): [7,561, 7,870] (assumes normal distribution)
[info] Secondary result "bench.io.IoBench.requests:gc.alloc.rate":
[info]   68,732 ±(99.9%) 7,727 MB/sec [Average]
[info]   (min, avg, max) = (54,545, 68,732, 72,842), stdev = 7,228
[info]   CI (99.9%): [61,005, 76,459] (assumes normal distribution)
[info] Secondary result "bench.io.IoBench.requests:gc.alloc.rate.norm":
[info]   552349,893 ±(99.9%) 794,556 B/op [Average]
[info]   (min, avg, max) = (551020,964, 552349,893, 553582,715), stdev = 743,228
[info]   CI (99.9%): [551555,337, 553144,449] (assumes normal distribution)
[info] Secondary result "bench.io.IoBench.requests:gc.count":
[info]   3,000 ±(99.9%) 0,001 counts [Sum]
[info]   (min, avg, max) = (≈ 0, 0,200, 1,000), stdev = 0,414
[info]   CI (99.9%): [3,000, 3,000] (assumes normal distribution)
[info] Secondary result "bench.io.IoBench.requests:gc.time":
[info]   6,000 ±(99.9%) 0,001 ms [Sum]
[info]   (min, avg, max) = (≈ 0, 0,400, 2,000), stdev = 0,828
[info]   CI (99.9%): [6,000, 6,000] (assumes normal distribution)
[info] # JMH version: 1.37
[info] # VM version: JDK 25.0.3, Java HotSpot(TM) 64-Bit Server VM, 25.0.3+9-LTS-195
[info] # VM invoker: /Users/stas/.sdkman/candidates/java/25.0.3-oracle/bin/java
[info] # VM options: --add-opens=java.base/java.lang=ALL-UNNAMED -Xms2g -Xmx2g -XX:+UseG1GC --add-opens=java.base/java.lang=ALL-UNNAMED -Xms2g -Xmx2g -XX:+UseG1GC
[info] # Blackhole mode: compiler (auto-detected, use -Djmh.blackhole.autoDetect=false to disable)
[info] # Warmup: 10 iterations, 1 s each
[info] # Measurement: 5 iterations, 1 s each
[info] # Timeout: 10 min per iteration
[info] # Threads: 1 thread, will synchronize iterations
[info] # Benchmark mode: Throughput, ops/time
[info] # Benchmark: bench.io.IoBench.requests
[info] # Parameters: (delayMicros = 1000, parallelism = 64, runtime = gears, size = 256, transport = blocking)
[info] # Run progress: 37,50% complete, ETA 00:21:05
[info] # Fork: 1 of 3
[info] WARNING: A terminally deprecated method in sun.misc.Unsafe has been called
[info] WARNING: sun.misc.Unsafe::objectFieldOffset has been called by org.openjdk.jmh.util.Utils (file:/Users/stas/projects/scala-effect-bench/target/bg-jobs/sbt_ec168a1a/target/ec0caa91/1296d6b9/jmh-core-1.37.jar)
[info] WARNING: Please consider reporting this to the maintainers of class org.openjdk.jmh.util.Utils
[info] WARNING: sun.misc.Unsafe::objectFieldOffset will be removed in a future release
[info] # Warmup Iteration   1: 133,631 ops/s
[info] # Warmup Iteration   2: 141,612 ops/s
[info] # Warmup Iteration   3: 146,385 ops/s
[info] # Warmup Iteration   4: 138,539 ops/s
[info] # Warmup Iteration   5: 142,623 ops/s
[info] # Warmup Iteration   6: 134,222 ops/s
[info] # Warmup Iteration   7: 134,915 ops/s
[info] # Warmup Iteration   8: 131,570 ops/s
[info] # Warmup Iteration   9: 131,682 ops/s
[info] # Warmup Iteration  10: 138,166 ops/s
[info] Iteration   1: 140,141 ops/s
[info]                  client.cpu:         11,921 ms/batch
[info]                  gc.alloc.rate:      25,288 MB/sec
[info]                  gc.alloc.rate.norm: 189235,064 B/op
[info]                  gc.count:           ≈ 0 counts
[info] Iteration   2: 147,510 ops/s
[info]                  client.cpu:         11,257 ms/batch
[info]                  gc.alloc.rate:      26,690 MB/sec
[info]                  gc.alloc.rate.norm: 189749,745 B/op
[info]                  gc.count:           ≈ 0 counts
[info] Iteration   3: 141,101 ops/s
[info]                  client.cpu:         11,605 ms/batch
[info]                  gc.alloc.rate:      25,523 MB/sec
[info]                  gc.alloc.rate.norm: 189702,366 B/op
[info]                  gc.count:           ≈ 0 counts
[info] Iteration   4: 141,931 ops/s
[info]                  client.cpu:         12,225 ms/batch
[info]                  gc.alloc.rate:      25,675 MB/sec
[info]                  gc.alloc.rate.norm: 189715,692 B/op
[info]                  gc.count:           ≈ 0 counts
[info] Iteration   5: 133,235 ops/s
[info]                  client.cpu:         12,963 ms/batch
[info]                  gc.alloc.rate:      18,370 MB/sec
[info]                  gc.alloc.rate.norm: 190311,701 B/op
[info]                  gc.count:           ≈ 0 counts
[info] # Run progress: 38,54% complete, ETA 00:20:44
[info] # Fork: 2 of 3
[info] WARNING: A terminally deprecated method in sun.misc.Unsafe has been called
[info] WARNING: sun.misc.Unsafe::objectFieldOffset has been called by org.openjdk.jmh.util.Utils (file:/Users/stas/projects/scala-effect-bench/target/bg-jobs/sbt_ec168a1a/target/ec0caa91/1296d6b9/jmh-core-1.37.jar)
[info] WARNING: Please consider reporting this to the maintainers of class org.openjdk.jmh.util.Utils
[info] WARNING: sun.misc.Unsafe::objectFieldOffset will be removed in a future release
[info] # Warmup Iteration   1: 135,698 ops/s
[info] # Warmup Iteration   2: 140,758 ops/s
[info] # Warmup Iteration   3: 141,354 ops/s
[info] # Warmup Iteration   4: 137,612 ops/s
[info] # Warmup Iteration   5: 134,370 ops/s
[info] # Warmup Iteration   6: 148,667 ops/s
[info] # Warmup Iteration   7: 136,630 ops/s
[info] # Warmup Iteration   8: 130,834 ops/s
[info] # Warmup Iteration   9: 146,230 ops/s
[info] # Warmup Iteration  10: 140,177 ops/s
[info] Iteration   1: 139,057 ops/s
[info]                  client.cpu:         12,080 ms/batch
[info]                  gc.alloc.rate:      23,998 MB/sec
[info]                  gc.alloc.rate.norm: 180987,029 B/op
[info]                  gc.count:           ≈ 0 counts
[info] Iteration   2: 140,443 ops/s
[info]                  client.cpu:         12,037 ms/batch
[info]                  gc.alloc.rate:      24,272 MB/sec
[info]                  gc.alloc.rate.norm: 181244,282 B/op
[info]                  gc.count:           ≈ 0 counts
[info] Iteration   3: 137,754 ops/s
[info]                  client.cpu:         11,937 ms/batch
[info]                  gc.alloc.rate:      23,763 MB/sec
[info]                  gc.alloc.rate.norm: 180905,266 B/op
[info]                  gc.count:           ≈ 0 counts
[info] Iteration   4: 133,491 ops/s
[info]                  client.cpu:         12,604 ms/batch
[info]                  gc.alloc.rate:      23,113 MB/sec
[info]                  gc.alloc.rate.norm: 181575,104 B/op
[info]                  gc.count:           ≈ 0 counts
[info] Iteration   5: 134,532 ops/s
[info]                  client.cpu:         12,317 ms/batch
[info]                  gc.alloc.rate:      17,577 MB/sec
[info]                  gc.alloc.rate.norm: 181535,763 B/op
[info]                  gc.count:           ≈ 0 counts
[info] # Run progress: 39,58% complete, ETA 00:20:23
[info] # Fork: 3 of 3
[info] WARNING: A terminally deprecated method in sun.misc.Unsafe has been called
[info] WARNING: sun.misc.Unsafe::objectFieldOffset has been called by org.openjdk.jmh.util.Utils (file:/Users/stas/projects/scala-effect-bench/target/bg-jobs/sbt_ec168a1a/target/ec0caa91/1296d6b9/jmh-core-1.37.jar)
[info] WARNING: Please consider reporting this to the maintainers of class org.openjdk.jmh.util.Utils
[info] WARNING: sun.misc.Unsafe::objectFieldOffset will be removed in a future release
[info] # Warmup Iteration   1: 128,214 ops/s
[info] # Warmup Iteration   2: 138,312 ops/s
[info] # Warmup Iteration   3: 138,305 ops/s
[info] # Warmup Iteration   4: 139,661 ops/s
[info] # Warmup Iteration   5: 140,875 ops/s
[info] # Warmup Iteration   6: 140,502 ops/s
[info] # Warmup Iteration   7: 137,389 ops/s
[info] # Warmup Iteration   8: 133,288 ops/s
[info] # Warmup Iteration   9: 138,228 ops/s
[info] # Warmup Iteration  10: 135,888 ops/s
[info] Iteration   1: 139,264 ops/s
[info]                  client.cpu:         11,434 ms/batch
[info]                  gc.alloc.rate:      24,441 MB/sec
[info]                  gc.alloc.rate.norm: 184050,837 B/op
[info]                  gc.count:           ≈ 0 counts
[info] Iteration   2: 134,238 ops/s
[info]                  client.cpu:         12,233 ms/batch
[info]                  gc.alloc.rate:      23,587 MB/sec
[info]                  gc.alloc.rate.norm: 184271,644 B/op
[info]                  gc.count:           ≈ 0 counts
[info] Iteration   3: 133,568 ops/s
[info]                  client.cpu:         12,569 ms/batch
[info]                  gc.alloc.rate:      23,513 MB/sec
[info]                  gc.alloc.rate.norm: 184614,567 B/op
[info]                  gc.count:           ≈ 0 counts
[info] Iteration   4: 132,096 ops/s
[info]                  client.cpu:         13,025 ms/batch
[info]                  gc.alloc.rate:      23,201 MB/sec
[info]                  gc.alloc.rate.norm: 184193,444 B/op
[info]                  gc.count:           ≈ 0 counts
[info] Iteration   5: 150,952 ops/s
[info]                  client.cpu:         10,974 ms/batch
[info]                  gc.alloc.rate:      20,105 MB/sec
[info]                  gc.alloc.rate.norm: 184760,053 B/op
[info]                  gc.count:           ≈ 0 counts
[info] Result "bench.io.IoBench.requests":
[info]   138,621 ±(99.9%) 5,817 ops/s [Average]
[info]   (min, avg, max) = (132,096, 138,621, 150,952), stdev = 5,441
[info]   CI (99.9%): [132,804, 144,438] (assumes normal distribution)
[info] Secondary result "bench.io.IoBench.requests:client.cpu":
[info]   12,079 ±(99.9%) 0,631 ms/batch [Average]
[info]   (min, avg, max) = (10,974, 12,079, 13,025), stdev = 0,590
[info]   CI (99.9%): [11,448, 12,710] (assumes normal distribution)
[info] Secondary result "bench.io.IoBench.requests:gc.alloc.rate":
[info]   23,275 ±(99.9%) 2,805 MB/sec [Average]
[info]   (min, avg, max) = (17,577, 23,275, 26,690), stdev = 2,624
[info]   CI (99.9%): [20,469, 26,080] (assumes normal distribution)
[info] Secondary result "bench.io.IoBench.requests:gc.alloc.rate.norm":
[info]   185123,504 ±(99.9%) 3894,861 B/op [Average]
[info]   (min, avg, max) = (180905,266, 185123,504, 190311,701), stdev = 3643,256
[info]   CI (99.9%): [181228,643, 189018,365] (assumes normal distribution)
[info] Secondary result "bench.io.IoBench.requests:gc.count":
[info]   ≈ 0 counts
[info] # JMH version: 1.37
[info] # VM version: JDK 25.0.3, Java HotSpot(TM) 64-Bit Server VM, 25.0.3+9-LTS-195
[info] # VM invoker: /Users/stas/.sdkman/candidates/java/25.0.3-oracle/bin/java
[info] # VM options: --add-opens=java.base/java.lang=ALL-UNNAMED -Xms2g -Xmx2g -XX:+UseG1GC --add-opens=java.base/java.lang=ALL-UNNAMED -Xms2g -Xmx2g -XX:+UseG1GC
[info] # Blackhole mode: compiler (auto-detected, use -Djmh.blackhole.autoDetect=false to disable)
[info] # Warmup: 10 iterations, 1 s each
[info] # Measurement: 5 iterations, 1 s each
[info] # Timeout: 10 min per iteration
[info] # Threads: 1 thread, will synchronize iterations
[info] # Benchmark mode: Throughput, ops/time
[info] # Benchmark: bench.io.IoBench.requests
[info] # Parameters: (delayMicros = 1000, parallelism = 64, runtime = gears, size = 256, transport = nonblocking)
[info] # Run progress: 40,63% complete, ETA 00:20:02
[info] # Fork: 1 of 3
[info] WARNING: A terminally deprecated method in sun.misc.Unsafe has been called
[info] WARNING: sun.misc.Unsafe::objectFieldOffset has been called by org.openjdk.jmh.util.Utils (file:/Users/stas/projects/scala-effect-bench/target/bg-jobs/sbt_ec168a1a/target/ec0caa91/1296d6b9/jmh-core-1.37.jar)
[info] WARNING: Please consider reporting this to the maintainers of class org.openjdk.jmh.util.Utils
[info] WARNING: sun.misc.Unsafe::objectFieldOffset will be removed in a future release
[info] # Warmup Iteration   1: 129,107 ops/s
[info] # Warmup Iteration   2: 134,768 ops/s
[info] # Warmup Iteration   3: 133,143 ops/s
[info] # Warmup Iteration   4: 136,590 ops/s
[info] # Warmup Iteration   5: 136,381 ops/s
[info] # Warmup Iteration   6: 137,892 ops/s
[info] # Warmup Iteration   7: 136,773 ops/s
[info] # Warmup Iteration   8: 137,514 ops/s
[info] # Warmup Iteration   9: 138,786 ops/s
[info] # Warmup Iteration  10: 136,010 ops/s
[info] Iteration   1: 135,922 ops/s
[info]                  client.cpu:         9,262 ms/batch
[info]                  gc.alloc.rate:      55,799 MB/sec
[info]                  gc.alloc.rate.norm: 430511,124 B/op
[info]                  gc.count:           ≈ 0 counts
[info] Iteration   2: 138,066 ops/s
[info]                  client.cpu:         9,450 ms/batch
[info]                  gc.alloc.rate:      57,210 MB/sec
[info]                  gc.alloc.rate.norm: 434551,137 B/op
[info]                  gc.count:           ≈ 0 counts
[info] Iteration   3: 136,263 ops/s
[info]                  client.cpu:         9,043 ms/batch
[info]                  gc.alloc.rate:      56,509 MB/sec
[info]                  gc.alloc.rate.norm: 434904,175 B/op
[info]                  gc.count:           ≈ 0 counts
[info] Iteration   4: 135,874 ops/s
[info]                  client.cpu:         9,500 ms/batch
[info]                  gc.alloc.rate:      56,412 MB/sec
[info]                  gc.alloc.rate.norm: 435402,059 B/op
[info]                  gc.count:           1,000 counts
[info]                  gc.time:            2,000 ms
[info] Iteration   5: 134,118 ops/s
[info]                  client.cpu:         9,473 ms/batch
[info]                  gc.alloc.rate:      42,081 MB/sec
[info]                  gc.alloc.rate.norm: 436223,763 B/op
[info]                  gc.count:           ≈ 0 counts
[info] # Run progress: 41,67% complete, ETA 00:19:41
[info] # Fork: 2 of 3
[info] WARNING: A terminally deprecated method in sun.misc.Unsafe has been called
[info] WARNING: sun.misc.Unsafe::objectFieldOffset has been called by org.openjdk.jmh.util.Utils (file:/Users/stas/projects/scala-effect-bench/target/bg-jobs/sbt_ec168a1a/target/ec0caa91/1296d6b9/jmh-core-1.37.jar)
[info] WARNING: Please consider reporting this to the maintainers of class org.openjdk.jmh.util.Utils
[info] WARNING: sun.misc.Unsafe::objectFieldOffset will be removed in a future release
[info] # Warmup Iteration   1: 130,860 ops/s
[info] # Warmup Iteration   2: 137,826 ops/s
[info] # Warmup Iteration   3: 141,024 ops/s
[info] # Warmup Iteration   4: 139,735 ops/s
[info] # Warmup Iteration   5: 139,251 ops/s
[info] # Warmup Iteration   6: 135,311 ops/s
[info] # Warmup Iteration   7: 139,881 ops/s
[info] # Warmup Iteration   8: 138,491 ops/s
[info] # Warmup Iteration   9: 139,049 ops/s
[info] # Warmup Iteration  10: 139,078 ops/s
[info] Iteration   1: 135,715 ops/s
[info]                  client.cpu:         9,446 ms/batch
[info]                  gc.alloc.rate:      55,114 MB/sec
[info]                  gc.alloc.rate.norm: 425874,803 B/op
[info]                  gc.count:           ≈ 0 counts
[info] Iteration   2: 136,781 ops/s
[info]                  client.cpu:         9,522 ms/batch
[info]                  gc.alloc.rate:      55,582 MB/sec
[info]                  gc.alloc.rate.norm: 426155,912 B/op
[info]                  gc.count:           ≈ 0 counts
[info] Iteration   3: 138,032 ops/s
[info]                  client.cpu:         9,535 ms/batch
[info]                  gc.alloc.rate:      55,983 MB/sec
[info]                  gc.alloc.rate.norm: 425331,683 B/op
[info]                  gc.count:           ≈ 0 counts
[info] Iteration   4: 137,941 ops/s
[info]                  client.cpu:         9,349 ms/batch
[info]                  gc.alloc.rate:      55,932 MB/sec
[info]                  gc.alloc.rate.norm: 425226,360 B/op
[info]                  gc.count:           ≈ 0 counts
[info] Iteration   5: 136,910 ops/s
[info]                  client.cpu:         9,680 ms/batch
[info]                  gc.alloc.rate:      42,359 MB/sec
[info]                  gc.alloc.rate.norm: 426970,686 B/op
[info]                  gc.count:           ≈ 0 counts
[info] # Run progress: 42,71% complete, ETA 00:19:19
[info] # Fork: 3 of 3
[info] WARNING: A terminally deprecated method in sun.misc.Unsafe has been called
[info] WARNING: sun.misc.Unsafe::objectFieldOffset has been called by org.openjdk.jmh.util.Utils (file:/Users/stas/projects/scala-effect-bench/target/bg-jobs/sbt_ec168a1a/target/ec0caa91/1296d6b9/jmh-core-1.37.jar)
[info] WARNING: Please consider reporting this to the maintainers of class org.openjdk.jmh.util.Utils
[info] WARNING: sun.misc.Unsafe::objectFieldOffset will be removed in a future release
[info] # Warmup Iteration   1: 132,957 ops/s
[info] # Warmup Iteration   2: 135,586 ops/s
[info] # Warmup Iteration   3: 134,893 ops/s
[info] # Warmup Iteration   4: 139,634 ops/s
[info] # Warmup Iteration   5: 135,935 ops/s
[info] # Warmup Iteration   6: 135,487 ops/s
[info] # Warmup Iteration   7: 137,357 ops/s
[info] # Warmup Iteration   8: 138,349 ops/s
[info] # Warmup Iteration   9: 136,792 ops/s
[info] # Warmup Iteration  10: 136,307 ops/s
[info] Iteration   1: 136,049 ops/s
[info]                  client.cpu:         9,416 ms/batch
[info]                  gc.alloc.rate:      55,414 MB/sec
[info]                  gc.alloc.rate.norm: 427148,555 B/op
[info]                  gc.count:           ≈ 0 counts
[info] Iteration   2: 138,087 ops/s
[info]                  client.cpu:         9,512 ms/batch
[info]                  gc.alloc.rate:      56,182 MB/sec
[info]                  gc.alloc.rate.norm: 426685,525 B/op
[info]                  gc.count:           ≈ 0 counts
[info] Iteration   3: 137,565 ops/s
[info]                  client.cpu:         9,308 ms/batch
[info]                  gc.alloc.rate:      55,921 MB/sec
[info]                  gc.alloc.rate.norm: 426307,626 B/op
[info]                  gc.count:           ≈ 0 counts
[info] Iteration   4: 135,164 ops/s
[info]                  client.cpu:         9,197 ms/batch
[info]                  gc.alloc.rate:      54,974 MB/sec
[info]                  gc.alloc.rate.norm: 426524,647 B/op
[info]                  gc.count:           ≈ 0 counts
[info] Iteration   5: 136,230 ops/s
[info]                  client.cpu:         9,428 ms/batch
[info]                  gc.alloc.rate:      42,352 MB/sec
[info]                  gc.alloc.rate.norm: 428588,788 B/op
[info]                  gc.count:           ≈ 0 counts
[info] Result "bench.io.IoBench.requests":
[info]   136,581 ±(99.9%) 1,272 ops/s [Average]
[info]   (min, avg, max) = (134,118, 136,581, 138,087), stdev = 1,190
[info]   CI (99.9%): [135,309, 137,853] (assumes normal distribution)
[info] Secondary result "bench.io.IoBench.requests:client.cpu":
[info]   9,408 ±(99.9%) 0,167 ms/batch [Average]
[info]   (min, avg, max) = (9,043, 9,408, 9,680), stdev = 0,156
[info]   CI (99.9%): [9,241, 9,575] (assumes normal distribution)
[info] Secondary result "bench.io.IoBench.requests:gc.alloc.rate":
[info]   53,188 ±(99.9%) 6,073 MB/sec [Average]
[info]   (min, avg, max) = (42,081, 53,188, 57,210), stdev = 5,681
[info]   CI (99.9%): [47,115, 59,262] (assumes normal distribution)
[info] Secondary result "bench.io.IoBench.requests:gc.alloc.rate.norm":
[info]   429093,790 ±(99.9%) 4361,264 B/op [Average]
[info]   (min, avg, max) = (425226,360, 429093,790, 436223,763), stdev = 4079,529
[info]   CI (99.9%): [424732,526, 433455,053] (assumes normal distribution)
[info] Secondary result "bench.io.IoBench.requests:gc.count":
[info]   1,000 ±(99.9%) 0,001 counts [Sum]
[info]   (min, avg, max) = (≈ 0, 0,067, 1,000), stdev = 0,258
[info]   CI (99.9%): [1,000, 1,000] (assumes normal distribution)
[info] Secondary result "bench.io.IoBench.requests:gc.time":
[info]   2,000 ±(99.9%) 0,001 ms [Sum]
[info]   (min, avg, max) = (≈ 0, 0,133, 2,000), stdev = 0,516
[info]   CI (99.9%): [2,000, 2,000] (assumes normal distribution)
[info] # JMH version: 1.37
[info] # VM version: JDK 25.0.3, Java HotSpot(TM) 64-Bit Server VM, 25.0.3+9-LTS-195
[info] # VM invoker: /Users/stas/.sdkman/candidates/java/25.0.3-oracle/bin/java
[info] # VM options: --add-opens=java.base/java.lang=ALL-UNNAMED -Xms2g -Xmx2g -XX:+UseG1GC --add-opens=java.base/java.lang=ALL-UNNAMED -Xms2g -Xmx2g -XX:+UseG1GC
[info] # Blackhole mode: compiler (auto-detected, use -Djmh.blackhole.autoDetect=false to disable)
[info] # Warmup: 10 iterations, 1 s each
[info] # Measurement: 5 iterations, 1 s each
[info] # Timeout: 10 min per iteration
[info] # Threads: 1 thread, will synchronize iterations
[info] # Benchmark mode: Throughput, ops/time
[info] # Benchmark: bench.io.IoBench.requests
[info] # Parameters: (delayMicros = 1000, parallelism = 64, runtime = ox, size = 256, transport = blocking)
[info] # Run progress: 43,75% complete, ETA 00:18:58
[info] # Fork: 1 of 3
[info] WARNING: A terminally deprecated method in sun.misc.Unsafe has been called
[info] WARNING: sun.misc.Unsafe::objectFieldOffset has been called by org.openjdk.jmh.util.Utils (file:/Users/stas/projects/scala-effect-bench/target/bg-jobs/sbt_ec168a1a/target/ec0caa91/1296d6b9/jmh-core-1.37.jar)
[info] WARNING: Please consider reporting this to the maintainers of class org.openjdk.jmh.util.Utils
[info] WARNING: sun.misc.Unsafe::objectFieldOffset will be removed in a future release
[info] # Warmup Iteration   1: 132,488 ops/s
[info] # Warmup Iteration   2: 138,580 ops/s
[info] # Warmup Iteration   3: 135,575 ops/s
[info] # Warmup Iteration   4: 142,765 ops/s
[info] # Warmup Iteration   5: 133,852 ops/s
[info] # Warmup Iteration   6: 137,562 ops/s
[info] # Warmup Iteration   7: 132,775 ops/s
[info] # Warmup Iteration   8: 138,173 ops/s
[info] # Warmup Iteration   9: 138,005 ops/s
[info] # Warmup Iteration  10: 139,121 ops/s
[info] Iteration   1: 135,705 ops/s
[info]                  client.cpu:         12,582 ms/batch
[info]                  gc.alloc.rate:      16,593 MB/sec
[info]                  gc.alloc.rate.norm: 128236,730 B/op
[info]                  gc.count:           ≈ 0 counts
[info] Iteration   2: 136,854 ops/s
[info]                  client.cpu:         11,599 ms/batch
[info]                  gc.alloc.rate:      16,717 MB/sec
[info]                  gc.alloc.rate.norm: 128105,623 B/op
[info]                  gc.count:           ≈ 0 counts
[info] Iteration   3: 139,298 ops/s
[info]                  client.cpu:         10,899 ms/batch
[info]                  gc.alloc.rate:      17,016 MB/sec
[info]                  gc.alloc.rate.norm: 128132,057 B/op
[info]                  gc.count:           ≈ 0 counts
[info] Iteration   4: 142,770 ops/s
[info]                  client.cpu:         11,013 ms/batch
[info]                  gc.alloc.rate:      17,437 MB/sec
[info]                  gc.alloc.rate.norm: 128085,594 B/op
[info]                  gc.count:           ≈ 0 counts
[info] Iteration   5: 133,167 ops/s
[info]                  client.cpu:         12,348 ms/batch
[info]                  gc.alloc.rate:      12,462 MB/sec
[info]                  gc.alloc.rate.norm: 128855,642 B/op
[info]                  gc.count:           ≈ 0 counts
[info] # Run progress: 44,79% complete, ETA 00:18:37
[info] # Fork: 2 of 3
[info] WARNING: A terminally deprecated method in sun.misc.Unsafe has been called
[info] WARNING: sun.misc.Unsafe::objectFieldOffset has been called by org.openjdk.jmh.util.Utils (file:/Users/stas/projects/scala-effect-bench/target/bg-jobs/sbt_ec168a1a/target/ec0caa91/1296d6b9/jmh-core-1.37.jar)
[info] WARNING: Please consider reporting this to the maintainers of class org.openjdk.jmh.util.Utils
[info] WARNING: sun.misc.Unsafe::objectFieldOffset will be removed in a future release
[info] # Warmup Iteration   1: 129,549 ops/s
[info] # Warmup Iteration   2: 133,803 ops/s
[info] # Warmup Iteration   3: 134,069 ops/s
[info] # Warmup Iteration   4: 138,875 ops/s
[info] # Warmup Iteration   5: 133,519 ops/s
[info] # Warmup Iteration   6: 141,596 ops/s
[info] # Warmup Iteration   7: 145,135 ops/s
[info] # Warmup Iteration   8: 144,813 ops/s
[info] # Warmup Iteration   9: 142,707 ops/s
[info] # Warmup Iteration  10: 134,285 ops/s
[info] Iteration   1: 146,385 ops/s
[info]                  client.cpu:         11,333 ms/batch
[info]                  gc.alloc.rate:      20,032 MB/sec
[info]                  gc.alloc.rate.norm: 143513,741 B/op
[info]                  gc.count:           ≈ 0 counts
[info] Iteration   2: 145,914 ops/s
[info]                  client.cpu:         11,060 ms/batch
[info]                  gc.alloc.rate:      19,971 MB/sec
[info]                  gc.alloc.rate.norm: 143533,605 B/op
[info]                  gc.count:           ≈ 0 counts
[info] Iteration   3: 145,571 ops/s
[info]                  client.cpu:         11,266 ms/batch
[info]                  gc.alloc.rate:      19,929 MB/sec
[info]                  gc.alloc.rate.norm: 143572,932 B/op
[info]                  gc.count:           ≈ 0 counts
[info] Iteration   4: 133,500 ops/s
[info]                  client.cpu:         12,254 ms/batch
[info]                  gc.alloc.rate:      18,285 MB/sec
[info]                  gc.alloc.rate.norm: 143644,836 B/op
[info]                  gc.count:           ≈ 0 counts
[info] Iteration   5: 138,485 ops/s
[info]                  client.cpu:         11,917 ms/batch
[info]                  gc.alloc.rate:      14,409 MB/sec
[info]                  gc.alloc.rate.norm: 144244,029 B/op
[info]                  gc.count:           ≈ 0 counts
[info] # Run progress: 45,83% complete, ETA 00:18:16
[info] # Fork: 3 of 3
[info] WARNING: A terminally deprecated method in sun.misc.Unsafe has been called
[info] WARNING: sun.misc.Unsafe::objectFieldOffset has been called by org.openjdk.jmh.util.Utils (file:/Users/stas/projects/scala-effect-bench/target/bg-jobs/sbt_ec168a1a/target/ec0caa91/1296d6b9/jmh-core-1.37.jar)
[info] WARNING: Please consider reporting this to the maintainers of class org.openjdk.jmh.util.Utils
[info] WARNING: sun.misc.Unsafe::objectFieldOffset will be removed in a future release
[info] # Warmup Iteration   1: 129,702 ops/s
[info] # Warmup Iteration   2: 147,237 ops/s
[info] # Warmup Iteration   3: 145,275 ops/s
[info] # Warmup Iteration   4: 143,710 ops/s
[info] # Warmup Iteration   5: 138,153 ops/s
[info] # Warmup Iteration   6: 140,540 ops/s
[info] # Warmup Iteration   7: 140,847 ops/s
[info] # Warmup Iteration   8: 139,555 ops/s
[info] # Warmup Iteration   9: 145,227 ops/s
[info] # Warmup Iteration  10: 134,359 ops/s
[info] Iteration   1: 134,712 ops/s
[info]                  client.cpu:         12,324 ms/batch
[info]                  gc.alloc.rate:      17,529 MB/sec
[info]                  gc.alloc.rate.norm: 136462,163 B/op
[info]                  gc.count:           ≈ 0 counts
[info] Iteration   2: 138,704 ops/s
[info]                  client.cpu:         11,467 ms/batch
[info]                  gc.alloc.rate:      18,042 MB/sec
[info]                  gc.alloc.rate.norm: 136414,734 B/op
[info]                  gc.count:           ≈ 0 counts
[info] Iteration   3: 134,415 ops/s
[info]                  client.cpu:         11,984 ms/batch
[info]                  gc.alloc.rate:      17,491 MB/sec
[info]                  gc.alloc.rate.norm: 136467,615 B/op
[info]                  gc.count:           ≈ 0 counts
[info] Iteration   4: 137,825 ops/s
[info]                  client.cpu:         11,498 ms/batch
[info]                  gc.alloc.rate:      17,925 MB/sec
[info]                  gc.alloc.rate.norm: 136391,194 B/op
[info]                  gc.count:           ≈ 0 counts
[info] Iteration   5: 147,728 ops/s
[info]                  client.cpu:         10,164 ms/batch
[info]                  gc.alloc.rate:      14,618 MB/sec
[info]                  gc.alloc.rate.norm: 136893,297 B/op
[info]                  gc.count:           ≈ 0 counts
[info] Result "bench.io.IoBench.requests":
[info]   139,402 ±(99.9%) 5,379 ops/s [Average]
[info]   (min, avg, max) = (133,167, 139,402, 147,728), stdev = 5,032
[info]   CI (99.9%): [134,023, 144,781] (assumes normal distribution)
[info] Secondary result "bench.io.IoBench.requests:client.cpu":
[info]   11,580 ±(99.9%) 0,707 ms/batch [Average]
[info]   (min, avg, max) = (10,164, 11,580, 12,582), stdev = 0,661
[info]   CI (99.9%): [10,874, 12,287] (assumes normal distribution)
[info] Secondary result "bench.io.IoBench.requests:gc.alloc.rate":
[info]   17,230 ±(99.9%) 2,274 MB/sec [Average]
[info]   (min, avg, max) = (12,462, 17,230, 20,032), stdev = 2,127
[info]   CI (99.9%): [14,957, 19,504] (assumes normal distribution)
[info] Secondary result "bench.io.IoBench.requests:gc.alloc.rate.norm":
[info]   136170,253 ±(99.9%) 6976,813 B/op [Average]
[info]   (min, avg, max) = (128085,594, 136170,253, 144244,029), stdev = 6526,115
[info]   CI (99.9%): [129193,440, 143147,066] (assumes normal distribution)
[info] Secondary result "bench.io.IoBench.requests:gc.count":
[info]   ≈ 0 counts
[info] # JMH version: 1.37
[info] # VM version: JDK 25.0.3, Java HotSpot(TM) 64-Bit Server VM, 25.0.3+9-LTS-195
[info] # VM invoker: /Users/stas/.sdkman/candidates/java/25.0.3-oracle/bin/java
[info] # VM options: --add-opens=java.base/java.lang=ALL-UNNAMED -Xms2g -Xmx2g -XX:+UseG1GC --add-opens=java.base/java.lang=ALL-UNNAMED -Xms2g -Xmx2g -XX:+UseG1GC
[info] # Blackhole mode: compiler (auto-detected, use -Djmh.blackhole.autoDetect=false to disable)
[info] # Warmup: 10 iterations, 1 s each
[info] # Measurement: 5 iterations, 1 s each
[info] # Timeout: 10 min per iteration
[info] # Threads: 1 thread, will synchronize iterations
[info] # Benchmark mode: Throughput, ops/time
[info] # Benchmark: bench.io.IoBench.requests
[info] # Parameters: (delayMicros = 1000, parallelism = 64, runtime = ox, size = 256, transport = nonblocking)
[info] # Run progress: 46,88% complete, ETA 00:17:55
[info] # Fork: 1 of 3
[info] WARNING: A terminally deprecated method in sun.misc.Unsafe has been called
[info] WARNING: sun.misc.Unsafe::objectFieldOffset has been called by org.openjdk.jmh.util.Utils (file:/Users/stas/projects/scala-effect-bench/target/bg-jobs/sbt_ec168a1a/target/ec0caa91/1296d6b9/jmh-core-1.37.jar)
[info] WARNING: Please consider reporting this to the maintainers of class org.openjdk.jmh.util.Utils
[info] WARNING: sun.misc.Unsafe::objectFieldOffset will be removed in a future release
[info] # Warmup Iteration   1: 130,217 ops/s
[info] # Warmup Iteration   2: 134,378 ops/s
[info] # Warmup Iteration   3: 135,751 ops/s
[info] # Warmup Iteration   4: 135,409 ops/s
[info] # Warmup Iteration   5: 138,480 ops/s
[info] # Warmup Iteration   6: 134,741 ops/s
[info] # Warmup Iteration   7: 135,170 ops/s
[info] # Warmup Iteration   8: 133,458 ops/s
[info] # Warmup Iteration   9: 133,927 ops/s
[info] # Warmup Iteration  10: 134,752 ops/s
[info] Iteration   1: 134,023 ops/s
[info]                  client.cpu:         8,982 ms/batch
[info]                  gc.alloc.rate:      34,167 MB/sec
[info]                  gc.alloc.rate.norm: 267368,296 B/op
[info]                  gc.count:           ≈ 0 counts
[info] Iteration   2: 133,298 ops/s
[info]                  client.cpu:         9,189 ms/batch
[info]                  gc.alloc.rate:      33,982 MB/sec
[info]                  gc.alloc.rate.norm: 267393,851 B/op
[info]                  gc.count:           ≈ 0 counts
[info] Iteration   3: 133,598 ops/s
[info]                  client.cpu:         9,083 ms/batch
[info]                  gc.alloc.rate:      34,079 MB/sec
[info]                  gc.alloc.rate.norm: 267520,896 B/op
[info]                  gc.count:           ≈ 0 counts
[info] Iteration   4: 134,784 ops/s
[info]                  client.cpu:         8,969 ms/batch
[info]                  gc.alloc.rate:      34,460 MB/sec
[info]                  gc.alloc.rate.norm: 268124,353 B/op
[info]                  gc.count:           ≈ 0 counts
[info] Iteration   5: 131,713 ops/s
[info]                  client.cpu:         8,816 ms/batch
[info]                  gc.alloc.rate:      25,136 MB/sec
[info]                  gc.alloc.rate.norm: 266717,030 B/op
[info]                  gc.count:           ≈ 0 counts
[info] # Run progress: 47,92% complete, ETA 00:17:33
[info] # Fork: 2 of 3
[info] WARNING: A terminally deprecated method in sun.misc.Unsafe has been called
[info] WARNING: sun.misc.Unsafe::objectFieldOffset has been called by org.openjdk.jmh.util.Utils (file:/Users/stas/projects/scala-effect-bench/target/bg-jobs/sbt_ec168a1a/target/ec0caa91/1296d6b9/jmh-core-1.37.jar)
[info] WARNING: Please consider reporting this to the maintainers of class org.openjdk.jmh.util.Utils
[info] WARNING: sun.misc.Unsafe::objectFieldOffset will be removed in a future release
[info] # Warmup Iteration   1: 130,444 ops/s
[info] # Warmup Iteration   2: 132,749 ops/s
[info] # Warmup Iteration   3: 131,805 ops/s
[info] # Warmup Iteration   4: 131,605 ops/s
[info] # Warmup Iteration   5: 132,725 ops/s
[info] # Warmup Iteration   6: 134,747 ops/s
[info] # Warmup Iteration   7: 133,763 ops/s
[info] # Warmup Iteration   8: 131,758 ops/s
[info] # Warmup Iteration   9: 133,440 ops/s
[info] # Warmup Iteration  10: 130,586 ops/s
[info] Iteration   1: 127,426 ops/s
[info]                  client.cpu:         8,441 ms/batch
[info]                  gc.alloc.rate:      32,669 MB/sec
[info]                  gc.alloc.rate.norm: 268913,688 B/op
[info]                  gc.count:           ≈ 0 counts
[info] Iteration   2: 129,373 ops/s
[info]                  client.cpu:         8,687 ms/batch
[info]                  gc.alloc.rate:      33,139 MB/sec
[info]                  gc.alloc.rate.norm: 268645,354 B/op
[info]                  gc.count:           ≈ 0 counts
[info] Iteration   3: 133,271 ops/s
[info]                  client.cpu:         8,835 ms/batch
[info]                  gc.alloc.rate:      34,084 MB/sec
[info]                  gc.alloc.rate.norm: 268204,478 B/op
[info]                  gc.count:           ≈ 0 counts
[info] Iteration   4: 136,447 ops/s
[info]                  client.cpu:         8,977 ms/batch
[info]                  gc.alloc.rate:      34,818 MB/sec
[info]                  gc.alloc.rate.norm: 267612,928 B/op
[info]                  gc.count:           ≈ 0 counts
[info] Iteration   5: 134,893 ops/s
[info]                  client.cpu:         9,153 ms/batch
[info]                  gc.alloc.rate:      25,942 MB/sec
[info]                  gc.alloc.rate.norm: 267184,415 B/op
[info]                  gc.count:           ≈ 0 counts
[info] # Run progress: 48,96% complete, ETA 00:17:12
[info] # Fork: 3 of 3
[info] WARNING: A terminally deprecated method in sun.misc.Unsafe has been called
[info] WARNING: sun.misc.Unsafe::objectFieldOffset has been called by org.openjdk.jmh.util.Utils (file:/Users/stas/projects/scala-effect-bench/target/bg-jobs/sbt_ec168a1a/target/ec0caa91/1296d6b9/jmh-core-1.37.jar)
[info] WARNING: Please consider reporting this to the maintainers of class org.openjdk.jmh.util.Utils
[info] WARNING: sun.misc.Unsafe::objectFieldOffset will be removed in a future release
[info] # Warmup Iteration   1: 130,314 ops/s
[info] # Warmup Iteration   2: 132,074 ops/s
[info] # Warmup Iteration   3: 134,384 ops/s
[info] # Warmup Iteration   4: 135,692 ops/s
[info] # Warmup Iteration   5: 135,916 ops/s
[info] # Warmup Iteration   6: 135,834 ops/s
[info] # Warmup Iteration   7: 135,981 ops/s
[info] # Warmup Iteration   8: 135,653 ops/s
[info] # Warmup Iteration   9: 137,045 ops/s
[info] # Warmup Iteration  10: 136,881 ops/s
[info] Iteration   1: 135,025 ops/s
[info]                  client.cpu:         9,118 ms/batch
[info]                  gc.alloc.rate:      34,282 MB/sec
[info]                  gc.alloc.rate.norm: 266263,000 B/op
[info]                  gc.count:           ≈ 0 counts
[info] Iteration   2: 136,143 ops/s
[info]                  client.cpu:         9,039 ms/batch
[info]                  gc.alloc.rate:      34,436 MB/sec
[info]                  gc.alloc.rate.norm: 265265,401 B/op
[info]                  gc.count:           ≈ 0 counts
[info] Iteration   3: 135,612 ops/s
[info]                  client.cpu:         9,142 ms/batch
[info]                  gc.alloc.rate:      34,334 MB/sec
[info]                  gc.alloc.rate.norm: 265509,022 B/op
[info]                  gc.count:           ≈ 0 counts
[info] Iteration   4: 137,140 ops/s
[info]                  client.cpu:         9,157 ms/batch
[info]                  gc.alloc.rate:      34,685 MB/sec
[info]                  gc.alloc.rate.norm: 265235,884 B/op
[info]                  gc.count:           ≈ 0 counts
[info] Iteration   5: 135,717 ops/s
[info]                  client.cpu:         8,870 ms/batch
[info]                  gc.alloc.rate:      25,991 MB/sec
[info]                  gc.alloc.rate.norm: 265546,588 B/op
[info]                  gc.count:           ≈ 0 counts
[info] Result "bench.io.IoBench.requests":
[info]   133,898 ±(99.9%) 2,848 ops/s [Average]
[info]   (min, avg, max) = (127,426, 133,898, 137,140), stdev = 2,664
[info]   CI (99.9%): [131,050, 136,745] (assumes normal distribution)
[info] Secondary result "bench.io.IoBench.requests:client.cpu":
[info]   8,964 ±(99.9%) 0,221 ms/batch [Average]
[info]   (min, avg, max) = (8,441, 8,964, 9,189), stdev = 0,207
[info]   CI (99.9%): [8,743, 9,185] (assumes normal distribution)
[info] Secondary result "bench.io.IoBench.requests:gc.alloc.rate":
[info]   32,414 ±(99.9%) 3,771 MB/sec [Average]
[info]   (min, avg, max) = (25,136, 32,414, 34,818), stdev = 3,527
[info]   CI (99.9%): [28,643, 36,185] (assumes normal distribution)
[info] Secondary result "bench.io.IoBench.requests:gc.alloc.rate.norm":
[info]   267033,679 ±(99.9%) 1313,022 B/op [Average]
[info]   (min, avg, max) = (265235,884, 267033,679, 268913,688), stdev = 1228,201
[info]   CI (99.9%): [265720,657, 268346,700] (assumes normal distribution)
[info] Secondary result "bench.io.IoBench.requests:gc.count":
[info]   ≈ 0 counts
[info] # JMH version: 1.37
[info] # VM version: JDK 25.0.3, Java HotSpot(TM) 64-Bit Server VM, 25.0.3+9-LTS-195
[info] # VM invoker: /Users/stas/.sdkman/candidates/java/25.0.3-oracle/bin/java
[info] # VM options: --add-opens=java.base/java.lang=ALL-UNNAMED -Xms2g -Xmx2g -XX:+UseG1GC --add-opens=java.base/java.lang=ALL-UNNAMED -Xms2g -Xmx2g -XX:+UseG1GC
[info] # Blackhole mode: compiler (auto-detected, use -Djmh.blackhole.autoDetect=false to disable)
[info] # Warmup: 10 iterations, 1 s each
[info] # Measurement: 5 iterations, 1 s each
[info] # Timeout: 10 min per iteration
[info] # Threads: 1 thread, will synchronize iterations
[info] # Benchmark mode: Sampling time
[info] # Benchmark: bench.io.IoBench.requests
[info] # Parameters: (delayMicros = 1000, parallelism = 8, runtime = ce, size = 256, transport = blocking)
[info] # Run progress: 50,00% complete, ETA 00:16:51
[info] # Fork: 1 of 3
[info] WARNING: A terminally deprecated method in sun.misc.Unsafe has been called
[info] WARNING: sun.misc.Unsafe::objectFieldOffset has been called by org.openjdk.jmh.util.Utils (file:/Users/stas/projects/scala-effect-bench/target/bg-jobs/sbt_ec168a1a/target/ec0caa91/1296d6b9/jmh-core-1.37.jar)
[info] WARNING: Please consider reporting this to the maintainers of class org.openjdk.jmh.util.Utils
[info] WARNING: sun.misc.Unsafe::objectFieldOffset will be removed in a future release
[info] # Warmup Iteration   1: 0,055 ±(99.9%) 0,038 s/op
[info] # Warmup Iteration   2: 0,045 ±(99.9%) 0,001 s/op
[info] # Warmup Iteration   3: 0,046 ±(99.9%) 0,001 s/op
[info] # Warmup Iteration   4: 0,045 ±(99.9%) 0,001 s/op
[info] # Warmup Iteration   5: 0,044 ±(99.9%) 0,001 s/op
[info] # Warmup Iteration   6: 0,046 ±(99.9%) 0,001 s/op
[info] # Warmup Iteration   7: 0,046 ±(99.9%) 0,001 s/op
[info] # Warmup Iteration   8: 0,045 ±(99.9%) 0,001 s/op
[info] # Warmup Iteration   9: 0,045 ±(99.9%) 0,001 s/op
[info] # Warmup Iteration  10: 0,045 ±(99.9%) 0,001 s/op
[info] Iteration   1: 0,044 ±(99.9%) 0,001 s/op
[info]                  client.cpu:         5,878 ms/batch
[info]                  gc.alloc.rate:      2,304 MB/sec
[info]                  gc.alloc.rate.norm: 106865,391 B/op
[info]                  gc.count:           ≈ 0 counts
[info]                  p0.00:              0,043 s/op
[info]                  p0.50:              0,044 s/op
[info]                  p0.90:              0,046 s/op
[info]                  p0.95:              0,047 s/op
[info]                  p0.99:              0,047 s/op
[info]                  p0.999:             0,047 s/op
[info]                  p0.9999:            0,047 s/op
[info]                  p1.00:              0,047 s/op
[info] Iteration   2: 0,045 ±(99.9%) 0,001 s/op
[info]                  client.cpu:         6,189 ms/batch
[info]                  gc.alloc.rate:      2,238 MB/sec
[info]                  gc.alloc.rate.norm: 106777,391 B/op
[info]                  gc.count:           ≈ 0 counts
[info]                  p0.00:              0,044 s/op
[info]                  p0.50:              0,045 s/op
[info]                  p0.90:              0,047 s/op
[info]                  p0.95:              0,047 s/op
[info]                  p0.99:              0,048 s/op
[info]                  p0.999:             0,048 s/op
[info]                  p0.9999:            0,048 s/op
[info]                  p1.00:              0,048 s/op
[info] Iteration   3: 0,046 ±(99.9%) 0,001 s/op
[info]                  client.cpu:         5,858 ms/batch
[info]                  gc.alloc.rate:      2,228 MB/sec
[info]                  gc.alloc.rate.norm: 106938,545 B/op
[info]                  gc.count:           ≈ 0 counts
[info]                  p0.00:              0,044 s/op
[info]                  p0.50:              0,046 s/op
[info]                  p0.90:              0,047 s/op
[info]                  p0.95:              0,047 s/op
[info]                  p0.99:              0,047 s/op
[info]                  p0.999:             0,047 s/op
[info]                  p0.9999:            0,047 s/op
[info]                  p1.00:              0,047 s/op
[info] Iteration   4: 0,045 ±(99.9%) 0,001 s/op
[info]                  client.cpu:         6,248 ms/batch
[info]                  gc.alloc.rate:      2,252 MB/sec
[info]                  gc.alloc.rate.norm: 106535,652 B/op
[info]                  gc.count:           ≈ 0 counts
[info]                  p0.00:              0,043 s/op
[info]                  p0.50:              0,045 s/op
[info]                  p0.90:              0,047 s/op
[info]                  p0.95:              0,047 s/op
[info]                  p0.99:              0,047 s/op
[info]                  p0.999:             0,047 s/op
[info]                  p0.9999:            0,047 s/op
[info]                  p1.00:              0,047 s/op
[info] Iteration   5: 0,045 ±(99.9%) 0,001 s/op
[info]                  client.cpu:         6,599 ms/batch
[info]                  gc.alloc.rate:      1,779 MB/sec
[info]                  gc.alloc.rate.norm: 110103,652 B/op
[info]                  gc.count:           ≈ 0 counts
[info]                  p0.00:              0,043 s/op
[info]                  p0.50:              0,045 s/op
[info]                  p0.90:              0,047 s/op
[info]                  p0.95:              0,047 s/op
[info]                  p0.99:              0,047 s/op
[info]                  p0.999:             0,047 s/op
[info]                  p0.9999:            0,047 s/op
[info]                  p1.00:              0,047 s/op
[info] # Run progress: 51,04% complete, ETA 00:16:30
[info] # Fork: 2 of 3
[info] WARNING: A terminally deprecated method in sun.misc.Unsafe has been called
[info] WARNING: sun.misc.Unsafe::objectFieldOffset has been called by org.openjdk.jmh.util.Utils (file:/Users/stas/projects/scala-effect-bench/target/bg-jobs/sbt_ec168a1a/target/ec0caa91/1296d6b9/jmh-core-1.37.jar)
[info] WARNING: Please consider reporting this to the maintainers of class org.openjdk.jmh.util.Utils
[info] WARNING: sun.misc.Unsafe::objectFieldOffset will be removed in a future release
[info] # Warmup Iteration   1: 0,055 ±(99.9%) 0,039 s/op
[info] # Warmup Iteration   2: 0,046 ±(99.9%) 0,001 s/op
[info] # Warmup Iteration   3: 0,046 ±(99.9%) 0,001 s/op
[info] # Warmup Iteration   4: 0,046 ±(99.9%) 0,001 s/op
[info] # Warmup Iteration   5: 0,046 ±(99.9%) 0,001 s/op
[info] # Warmup Iteration   6: 0,045 ±(99.9%) 0,001 s/op
[info] # Warmup Iteration   7: 0,045 ±(99.9%) 0,001 s/op
[info] # Warmup Iteration   8: 0,045 ±(99.9%) 0,001 s/op
[info] # Warmup Iteration   9: 0,046 ±(99.9%) 0,001 s/op
[info] # Warmup Iteration  10: 0,045 ±(99.9%) 0,001 s/op
[info] Iteration   1: 0,046 ±(99.9%) 0,003 s/op
[info]                  client.cpu:         6,592 ms/batch
[info]                  gc.alloc.rate:      2,217 MB/sec
[info]                  gc.alloc.rate.norm: 106714,909 B/op
[info]                  gc.count:           ≈ 0 counts
[info]                  p0.00:              0,043 s/op
[info]                  p0.50:              0,045 s/op
[info]                  p0.90:              0,053 s/op
[info]                  p0.95:              0,057 s/op
[info]                  p0.99:              0,057 s/op
[info]                  p0.999:             0,057 s/op
[info]                  p0.9999:            0,057 s/op
[info]                  p1.00:              0,057 s/op
[info] Iteration   2: 0,050 ±(99.9%) 0,006 s/op
[info]                  client.cpu:         9,134 ms/batch
[info]                  gc.alloc.rate:      2,077 MB/sec
[info]                  gc.alloc.rate.norm: 108532,190 B/op
[info]                  gc.count:           ≈ 0 counts
[info]                  p0.00:              0,044 s/op
[info]                  p0.50:              0,046 s/op
[info]                  p0.90:              0,064 s/op
[info]                  p0.95:              0,070 s/op
[info]                  p0.99:              0,070 s/op
[info]                  p0.999:             0,070 s/op
[info]                  p0.9999:            0,070 s/op
[info]                  p1.00:              0,070 s/op
[info] Iteration   3: 0,054 ±(99.9%) 0,009 s/op
[info]                  client.cpu:         10,015 ms/batch
[info]                  gc.alloc.rate:      1,924 MB/sec
[info]                  gc.alloc.rate.norm: 108594,526 B/op
[info]                  gc.count:           ≈ 0 counts
[info]                  p0.00:              0,044 s/op
[info]                  p0.50:              0,049 s/op
[info]                  p0.90:              0,071 s/op
[info]                  p0.95:              0,078 s/op
[info]                  p0.99:              0,078 s/op
[info]                  p0.999:             0,078 s/op
[info]                  p0.9999:            0,078 s/op
[info]                  p1.00:              0,078 s/op
[info] Iteration   4: 0,049 ±(99.9%) 0,006 s/op
[info]                  client.cpu:         8,271 ms/batch
[info]                  gc.alloc.rate:      2,128 MB/sec
[info]                  gc.alloc.rate.norm: 108523,048 B/op
[info]                  gc.count:           ≈ 0 counts
[info]                  p0.00:              0,044 s/op
[info]                  p0.50:              0,046 s/op
[info]                  p0.90:              0,057 s/op
[info]                  p0.95:              0,073 s/op
[info]                  p0.99:              0,075 s/op
[info]                  p0.999:             0,075 s/op
[info]                  p0.9999:            0,075 s/op
[info]                  p1.00:              0,075 s/op
[info] Iteration   5: 0,050 ±(99.9%) 0,007 s/op
[info]                  client.cpu:         9,189 ms/batch
[info]                  gc.alloc.rate:      1,639 MB/sec
[info]                  gc.alloc.rate.norm: 111862,476 B/op
[info]                  gc.count:           ≈ 0 counts
[info]                  p0.00:              0,043 s/op
[info]                  p0.50:              0,047 s/op
[info]                  p0.90:              0,067 s/op
[info]                  p0.95:              0,067 s/op
[info]                  p0.99:              0,068 s/op
[info]                  p0.999:             0,068 s/op
[info]                  p0.9999:            0,068 s/op
[info]                  p1.00:              0,068 s/op
[info] # Run progress: 52,08% complete, ETA 00:16:09
[info] # Fork: 3 of 3
[info] WARNING: A terminally deprecated method in sun.misc.Unsafe has been called
[info] WARNING: sun.misc.Unsafe::objectFieldOffset has been called by org.openjdk.jmh.util.Utils (file:/Users/stas/projects/scala-effect-bench/target/bg-jobs/sbt_ec168a1a/target/ec0caa91/1296d6b9/jmh-core-1.37.jar)
[info] WARNING: Please consider reporting this to the maintainers of class org.openjdk.jmh.util.Utils
[info] WARNING: sun.misc.Unsafe::objectFieldOffset will be removed in a future release
[info] # Warmup Iteration   1: 0,055 ±(99.9%) 0,036 s/op
[info] # Warmup Iteration   2: 0,047 ±(99.9%) 0,004 s/op
[info] # Warmup Iteration   3: 0,052 ±(99.9%) 0,009 s/op
[info] # Warmup Iteration   4: 0,054 ±(99.9%) 0,008 s/op
[info] # Warmup Iteration   5: 0,049 ±(99.9%) 0,006 s/op
[info] # Warmup Iteration   6: 0,052 ±(99.9%) 0,009 s/op
[info] # Warmup Iteration   7: 0,047 ±(99.9%) 0,003 s/op
[info] # Warmup Iteration   8: 0,046 ±(99.9%) 0,002 s/op
[info] # Warmup Iteration   9: 0,048 ±(99.9%) 0,004 s/op
[info] # Warmup Iteration  10: 0,048 ±(99.9%) 0,005 s/op
[info] Iteration   1: 0,050 ±(99.9%) 0,008 s/op
[info]                  client.cpu:         10,728 ms/batch
[info]                  gc.alloc.rate:      2,068 MB/sec
[info]                  gc.alloc.rate.norm: 108400,000 B/op
[info]                  gc.count:           ≈ 0 counts
[info]                  p0.00:              0,044 s/op
[info]                  p0.50:              0,046 s/op
[info]                  p0.90:              0,072 s/op
[info]                  p0.95:              0,074 s/op
[info]                  p0.99:              0,074 s/op
[info]                  p0.999:             0,074 s/op
[info]                  p0.9999:            0,074 s/op
[info]                  p1.00:              0,074 s/op
[info] Iteration   2: 0,050 ±(99.9%) 0,005 s/op
[info]                  client.cpu:         7,606 ms/batch
[info]                  gc.alloc.rate:      2,051 MB/sec
[info]                  gc.alloc.rate.norm: 106831,619 B/op
[info]                  gc.count:           ≈ 0 counts
[info]                  p0.00:              0,044 s/op
[info]                  p0.50:              0,047 s/op
[info]                  p0.90:              0,062 s/op
[info]                  p0.95:              0,063 s/op
[info]                  p0.99:              0,063 s/op
[info]                  p0.999:             0,063 s/op
[info]                  p0.9999:            0,063 s/op
[info]                  p1.00:              0,063 s/op
[info] Iteration   3: 0,050 ±(99.9%) 0,008 s/op
[info]                  client.cpu:         8,415 ms/batch
[info]                  gc.alloc.rate:      2,064 MB/sec
[info]                  gc.alloc.rate.norm: 108275,048 B/op
[info]                  gc.count:           ≈ 0 counts
[info]                  p0.00:              0,044 s/op
[info]                  p0.50:              0,047 s/op
[info]                  p0.90:              0,073 s/op
[info]                  p0.95:              0,077 s/op
[info]                  p0.99:              0,077 s/op
[info]                  p0.999:             0,077 s/op
[info]                  p0.9999:            0,077 s/op
[info]                  p1.00:              0,077 s/op
[info] Iteration   4: 0,051 ±(99.9%) 0,008 s/op
[info]                  client.cpu:         8,514 ms/batch
[info]                  gc.alloc.rate:      2,043 MB/sec
[info]                  gc.alloc.rate.norm: 108564,800 B/op
[info]                  gc.count:           ≈ 0 counts
[info]                  p0.00:              0,044 s/op
[info]                  p0.50:              0,046 s/op
[info]                  p0.90:              0,065 s/op
[info]                  p0.95:              0,072 s/op
[info]                  p0.99:              0,073 s/op
[info]                  p0.999:             0,073 s/op
[info]                  p0.9999:            0,073 s/op
[info]                  p1.00:              0,073 s/op
[info] Iteration   5: 0,052 ±(99.9%) 0,008 s/op
[info]                  client.cpu:         10,377 ms/batch
[info]                  gc.alloc.rate:      1,569 MB/sec
[info]                  gc.alloc.rate.norm: 112683,200 B/op
[info]                  gc.count:           ≈ 0 counts
[info]                  p0.00:              0,044 s/op
[info]                  p0.50:              0,048 s/op
[info]                  p0.90:              0,069 s/op
[info]                  p0.95:              0,070 s/op
[info]                  p0.99:              0,070 s/op
[info]                  p0.999:             0,070 s/op
[info]                  p0.9999:            0,070 s/op
[info]                  p1.00:              0,070 s/op
[info] Result "bench.io.IoBench.requests":
[info]   N = 321
[info]   mean =      0,048 ±(99.9%) 0,001 s/op
[info]   Histogram, s/op:
[info]     [0,040, 0,043) = 0 
[info]     [0,043, 0,045) = 134 
[info]     [0,045, 0,048) = 99 
[info]     [0,048, 0,050) = 30 
[info]     [0,050, 0,053) = 9 
[info]     [0,053, 0,055) = 6 
[info]     [0,055, 0,058) = 7 
[info]     [0,058, 0,060) = 6 
[info]     [0,060, 0,063) = 6 
[info]     [0,063, 0,065) = 8 
[info]     [0,065, 0,068) = 3 
[info]     [0,068, 0,070) = 4 
[info]     [0,070, 0,073) = 2 
[info]     [0,073, 0,075) = 4 
[info]     [0,075, 0,078) = 2 
[info]   Percentiles, s/op:
[info]       p(0,0000) =      0,043 s/op
[info]      p(50,0000) =      0,046 s/op
[info]      p(90,0000) =      0,059 s/op
[info]      p(95,0000) =      0,065 s/op
[info]      p(99,0000) =      0,076 s/op
[info]      p(99,9000) =      0,078 s/op
[info]      p(99,9900) =      0,078 s/op
[info]      p(99,9990) =      0,078 s/op
[info]      p(99,9999) =      0,078 s/op
[info]     p(100,0000) =      0,078 s/op
[info] Secondary result "bench.io.IoBench.requests:client.cpu":
[info]   7,974 ±(99.9%) 1,805 ms/batch [Average]
[info]   (min, avg, max) = (5,858, 7,974, 10,728), stdev = 1,688
[info]   CI (99.9%): [6,170, 9,779] (assumes normal distribution)
[info] Secondary result "bench.io.IoBench.requests:gc.alloc.rate":
[info]   2,039 ±(99.9%) 0,238 MB/sec [Average]
[info]   (min, avg, max) = (1,569, 2,039, 2,304), stdev = 0,223
[info]   CI (99.9%): [1,801, 2,277] (assumes normal distribution)
[info] Secondary result "bench.io.IoBench.requests:gc.alloc.rate.norm":
[info]   108413,497 ±(99.9%) 2005,051 B/op [Average]
[info]   (min, avg, max) = (106535,652, 108413,497, 112683,200), stdev = 1875,526
[info]   CI (99.9%): [106408,446, 110418,547] (assumes normal distribution)
[info] Secondary result "bench.io.IoBench.requests:gc.count":
[info]   ≈ 0 counts
[info] # JMH version: 1.37
[info] # VM version: JDK 25.0.3, Java HotSpot(TM) 64-Bit Server VM, 25.0.3+9-LTS-195
[info] # VM invoker: /Users/stas/.sdkman/candidates/java/25.0.3-oracle/bin/java
[info] # VM options: --add-opens=java.base/java.lang=ALL-UNNAMED -Xms2g -Xmx2g -XX:+UseG1GC --add-opens=java.base/java.lang=ALL-UNNAMED -Xms2g -Xmx2g -XX:+UseG1GC
[info] # Blackhole mode: compiler (auto-detected, use -Djmh.blackhole.autoDetect=false to disable)
[info] # Warmup: 10 iterations, 1 s each
[info] # Measurement: 5 iterations, 1 s each
[info] # Timeout: 10 min per iteration
[info] # Threads: 1 thread, will synchronize iterations
[info] # Benchmark mode: Sampling time
[info] # Benchmark: bench.io.IoBench.requests
[info] # Parameters: (delayMicros = 1000, parallelism = 8, runtime = ce, size = 256, transport = nonblocking)
[info] # Run progress: 53,13% complete, ETA 00:15:48
[info] # Fork: 1 of 3
[info] WARNING: A terminally deprecated method in sun.misc.Unsafe has been called
[info] WARNING: sun.misc.Unsafe::objectFieldOffset has been called by org.openjdk.jmh.util.Utils (file:/Users/stas/projects/scala-effect-bench/target/bg-jobs/sbt_ec168a1a/target/ec0caa91/1296d6b9/jmh-core-1.37.jar)
[info] WARNING: Please consider reporting this to the maintainers of class org.openjdk.jmh.util.Utils
[info] WARNING: sun.misc.Unsafe::objectFieldOffset will be removed in a future release
[info] # Warmup Iteration   1: 0,055 ±(99.9%) 0,037 s/op
[info] # Warmup Iteration   2: 0,048 ±(99.9%) 0,004 s/op
[info] # Warmup Iteration   3: 0,050 ±(99.9%) 0,007 s/op
[info] # Warmup Iteration   4: 0,054 ±(99.9%) 0,011 s/op
[info] # Warmup Iteration   5: 0,049 ±(99.9%) 0,006 s/op
[info] # Warmup Iteration   6: 0,052 ±(99.9%) 0,009 s/op
[info] # Warmup Iteration   7: 0,049 ±(99.9%) 0,008 s/op
[info] # Warmup Iteration   8: 0,045 ±(99.9%) 0,001 s/op
[info] # Warmup Iteration   9: 0,046 ±(99.9%) 0,001 s/op
[info] # Warmup Iteration  10: 0,046 ±(99.9%) 0,001 s/op
[info] Iteration   1: 0,045 ±(99.9%) 0,001 s/op
[info]                  client.cpu:         10,014 ms/batch
[info]                  gc.alloc.rate:      7,057 MB/sec
[info]                  gc.alloc.rate.norm: 336421,217 B/op
[info]                  gc.count:           ≈ 0 counts
[info]                  p0.00:              0,044 s/op
[info]                  p0.50:              0,045 s/op
[info]                  p0.90:              0,048 s/op
[info]                  p0.95:              0,048 s/op
[info]                  p0.99:              0,048 s/op
[info]                  p0.999:             0,048 s/op
[info]                  p0.9999:            0,048 s/op
[info]                  p1.00:              0,048 s/op
[info] Iteration   2: 0,045 ±(99.9%) 0,001 s/op
[info]                  client.cpu:         7,483 ms/batch
[info]                  gc.alloc.rate:      7,105 MB/sec
[info]                  gc.alloc.rate.norm: 336233,391 B/op
[info]                  gc.count:           ≈ 0 counts
[info]                  p0.00:              0,044 s/op
[info]                  p0.50:              0,045 s/op
[info]                  p0.90:              0,047 s/op
[info]                  p0.95:              0,048 s/op
[info]                  p0.99:              0,048 s/op
[info]                  p0.999:             0,048 s/op
[info]                  p0.9999:            0,048 s/op
[info]                  p1.00:              0,048 s/op
[info] Iteration   3: 0,045 ±(99.9%) 0,001 s/op
[info]                  client.cpu:         6,286 ms/batch
[info]                  gc.alloc.rate:      7,132 MB/sec
[info]                  gc.alloc.rate.norm: 336662,609 B/op
[info]                  gc.count:           ≈ 0 counts
[info]                  p0.00:              0,044 s/op
[info]                  p0.50:              0,044 s/op
[info]                  p0.90:              0,048 s/op
[info]                  p0.95:              0,048 s/op
[info]                  p0.99:              0,048 s/op
[info]                  p0.999:             0,048 s/op
[info]                  p0.9999:            0,048 s/op
[info]                  p1.00:              0,048 s/op
[info] Iteration   4: 0,046 ±(99.9%) 0,001 s/op
[info]                  client.cpu:         6,795 ms/batch
[info]                  gc.alloc.rate:      6,994 MB/sec
[info]                  gc.alloc.rate.norm: 336488,364 B/op
[info]                  gc.count:           ≈ 0 counts
[info]                  p0.00:              0,044 s/op
[info]                  p0.50:              0,046 s/op
[info]                  p0.90:              0,047 s/op
[info]                  p0.95:              0,048 s/op
[info]                  p0.99:              0,048 s/op
[info]                  p0.999:             0,048 s/op
[info]                  p0.9999:            0,048 s/op
[info]                  p1.00:              0,048 s/op
[info] Iteration   5: 0,046 ±(99.9%) 0,001 s/op
[info]                  client.cpu:         6,999 ms/batch
[info]                  gc.alloc.rate:      5,419 MB/sec
[info]                  gc.alloc.rate.norm: 341989,818 B/op
[info]                  gc.count:           ≈ 0 counts
[info]                  p0.00:              0,044 s/op
[info]                  p0.50:              0,046 s/op
[info]                  p0.90:              0,047 s/op
[info]                  p0.95:              0,048 s/op
[info]                  p0.99:              0,048 s/op
[info]                  p0.999:             0,048 s/op
[info]                  p0.9999:            0,048 s/op
[info]                  p1.00:              0,048 s/op
[info] # Run progress: 54,17% complete, ETA 00:15:27
[info] # Fork: 2 of 3
[info] WARNING: A terminally deprecated method in sun.misc.Unsafe has been called
[info] WARNING: sun.misc.Unsafe::objectFieldOffset has been called by org.openjdk.jmh.util.Utils (file:/Users/stas/projects/scala-effect-bench/target/bg-jobs/sbt_ec168a1a/target/ec0caa91/1296d6b9/jmh-core-1.37.jar)
[info] WARNING: Please consider reporting this to the maintainers of class org.openjdk.jmh.util.Utils
[info] WARNING: sun.misc.Unsafe::objectFieldOffset will be removed in a future release
[info] # Warmup Iteration   1: 0,056 ±(99.9%) 0,041 s/op
[info] # Warmup Iteration   2: 0,046 ±(99.9%) 0,001 s/op
[info] # Warmup Iteration   3: 0,045 ±(99.9%) 0,001 s/op
[info] # Warmup Iteration   4: 0,046 ±(99.9%) 0,001 s/op
[info] # Warmup Iteration   5: 0,046 ±(99.9%) 0,001 s/op
[info] # Warmup Iteration   6: 0,046 ±(99.9%) 0,001 s/op
[info] # Warmup Iteration   7: 0,046 ±(99.9%) 0,001 s/op
[info] # Warmup Iteration   8: 0,046 ±(99.9%) 0,001 s/op
[info] # Warmup Iteration   9: 0,046 ±(99.9%) 0,001 s/op
[info] # Warmup Iteration  10: 0,045 ±(99.9%) 0,001 s/op
[info] Iteration   1: 0,045 ±(99.9%) 0,001 s/op
[info]                  client.cpu:         7,022 ms/batch
[info]                  gc.alloc.rate:      7,080 MB/sec
[info]                  gc.alloc.rate.norm: 336958,261 B/op
[info]                  gc.count:           ≈ 0 counts
[info]                  p0.00:              0,044 s/op
[info]                  p0.50:              0,045 s/op
[info]                  p0.90:              0,047 s/op
[info]                  p0.95:              0,048 s/op
[info]                  p0.99:              0,048 s/op
[info]                  p0.999:             0,048 s/op
[info]                  p0.9999:            0,048 s/op
[info]                  p1.00:              0,048 s/op
[info] Iteration   2: 0,045 ±(99.9%) 0,001 s/op
[info]                  client.cpu:         6,912 ms/batch
[info]                  gc.alloc.rate:      7,135 MB/sec
[info]                  gc.alloc.rate.norm: 336549,913 B/op
[info]                  gc.count:           ≈ 0 counts
[info]                  p0.00:              0,044 s/op
[info]                  p0.50:              0,045 s/op
[info]                  p0.90:              0,046 s/op
[info]                  p0.95:              0,046 s/op
[info]                  p0.99:              0,046 s/op
[info]                  p0.999:             0,046 s/op
[info]                  p0.9999:            0,046 s/op
[info]                  p1.00:              0,046 s/op
[info] Iteration   3: 0,045 ±(99.9%) 0,001 s/op
[info]                  client.cpu:         6,520 ms/batch
[info]                  gc.alloc.rate:      7,143 MB/sec
[info]                  gc.alloc.rate.norm: 336470,609 B/op
[info]                  gc.count:           ≈ 0 counts
[info]                  p0.00:              0,044 s/op
[info]                  p0.50:              0,044 s/op
[info]                  p0.90:              0,047 s/op
[info]                  p0.95:              0,047 s/op
[info]                  p0.99:              0,048 s/op
[info]                  p0.999:             0,048 s/op
[info]                  p0.9999:            0,048 s/op
[info]                  p1.00:              0,048 s/op
[info] Iteration   4: 0,045 ±(99.9%) 0,001 s/op
[info]                  client.cpu:         6,505 ms/batch
[info]                  gc.alloc.rate:      7,071 MB/sec
[info]                  gc.alloc.rate.norm: 335921,043 B/op
[info]                  gc.count:           ≈ 0 counts
[info]                  p0.00:              0,044 s/op
[info]                  p0.50:              0,045 s/op
[info]                  p0.90:              0,047 s/op
[info]                  p0.95:              0,047 s/op
[info]                  p0.99:              0,047 s/op
[info]                  p0.999:             0,047 s/op
[info]                  p0.9999:            0,047 s/op
[info]                  p1.00:              0,047 s/op
[info] Iteration   5: 0,046 ±(99.9%) 0,001 s/op
[info]                  client.cpu:         7,364 ms/batch
[info]                  gc.alloc.rate:      5,381 MB/sec
[info]                  gc.alloc.rate.norm: 341594,545 B/op
[info]                  gc.count:           ≈ 0 counts
[info]                  p0.00:              0,044 s/op
[info]                  p0.50:              0,046 s/op
[info]                  p0.90:              0,047 s/op
[info]                  p0.95:              0,048 s/op
[info]                  p0.99:              0,049 s/op
[info]                  p0.999:             0,049 s/op
[info]                  p0.9999:            0,049 s/op
[info]                  p1.00:              0,049 s/op
[info] # Run progress: 55,21% complete, ETA 00:15:05
[info] # Fork: 3 of 3
[info] WARNING: A terminally deprecated method in sun.misc.Unsafe has been called
[info] WARNING: sun.misc.Unsafe::objectFieldOffset has been called by org.openjdk.jmh.util.Utils (file:/Users/stas/projects/scala-effect-bench/target/bg-jobs/sbt_ec168a1a/target/ec0caa91/1296d6b9/jmh-core-1.37.jar)
[info] WARNING: Please consider reporting this to the maintainers of class org.openjdk.jmh.util.Utils
[info] WARNING: sun.misc.Unsafe::objectFieldOffset will be removed in a future release
[info] # Warmup Iteration   1: 0,055 ±(99.9%) 0,037 s/op
[info] # Warmup Iteration   2: 0,045 ±(99.9%) 0,001 s/op
[info] # Warmup Iteration   3: 0,045 ±(99.9%) 0,001 s/op
[info] # Warmup Iteration   4: 0,046 ±(99.9%) 0,001 s/op
[info] # Warmup Iteration   5: 0,045 ±(99.9%) 0,001 s/op
[info] # Warmup Iteration   6: 0,045 ±(99.9%) 0,001 s/op
[info] # Warmup Iteration   7: 0,046 ±(99.9%) 0,001 s/op
[info] # Warmup Iteration   8: 0,045 ±(99.9%) 0,001 s/op
[info] # Warmup Iteration   9: 0,045 ±(99.9%) 0,001 s/op
[info] # Warmup Iteration  10: 0,046 ±(99.9%) 0,001 s/op
[info] Iteration   1: 0,046 ±(99.9%) 0,001 s/op
[info]                  client.cpu:         6,606 ms/batch
[info]                  gc.alloc.rate:      7,043 MB/sec
[info]                  gc.alloc.rate.norm: 336647,636 B/op
[info]                  gc.count:           ≈ 0 counts
[info]                  p0.00:              0,044 s/op
[info]                  p0.50:              0,046 s/op
[info]                  p0.90:              0,047 s/op
[info]                  p0.95:              0,048 s/op
[info]                  p0.99:              0,048 s/op
[info]                  p0.999:             0,048 s/op
[info]                  p0.9999:            0,048 s/op
[info]                  p1.00:              0,048 s/op
[info] Iteration   2: 0,046 ±(99.9%) 0,001 s/op
[info]                  client.cpu:         6,914 ms/batch
[info]                  gc.alloc.rate:      6,963 MB/sec
[info]                  gc.alloc.rate.norm: 336673,091 B/op
[info]                  gc.count:           ≈ 0 counts
[info]                  p0.00:              0,044 s/op
[info]                  p0.50:              0,047 s/op
[info]                  p0.90:              0,047 s/op
[info]                  p0.95:              0,048 s/op
[info]                  p0.99:              0,048 s/op
[info]                  p0.999:             0,048 s/op
[info]                  p0.9999:            0,048 s/op
[info]                  p1.00:              0,048 s/op
[info] Iteration   3: 0,046 ±(99.9%) 0,001 s/op
[info]                  client.cpu:         7,250 ms/batch
[info]                  gc.alloc.rate:      6,991 MB/sec
[info]                  gc.alloc.rate.norm: 336209,455 B/op
[info]                  gc.count:           ≈ 0 counts
[info]                  p0.00:              0,044 s/op
[info]                  p0.50:              0,046 s/op
[info]                  p0.90:              0,047 s/op
[info]                  p0.95:              0,048 s/op
[info]                  p0.99:              0,048 s/op
[info]                  p0.999:             0,048 s/op
[info]                  p0.9999:            0,048 s/op
[info]                  p1.00:              0,048 s/op
[info] Iteration   4: 0,045 ±(99.9%) 0,001 s/op
[info]                  client.cpu:         6,200 ms/batch
[info]                  gc.alloc.rate:      7,130 MB/sec
[info]                  gc.alloc.rate.norm: 335934,957 B/op
[info]                  gc.count:           ≈ 0 counts
[info]                  p0.00:              0,044 s/op
[info]                  p0.50:              0,045 s/op
[info]                  p0.90:              0,047 s/op
[info]                  p0.95:              0,048 s/op
[info]                  p0.99:              0,048 s/op
[info]                  p0.999:             0,048 s/op
[info]                  p0.9999:            0,048 s/op
[info]                  p1.00:              0,048 s/op
[info] Iteration   5: 0,046 ±(99.9%) 0,001 s/op
[info]                  client.cpu:         7,723 ms/batch
[info]                  gc.alloc.rate:      5,461 MB/sec
[info]                  gc.alloc.rate.norm: 341113,391 B/op
[info]                  gc.count:           ≈ 0 counts
[info]                  p0.00:              0,044 s/op
[info]                  p0.50:              0,045 s/op
[info]                  p0.90:              0,048 s/op
[info]                  p0.95:              0,048 s/op
[info]                  p0.99:              0,048 s/op
[info]                  p0.999:             0,048 s/op
[info]                  p0.9999:            0,048 s/op
[info]                  p1.00:              0,048 s/op
[info] Result "bench.io.IoBench.requests":
[info]   N = 339
[info]   mean =      0,045 ±(99.9%) 0,001 s/op
[info]   Histogram, s/op:
[info]     [0,043, 0,044) = 0 
[info]     [0,044, 0,044) = 22 
[info]     [0,044, 0,045) = 97 
[info]     [0,045, 0,045) = 45 
[info]     [0,045, 0,046) = 35 
[info]     [0,046, 0,046) = 35 
[info]     [0,046, 0,047) = 25 
[info]     [0,047, 0,047) = 33 
[info]     [0,047, 0,048) = 28 
[info]     [0,048, 0,048) = 14 
[info]     [0,048, 0,049) = 4 
[info]   Percentiles, s/op:
[info]       p(0,0000) =      0,044 s/op
[info]      p(50,0000) =      0,045 s/op
[info]      p(90,0000) =      0,047 s/op
[info]      p(95,0000) =      0,048 s/op
[info]      p(99,0000) =      0,048 s/op
[info]      p(99,9000) =      0,049 s/op
[info]      p(99,9900) =      0,049 s/op
[info]      p(99,9990) =      0,049 s/op
[info]      p(99,9999) =      0,049 s/op
[info]     p(100,0000) =      0,049 s/op
[info] Secondary result "bench.io.IoBench.requests:client.cpu":
[info]   7,106 ±(99.9%) 0,977 ms/batch [Average]
[info]   (min, avg, max) = (6,200, 7,106, 10,014), stdev = 0,914
[info]   CI (99.9%): [6,129, 8,084] (assumes normal distribution)
[info] Secondary result "bench.io.IoBench.requests:gc.alloc.rate":
[info]   6,740 ±(99.9%) 0,733 MB/sec [Average]
[info]   (min, avg, max) = (5,381, 6,740, 7,143), stdev = 0,686
[info]   CI (99.9%): [6,008, 7,473] (assumes normal distribution)
[info] Secondary result "bench.io.IoBench.requests:gc.alloc.rate.norm":
[info]   337457,887 ±(99.9%) 2298,579 B/op [Average]
[info]   (min, avg, max) = (335921,043, 337457,887, 341989,818), stdev = 2150,092
[info]   CI (99.9%): [335159,308, 339756,465] (assumes normal distribution)
[info] Secondary result "bench.io.IoBench.requests:gc.count":
[info]   ≈ 0 counts
[info] # JMH version: 1.37
[info] # VM version: JDK 25.0.3, Java HotSpot(TM) 64-Bit Server VM, 25.0.3+9-LTS-195
[info] # VM invoker: /Users/stas/.sdkman/candidates/java/25.0.3-oracle/bin/java
[info] # VM options: --add-opens=java.base/java.lang=ALL-UNNAMED -Xms2g -Xmx2g -XX:+UseG1GC --add-opens=java.base/java.lang=ALL-UNNAMED -Xms2g -Xmx2g -XX:+UseG1GC
[info] # Blackhole mode: compiler (auto-detected, use -Djmh.blackhole.autoDetect=false to disable)
[info] # Warmup: 10 iterations, 1 s each
[info] # Measurement: 5 iterations, 1 s each
[info] # Timeout: 10 min per iteration
[info] # Threads: 1 thread, will synchronize iterations
[info] # Benchmark mode: Sampling time
[info] # Benchmark: bench.io.IoBench.requests
[info] # Parameters: (delayMicros = 1000, parallelism = 8, runtime = kyo, size = 256, transport = blocking)
[info] # Run progress: 56,25% complete, ETA 00:14:45
[info] # Fork: 1 of 3
[info] WARNING: A terminally deprecated method in sun.misc.Unsafe has been called
[info] WARNING: sun.misc.Unsafe::objectFieldOffset has been called by org.openjdk.jmh.util.Utils (file:/Users/stas/projects/scala-effect-bench/target/bg-jobs/sbt_ec168a1a/target/ec0caa91/1296d6b9/jmh-core-1.37.jar)
[info] WARNING: Please consider reporting this to the maintainers of class org.openjdk.jmh.util.Utils
[info] WARNING: sun.misc.Unsafe::objectFieldOffset will be removed in a future release
[info] # Warmup Iteration   1: 0,065 ±(99.9%) 0,037 s/op
[info] # Warmup Iteration   2: 0,055 ±(99.9%) 0,004 s/op
[info] # Warmup Iteration   3: 0,055 ±(99.9%) 0,004 s/op
[info] # Warmup Iteration   4: 0,055 ±(99.9%) 0,003 s/op
[info] # Warmup Iteration   5: 0,055 ±(99.9%) 0,003 s/op
[info] # Warmup Iteration   6: 0,054 ±(99.9%) 0,002 s/op
[info] # Warmup Iteration   7: 0,055 ±(99.9%) 0,004 s/op
[info] # Warmup Iteration   8: 0,054 ±(99.9%) 0,002 s/op
[info] # Warmup Iteration   9: 0,055 ±(99.9%) 0,003 s/op
[info] # Warmup Iteration  10: 0,055 ±(99.9%) 0,003 s/op
[info] Iteration   1: 0,054 ±(99.9%) 0,002 s/op
[info]                  client.cpu:         8,011 ms/batch
[info]                  gc.alloc.rate:      2,397 MB/sec
[info]                  gc.alloc.rate.norm: 136225,263 B/op
[info]                  gc.count:           ≈ 0 counts
[info]                  p0.00:              0,053 s/op
[info]                  p0.50:              0,054 s/op
[info]                  p0.90:              0,055 s/op
[info]                  p0.95:              0,063 s/op
[info]                  p0.99:              0,063 s/op
[info]                  p0.999:             0,063 s/op
[info]                  p0.9999:            0,063 s/op
[info]                  p1.00:              0,063 s/op
[info] Iteration   2: 0,054 ±(99.9%) 0,003 s/op
[info]                  client.cpu:         8,045 ms/batch
[info]                  gc.alloc.rate:      2,395 MB/sec
[info]                  gc.alloc.rate.norm: 136344,421 B/op
[info]                  gc.count:           ≈ 0 counts
[info]                  p0.00:              0,051 s/op
[info]                  p0.50:              0,053 s/op
[info]                  p0.90:              0,062 s/op
[info]                  p0.95:              0,065 s/op
[info]                  p0.99:              0,065 s/op
[info]                  p0.999:             0,065 s/op
[info]                  p0.9999:            0,065 s/op
[info]                  p1.00:              0,065 s/op
[info] Iteration   3: 0,054 ±(99.9%) 0,004 s/op
[info]                  client.cpu:         7,350 ms/batch
[info]                  gc.alloc.rate:      2,426 MB/sec
[info]                  gc.alloc.rate.norm: 137825,684 B/op
[info]                  gc.count:           ≈ 0 counts
[info]                  p0.00:              0,052 s/op
[info]                  p0.50:              0,054 s/op
[info]                  p0.90:              0,055 s/op
[info]                  p0.95:              0,070 s/op
[info]                  p0.99:              0,070 s/op
[info]                  p0.999:             0,070 s/op
[info]                  p0.9999:            0,070 s/op
[info]                  p1.00:              0,070 s/op
[info] Iteration   4: 0,054 ±(99.9%) 0,003 s/op
[info]                  client.cpu:         7,855 ms/batch
[info]                  gc.alloc.rate:      2,393 MB/sec
[info]                  gc.alloc.rate.norm: 136381,053 B/op
[info]                  gc.count:           ≈ 0 counts
[info]                  p0.00:              0,052 s/op
[info]                  p0.50:              0,053 s/op
[info]                  p0.90:              0,064 s/op
[info]                  p0.95:              0,065 s/op
[info]                  p0.99:              0,065 s/op
[info]                  p0.999:             0,065 s/op
[info]                  p0.9999:            0,065 s/op
[info]                  p1.00:              0,065 s/op
[info] Iteration   5: 0,054 ±(99.9%) 0,004 s/op
[info]                  client.cpu:         7,182 ms/batch
[info]                  gc.alloc.rate:      1,917 MB/sec
[info]                  gc.alloc.rate.norm: 142441,263 B/op
[info]                  gc.count:           ≈ 0 counts
[info]                  p0.00:              0,052 s/op
[info]                  p0.50:              0,053 s/op
[info]                  p0.90:              0,055 s/op
[info]                  p0.95:              0,070 s/op
[info]                  p0.99:              0,070 s/op
[info]                  p0.999:             0,070 s/op
[info]                  p0.9999:            0,070 s/op
[info]                  p1.00:              0,070 s/op
[info] # Run progress: 57,29% complete, ETA 00:14:24
[info] # Fork: 2 of 3
[info] WARNING: A terminally deprecated method in sun.misc.Unsafe has been called
[info] WARNING: sun.misc.Unsafe::objectFieldOffset has been called by org.openjdk.jmh.util.Utils (file:/Users/stas/projects/scala-effect-bench/target/bg-jobs/sbt_ec168a1a/target/ec0caa91/1296d6b9/jmh-core-1.37.jar)
[info] WARNING: Please consider reporting this to the maintainers of class org.openjdk.jmh.util.Utils
[info] WARNING: sun.misc.Unsafe::objectFieldOffset will be removed in a future release
[info] # Warmup Iteration   1: 0,068 ±(99.9%) 0,056 s/op
[info] # Warmup Iteration   2: 0,054 ±(99.9%) 0,002 s/op
[info] # Warmup Iteration   3: 0,054 ±(99.9%) 0,002 s/op
[info] # Warmup Iteration   4: 0,054 ±(99.9%) 0,003 s/op
[info] # Warmup Iteration   5: 0,056 ±(99.9%) 0,004 s/op
[info] # Warmup Iteration   6: 0,056 ±(99.9%) 0,003 s/op
[info] # Warmup Iteration   7: 0,055 ±(99.9%) 0,004 s/op
[info] # Warmup Iteration   8: 0,055 ±(99.9%) 0,002 s/op
[info] # Warmup Iteration   9: 0,055 ±(99.9%) 0,003 s/op
[info] # Warmup Iteration  10: 0,054 ±(99.9%) 0,003 s/op
[info] Iteration   1: 0,054 ±(99.9%) 0,003 s/op
[info]                  client.cpu:         6,856 ms/batch
[info]                  gc.alloc.rate:      2,376 MB/sec
[info]                  gc.alloc.rate.norm: 135699,789 B/op
[info]                  gc.count:           ≈ 0 counts
[info]                  p0.00:              0,052 s/op
[info]                  p0.50:              0,053 s/op
[info]                  p0.90:              0,064 s/op
[info]                  p0.95:              0,065 s/op
[info]                  p0.99:              0,065 s/op
[info]                  p0.999:             0,065 s/op
[info]                  p0.9999:            0,065 s/op
[info]                  p1.00:              0,065 s/op
[info] Iteration   2: 0,054 ±(99.9%) 0,003 s/op
[info]                  client.cpu:         7,955 ms/batch
[info]                  gc.alloc.rate:      2,406 MB/sec
[info]                  gc.alloc.rate.norm: 135739,368 B/op
[info]                  gc.count:           ≈ 0 counts
[info]                  p0.00:              0,051 s/op
[info]                  p0.50:              0,053 s/op
[info]                  p0.90:              0,055 s/op
[info]                  p0.95:              0,065 s/op
[info]                  p0.99:              0,065 s/op
[info]                  p0.999:             0,065 s/op
[info]                  p0.9999:            0,065 s/op
[info]                  p1.00:              0,065 s/op
[info] Iteration   3: 0,055 ±(99.9%) 0,004 s/op
[info]                  client.cpu:         7,511 ms/batch
[info]                  gc.alloc.rate:      2,396 MB/sec
[info]                  gc.alloc.rate.norm: 137272,842 B/op
[info]                  gc.count:           ≈ 0 counts
[info]                  p0.00:              0,051 s/op
[info]                  p0.50:              0,053 s/op
[info]                  p0.90:              0,064 s/op
[info]                  p0.95:              0,070 s/op
[info]                  p0.99:              0,070 s/op
[info]                  p0.999:             0,070 s/op
[info]                  p0.9999:            0,070 s/op
[info]                  p1.00:              0,070 s/op
[info] Iteration   4: 0,054 ±(99.9%) 0,002 s/op
[info]                  client.cpu:         7,672 ms/batch
[info]                  gc.alloc.rate:      2,409 MB/sec
[info]                  gc.alloc.rate.norm: 135854,737 B/op
[info]                  gc.count:           ≈ 0 counts
[info]                  p0.00:              0,052 s/op
[info]                  p0.50:              0,053 s/op
[info]                  p0.90:              0,055 s/op
[info]                  p0.95:              0,063 s/op
[info]                  p0.99:              0,063 s/op
[info]                  p0.999:             0,063 s/op
[info]                  p0.9999:            0,063 s/op
[info]                  p1.00:              0,063 s/op
[info] Iteration   5: 0,054 ±(99.9%) 0,003 s/op
[info]                  client.cpu:         7,212 ms/batch
[info]                  gc.alloc.rate:      1,911 MB/sec
[info]                  gc.alloc.rate.norm: 140414,316 B/op
[info]                  gc.count:           ≈ 0 counts
[info]                  p0.00:              0,052 s/op
[info]                  p0.50:              0,053 s/op
[info]                  p0.90:              0,055 s/op
[info]                  p0.95:              0,067 s/op
[info]                  p0.99:              0,067 s/op
[info]                  p0.999:             0,067 s/op
[info]                  p0.9999:            0,067 s/op
[info]                  p1.00:              0,067 s/op
[info] # Run progress: 58,33% complete, ETA 00:14:02
[info] # Fork: 3 of 3
[info] WARNING: A terminally deprecated method in sun.misc.Unsafe has been called
[info] WARNING: sun.misc.Unsafe::objectFieldOffset has been called by org.openjdk.jmh.util.Utils (file:/Users/stas/projects/scala-effect-bench/target/bg-jobs/sbt_ec168a1a/target/ec0caa91/1296d6b9/jmh-core-1.37.jar)
[info] WARNING: Please consider reporting this to the maintainers of class org.openjdk.jmh.util.Utils
[info] WARNING: sun.misc.Unsafe::objectFieldOffset will be removed in a future release
[info] # Warmup Iteration   1: 0,065 ±(99.9%) 0,037 s/op
[info] # Warmup Iteration   2: 0,054 ±(99.9%) 0,003 s/op
[info] # Warmup Iteration   3: 0,054 ±(99.9%) 0,002 s/op
[info] # Warmup Iteration   4: 0,055 ±(99.9%) 0,004 s/op
[info] # Warmup Iteration   5: 0,054 ±(99.9%) 0,003 s/op
[info] # Warmup Iteration   6: 0,055 ±(99.9%) 0,003 s/op
[info] # Warmup Iteration   7: 0,054 ±(99.9%) 0,002 s/op
[info] # Warmup Iteration   8: 0,054 ±(99.9%) 0,003 s/op
[info] # Warmup Iteration   9: 0,054 ±(99.9%) 0,002 s/op
[info] # Warmup Iteration  10: 0,055 ±(99.9%) 0,003 s/op
[info] Iteration   1: 0,054 ±(99.9%) 0,002 s/op
[info]                  client.cpu:         7,446 ms/batch
[info]                  gc.alloc.rate:      2,389 MB/sec
[info]                  gc.alloc.rate.norm: 136176,421 B/op
[info]                  gc.count:           ≈ 0 counts
[info]                  p0.00:              0,052 s/op
[info]                  p0.50:              0,054 s/op
[info]                  p0.90:              0,055 s/op
[info]                  p0.95:              0,064 s/op
[info]                  p0.99:              0,064 s/op
[info]                  p0.999:             0,064 s/op
[info]                  p0.9999:            0,064 s/op
[info]                  p1.00:              0,064 s/op
[info] Iteration   2: 0,054 ±(99.9%) 0,005 s/op
[info]                  client.cpu:         7,871 ms/batch
[info]                  gc.alloc.rate:      2,409 MB/sec
[info]                  gc.alloc.rate.norm: 137771,789 B/op
[info]                  gc.count:           ≈ 0 counts
[info]                  p0.00:              0,051 s/op
[info]                  p0.50:              0,053 s/op
[info]                  p0.90:              0,068 s/op
[info]                  p0.95:              0,069 s/op
[info]                  p0.99:              0,069 s/op
[info]                  p0.999:             0,069 s/op
[info]                  p0.9999:            0,069 s/op
[info]                  p1.00:              0,069 s/op
[info] Iteration   3: 0,053 ±(99.9%) 0,002 s/op
[info]                  client.cpu:         7,529 ms/batch
[info]                  gc.alloc.rate:      2,429 MB/sec
[info]                  gc.alloc.rate.norm: 136153,684 B/op
[info]                  gc.count:           ≈ 0 counts
[info]                  p0.00:              0,051 s/op
[info]                  p0.50:              0,053 s/op
[info]                  p0.90:              0,054 s/op
[info]                  p0.95:              0,063 s/op
[info]                  p0.99:              0,063 s/op
[info]                  p0.999:             0,063 s/op
[info]                  p0.9999:            0,063 s/op
[info]                  p1.00:              0,063 s/op
[info] Iteration   4: 0,054 ±(99.9%) 0,003 s/op
[info]                  client.cpu:         7,845 ms/batch
[info]                  gc.alloc.rate:      2,412 MB/sec
[info]                  gc.alloc.rate.norm: 136360,000 B/op
[info]                  gc.count:           ≈ 0 counts
[info]                  p0.00:              0,052 s/op
[info]                  p0.50:              0,053 s/op
[info]                  p0.90:              0,055 s/op
[info]                  p0.95:              0,065 s/op
[info]                  p0.99:              0,065 s/op
[info]                  p0.999:             0,065 s/op
[info]                  p0.9999:            0,065 s/op
[info]                  p1.00:              0,065 s/op
[info] Iteration   5: 0,055 ±(99.9%) 0,003 s/op
[info]                  client.cpu:         7,841 ms/batch
[info]                  gc.alloc.rate:      1,895 MB/sec
[info]                  gc.alloc.rate.norm: 141029,474 B/op
[info]                  gc.count:           ≈ 0 counts
[info]                  p0.00:              0,052 s/op
[info]                  p0.50:              0,054 s/op
[info]                  p0.90:              0,063 s/op
[info]                  p0.95:              0,067 s/op
[info]                  p0.99:              0,067 s/op
[info]                  p0.999:             0,067 s/op
[info]                  p0.9999:            0,067 s/op
[info]                  p1.00:              0,067 s/op
[info] Result "bench.io.IoBench.requests":
[info]   N = 285
[info]   mean =      0,054 ±(99.9%) 0,001 s/op
[info]   Histogram, s/op:
[info]     [0,050, 0,051) = 3 
[info]     [0,051, 0,053) = 46 
[info]     [0,053, 0,054) = 156 
[info]     [0,054, 0,055) = 56 
[info]     [0,055, 0,056) = 3 
[info]     [0,056, 0,058) = 0 
[info]     [0,058, 0,059) = 0 
[info]     [0,059, 0,060) = 0 
[info]     [0,060, 0,061) = 0 
[info]     [0,061, 0,063) = 1 
[info]     [0,063, 0,064) = 6 
[info]     [0,064, 0,065) = 4 
[info]     [0,065, 0,066) = 3 
[info]     [0,066, 0,068) = 2 
[info]     [0,068, 0,069) = 1 
[info]     [0,069, 0,070) = 4 
[info]   Percentiles, s/op:
[info]       p(0,0000) =      0,051 s/op
[info]      p(50,0000) =      0,053 s/op
[info]      p(90,0000) =      0,055 s/op
[info]      p(95,0000) =      0,064 s/op
[info]      p(99,0000) =      0,070 s/op
[info]      p(99,9000) =      0,070 s/op
[info]      p(99,9900) =      0,070 s/op
[info]      p(99,9990) =      0,070 s/op
[info]      p(99,9999) =      0,070 s/op
[info]     p(100,0000) =      0,070 s/op
[info] Secondary result "bench.io.IoBench.requests:client.cpu":
[info]   7,612 ±(99.9%) 0,376 ms/batch [Average]
[info]   (min, avg, max) = (6,856, 7,612, 8,045), stdev = 0,351
[info]   CI (99.9%): [7,236, 7,988] (assumes normal distribution)
[info] Secondary result "bench.io.IoBench.requests:gc.alloc.rate":
[info]   2,304 ±(99.9%) 0,220 MB/sec [Average]
[info]   (min, avg, max) = (1,895, 2,304, 2,429), stdev = 0,206
[info]   CI (99.9%): [2,084, 2,524] (assumes normal distribution)
[info] Secondary result "bench.io.IoBench.requests:gc.alloc.rate.norm":
[info]   137446,007 ±(99.9%) 2279,994 B/op [Average]
[info]   (min, avg, max) = (135699,789, 137446,007, 142441,263), stdev = 2132,707
[info]   CI (99.9%): [135166,013, 139726,001] (assumes normal distribution)
[info] Secondary result "bench.io.IoBench.requests:gc.count":
[info]   ≈ 0 counts
[info] # JMH version: 1.37
[info] # VM version: JDK 25.0.3, Java HotSpot(TM) 64-Bit Server VM, 25.0.3+9-LTS-195
[info] # VM invoker: /Users/stas/.sdkman/candidates/java/25.0.3-oracle/bin/java
[info] # VM options: --add-opens=java.base/java.lang=ALL-UNNAMED -Xms2g -Xmx2g -XX:+UseG1GC --add-opens=java.base/java.lang=ALL-UNNAMED -Xms2g -Xmx2g -XX:+UseG1GC
[info] # Blackhole mode: compiler (auto-detected, use -Djmh.blackhole.autoDetect=false to disable)
[info] # Warmup: 10 iterations, 1 s each
[info] # Measurement: 5 iterations, 1 s each
[info] # Timeout: 10 min per iteration
[info] # Threads: 1 thread, will synchronize iterations
[info] # Benchmark mode: Sampling time
[info] # Benchmark: bench.io.IoBench.requests
[info] # Parameters: (delayMicros = 1000, parallelism = 8, runtime = kyo, size = 256, transport = nonblocking)
[info] # Run progress: 59,38% complete, ETA 00:13:41
[info] # Fork: 1 of 3
[info] WARNING: A terminally deprecated method in sun.misc.Unsafe has been called
[info] WARNING: sun.misc.Unsafe::objectFieldOffset has been called by org.openjdk.jmh.util.Utils (file:/Users/stas/projects/scala-effect-bench/target/bg-jobs/sbt_ec168a1a/target/ec0caa91/1296d6b9/jmh-core-1.37.jar)
[info] WARNING: Please consider reporting this to the maintainers of class org.openjdk.jmh.util.Utils
[info] WARNING: sun.misc.Unsafe::objectFieldOffset will be removed in a future release
[info] # Warmup Iteration   1: 0,051 ±(99.9%) 0,025 s/op
[info] # Warmup Iteration   2: 0,044 ±(99.9%) 0,001 s/op
[info] # Warmup Iteration   3: 0,043 ±(99.9%) 0,001 s/op
[info] # Warmup Iteration   4: 0,044 ±(99.9%) 0,001 s/op
[info] # Warmup Iteration   5: 0,044 ±(99.9%) 0,001 s/op
[info] # Warmup Iteration   6: 0,044 ±(99.9%) 0,001 s/op
[info] # Warmup Iteration   7: 0,044 ±(99.9%) 0,001 s/op
[info] # Warmup Iteration   8: 0,044 ±(99.9%) 0,001 s/op
[info] # Warmup Iteration   9: 0,043 ±(99.9%) 0,001 s/op
[info] # Warmup Iteration  10: 0,043 ±(99.9%) 0,001 s/op
[info] Iteration   1: 0,043 ±(99.9%) 0,001 s/op
[info]                  client.cpu:         9,175 ms/batch
[info]                  gc.alloc.rate:      8,769 MB/sec
[info]                  gc.alloc.rate.norm: 397325,333 B/op
[info]                  gc.count:           ≈ 0 counts
[info]                  p0.00:              0,042 s/op
[info]                  p0.50:              0,043 s/op
[info]                  p0.90:              0,044 s/op
[info]                  p0.95:              0,044 s/op
[info]                  p0.99:              0,044 s/op
[info]                  p0.999:             0,044 s/op
[info]                  p0.9999:            0,044 s/op
[info]                  p1.00:              0,044 s/op
[info] Iteration   2: 0,043 ±(99.9%) 0,001 s/op
[info]                  client.cpu:         8,335 ms/batch
[info]                  gc.alloc.rate:      8,817 MB/sec
[info]                  gc.alloc.rate.norm: 397216,333 B/op
[info]                  gc.count:           ≈ 0 counts
[info]                  p0.00:              0,042 s/op
[info]                  p0.50:              0,043 s/op
[info]                  p0.90:              0,044 s/op
[info]                  p0.95:              0,044 s/op
[info]                  p0.99:              0,044 s/op
[info]                  p0.999:             0,044 s/op
[info]                  p0.9999:            0,044 s/op
[info]                  p1.00:              0,044 s/op
[info] Iteration   3: 0,043 ±(99.9%) 0,001 s/op
[info]                  client.cpu:         8,779 ms/batch
[info]                  gc.alloc.rate:      8,764 MB/sec
[info]                  gc.alloc.rate.norm: 397175,667 B/op
[info]                  gc.count:           ≈ 0 counts
[info]                  p0.00:              0,042 s/op
[info]                  p0.50:              0,043 s/op
[info]                  p0.90:              0,044 s/op
[info]                  p0.95:              0,044 s/op
[info]                  p0.99:              0,044 s/op
[info]                  p0.999:             0,044 s/op
[info]                  p0.9999:            0,044 s/op
[info]                  p1.00:              0,044 s/op
[info] Iteration   4: 0,043 ±(99.9%) 0,001 s/op
[info]                  client.cpu:         8,544 ms/batch
[info]                  gc.alloc.rate:      8,733 MB/sec
[info]                  gc.alloc.rate.norm: 397308,000 B/op
[info]                  gc.count:           ≈ 0 counts
[info]                  p0.00:              0,042 s/op
[info]                  p0.50:              0,043 s/op
[info]                  p0.90:              0,044 s/op
[info]                  p0.95:              0,044 s/op
[info]                  p0.99:              0,044 s/op
[info]                  p0.999:             0,044 s/op
[info]                  p0.9999:            0,044 s/op
[info]                  p1.00:              0,044 s/op
[info] Iteration   5: 0,043 ±(99.9%) 0,001 s/op
[info]                  client.cpu:         9,572 ms/batch
[info]                  gc.alloc.rate:      6,757 MB/sec
[info]                  gc.alloc.rate.norm: 402107,333 B/op
[info]                  gc.count:           ≈ 0 counts
[info]                  p0.00:              0,042 s/op
[info]                  p0.50:              0,043 s/op
[info]                  p0.90:              0,044 s/op
[info]                  p0.95:              0,045 s/op
[info]                  p0.99:              0,045 s/op
[info]                  p0.999:             0,045 s/op
[info]                  p0.9999:            0,045 s/op
[info]                  p1.00:              0,045 s/op
[info] # Run progress: 60,42% complete, ETA 00:13:20
[info] # Fork: 2 of 3
[info] WARNING: A terminally deprecated method in sun.misc.Unsafe has been called
[info] WARNING: sun.misc.Unsafe::objectFieldOffset has been called by org.openjdk.jmh.util.Utils (file:/Users/stas/projects/scala-effect-bench/target/bg-jobs/sbt_ec168a1a/target/ec0caa91/1296d6b9/jmh-core-1.37.jar)
[info] WARNING: Please consider reporting this to the maintainers of class org.openjdk.jmh.util.Utils
[info] WARNING: sun.misc.Unsafe::objectFieldOffset will be removed in a future release
[info] # Warmup Iteration   1: 0,052 ±(99.9%) 0,028 s/op
[info] # Warmup Iteration   2: 0,044 ±(99.9%) 0,001 s/op
[info] # Warmup Iteration   3: 0,044 ±(99.9%) 0,001 s/op
[info] # Warmup Iteration   4: 0,044 ±(99.9%) 0,001 s/op
[info] # Warmup Iteration   5: 0,044 ±(99.9%) 0,001 s/op
[info] # Warmup Iteration   6: 0,044 ±(99.9%) 0,001 s/op
[info] # Warmup Iteration   7: 0,044 ±(99.9%) 0,001 s/op
[info] # Warmup Iteration   8: 0,044 ±(99.9%) 0,001 s/op
[info] # Warmup Iteration   9: 0,044 ±(99.9%) 0,001 s/op
[info] # Warmup Iteration  10: 0,043 ±(99.9%) 0,001 s/op
[info] Iteration   1: 0,043 ±(99.9%) 0,001 s/op
[info]                  client.cpu:         8,098 ms/batch
[info]                  gc.alloc.rate:      8,741 MB/sec
[info]                  gc.alloc.rate.norm: 397174,333 B/op
[info]                  gc.count:           ≈ 0 counts
[info]                  p0.00:              0,042 s/op
[info]                  p0.50:              0,043 s/op
[info]                  p0.90:              0,044 s/op
[info]                  p0.95:              0,044 s/op
[info]                  p0.99:              0,044 s/op
[info]                  p0.999:             0,044 s/op
[info]                  p0.9999:            0,044 s/op
[info]                  p1.00:              0,044 s/op
[info] Iteration   2: 0,043 ±(99.9%) 0,001 s/op
[info]                  client.cpu:         8,255 ms/batch
[info]                  gc.alloc.rate:      8,715 MB/sec
[info]                  gc.alloc.rate.norm: 397394,000 B/op
[info]                  gc.count:           ≈ 0 counts
[info]                  p0.00:              0,042 s/op
[info]                  p0.50:              0,043 s/op
[info]                  p0.90:              0,044 s/op
[info]                  p0.95:              0,044 s/op
[info]                  p0.99:              0,044 s/op
[info]                  p0.999:             0,044 s/op
[info]                  p0.9999:            0,044 s/op
[info]                  p1.00:              0,044 s/op
[info] Iteration   3: 0,043 ±(99.9%) 0,001 s/op
[info]                  client.cpu:         8,215 ms/batch
[info]                  gc.alloc.rate:      8,702 MB/sec
[info]                  gc.alloc.rate.norm: 397160,667 B/op
[info]                  gc.count:           ≈ 0 counts
[info]                  p0.00:              0,042 s/op
[info]                  p0.50:              0,043 s/op
[info]                  p0.90:              0,045 s/op
[info]                  p0.95:              0,045 s/op
[info]                  p0.99:              0,045 s/op
[info]                  p0.999:             0,045 s/op
[info]                  p0.9999:            0,045 s/op
[info]                  p1.00:              0,045 s/op
[info] Iteration   4: 0,043 ±(99.9%) 0,001 s/op
[info]                  client.cpu:         8,184 ms/batch
[info]                  gc.alloc.rate:      8,708 MB/sec
[info]                  gc.alloc.rate.norm: 397209,000 B/op
[info]                  gc.count:           ≈ 0 counts
[info]                  p0.00:              0,041 s/op
[info]                  p0.50:              0,043 s/op
[info]                  p0.90:              0,044 s/op
[info]                  p0.95:              0,045 s/op
[info]                  p0.99:              0,045 s/op
[info]                  p0.999:             0,045 s/op
[info]                  p0.9999:            0,045 s/op
[info]                  p1.00:              0,045 s/op
[info] Iteration   5: 0,043 ±(99.9%) 0,001 s/op
[info]                  client.cpu:         9,003 ms/batch
[info]                  gc.alloc.rate:      6,796 MB/sec
[info]                  gc.alloc.rate.norm: 402147,333 B/op
[info]                  gc.count:           ≈ 0 counts
[info]                  p0.00:              0,043 s/op
[info]                  p0.50:              0,043 s/op
[info]                  p0.90:              0,044 s/op
[info]                  p0.95:              0,045 s/op
[info]                  p0.99:              0,045 s/op
[info]                  p0.999:             0,045 s/op
[info]                  p0.9999:            0,045 s/op
[info]                  p1.00:              0,045 s/op
[info] # Run progress: 61,46% complete, ETA 00:12:59
[info] # Fork: 3 of 3
[info] WARNING: A terminally deprecated method in sun.misc.Unsafe has been called
[info] WARNING: sun.misc.Unsafe::objectFieldOffset has been called by org.openjdk.jmh.util.Utils (file:/Users/stas/projects/scala-effect-bench/target/bg-jobs/sbt_ec168a1a/target/ec0caa91/1296d6b9/jmh-core-1.37.jar)
[info] WARNING: Please consider reporting this to the maintainers of class org.openjdk.jmh.util.Utils
[info] WARNING: sun.misc.Unsafe::objectFieldOffset will be removed in a future release
[info] # Warmup Iteration   1: 0,051 ±(99.9%) 0,027 s/op
[info] # Warmup Iteration   2: 0,043 ±(99.9%) 0,001 s/op
[info] # Warmup Iteration   3: 0,044 ±(99.9%) 0,001 s/op
[info] # Warmup Iteration   4: 0,043 ±(99.9%) 0,001 s/op
[info] # Warmup Iteration   5: 0,044 ±(99.9%) 0,001 s/op
[info] # Warmup Iteration   6: 0,044 ±(99.9%) 0,001 s/op
[info] # Warmup Iteration   7: 0,044 ±(99.9%) 0,001 s/op
[info] # Warmup Iteration   8: 0,044 ±(99.9%) 0,001 s/op
[info] # Warmup Iteration   9: 0,044 ±(99.9%) 0,001 s/op
[info] # Warmup Iteration  10: 0,044 ±(99.9%) 0,001 s/op
[info] Iteration   1: 0,044 ±(99.9%) 0,001 s/op
[info]                  client.cpu:         8,341 ms/batch
[info]                  gc.alloc.rate:      8,623 MB/sec
[info]                  gc.alloc.rate.norm: 397106,087 B/op
[info]                  gc.count:           ≈ 0 counts
[info]                  p0.00:              0,043 s/op
[info]                  p0.50:              0,044 s/op
[info]                  p0.90:              0,046 s/op
[info]                  p0.95:              0,046 s/op
[info]                  p0.99:              0,046 s/op
[info]                  p0.999:             0,046 s/op
[info]                  p0.9999:            0,046 s/op
[info]                  p1.00:              0,046 s/op
[info] Iteration   2: 0,043 ±(99.9%) 0,001 s/op
[info]                  client.cpu:         8,268 ms/batch
[info]                  gc.alloc.rate:      8,732 MB/sec
[info]                  gc.alloc.rate.norm: 397100,333 B/op
[info]                  gc.count:           ≈ 0 counts
[info]                  p0.00:              0,041 s/op
[info]                  p0.50:              0,043 s/op
[info]                  p0.90:              0,044 s/op
[info]                  p0.95:              0,044 s/op
[info]                  p0.99:              0,044 s/op
[info]                  p0.999:             0,044 s/op
[info]                  p0.9999:            0,044 s/op
[info]                  p1.00:              0,044 s/op
[info] Iteration   3: 0,044 ±(99.9%) 0,001 s/op
[info]                  client.cpu:         8,104 ms/batch
[info]                  gc.alloc.rate:      8,686 MB/sec
[info]                  gc.alloc.rate.norm: 397096,696 B/op
[info]                  gc.count:           ≈ 0 counts
[info]                  p0.00:              0,042 s/op
[info]                  p0.50:              0,044 s/op
[info]                  p0.90:              0,044 s/op
[info]                  p0.95:              0,045 s/op
[info]                  p0.99:              0,045 s/op
[info]                  p0.999:             0,045 s/op
[info]                  p0.9999:            0,045 s/op
[info]                  p1.00:              0,045 s/op
[info] Iteration   4: 0,043 ±(99.9%) 0,001 s/op
[info]                  client.cpu:         8,543 ms/batch
[info]                  gc.alloc.rate:      8,723 MB/sec
[info]                  gc.alloc.rate.norm: 397046,000 B/op
[info]                  gc.count:           ≈ 0 counts
[info]                  p0.00:              0,042 s/op
[info]                  p0.50:              0,043 s/op
[info]                  p0.90:              0,044 s/op
[info]                  p0.95:              0,045 s/op
[info]                  p0.99:              0,045 s/op
[info]                  p0.999:             0,045 s/op
[info]                  p0.9999:            0,045 s/op
[info]                  p1.00:              0,045 s/op
[info] Iteration   5: 0,043 ±(99.9%) 0,001 s/op
[info]                  client.cpu:         9,325 ms/batch
[info]                  gc.alloc.rate:      6,820 MB/sec
[info]                  gc.alloc.rate.norm: 401920,667 B/op
[info]                  gc.count:           ≈ 0 counts
[info]                  p0.00:              0,042 s/op
[info]                  p0.50:              0,043 s/op
[info]                  p0.90:              0,044 s/op
[info]                  p0.95:              0,044 s/op
[info]                  p0.99:              0,044 s/op
[info]                  p0.999:             0,044 s/op
[info]                  p0.9999:            0,044 s/op
[info]                  p1.00:              0,044 s/op
[info] Result "bench.io.IoBench.requests":
[info]   N = 358
[info]   mean =      0,043 ±(99.9%) 0,001 s/op
[info]   Histogram, s/op:
[info]     [0,041, 0,041) = 0 
[info]     [0,041, 0,042) = 2 
[info]     [0,042, 0,042) = 2 
[info]     [0,042, 0,042) = 0 
[info]     [0,042, 0,042) = 8 
[info]     [0,042, 0,043) = 18 
[info]     [0,043, 0,043) = 27 
[info]     [0,043, 0,043) = 50 
[info]     [0,043, 0,043) = 45 
[info]     [0,043, 0,044) = 59 
[info]     [0,044, 0,044) = 58 
[info]     [0,044, 0,044) = 38 
[info]     [0,044, 0,044) = 25 
[info]     [0,044, 0,045) = 14 
[info]     [0,045, 0,045) = 5 
[info]     [0,045, 0,045) = 2 
[info]     [0,045, 0,045) = 1 
[info]     [0,045, 0,046) = 2 
[info]     [0,046, 0,046) = 1 
[info]   Percentiles, s/op:
[info]       p(0,0000) =      0,041 s/op
[info]      p(50,0000) =      0,043 s/op
[info]      p(90,0000) =      0,044 s/op
[info]      p(95,0000) =      0,044 s/op
[info]      p(99,0000) =      0,045 s/op
[info]      p(99,9000) =      0,046 s/op
[info]      p(99,9900) =      0,046 s/op
[info]      p(99,9990) =      0,046 s/op
[info]      p(99,9999) =      0,046 s/op
[info]     p(100,0000) =      0,046 s/op
[info] Secondary result "bench.io.IoBench.requests:client.cpu":
[info]   8,583 ±(99.9%) 0,510 ms/batch [Average]
[info]   (min, avg, max) = (8,098, 8,583, 9,572), stdev = 0,477
[info]   CI (99.9%): [8,073, 9,093] (assumes normal distribution)
[info] Secondary result "bench.io.IoBench.requests:gc.alloc.rate":
[info]   8,339 ±(99.9%) 0,858 MB/sec [Average]
[info]   (min, avg, max) = (6,757, 8,339, 8,817), stdev = 0,802
[info]   CI (99.9%): [7,481, 9,197] (assumes normal distribution)
[info] Secondary result "bench.io.IoBench.requests:gc.alloc.rate.norm":
[info]   398165,852 ±(99.9%) 2156,578 B/op [Average]
[info]   (min, avg, max) = (397046,000, 398165,852, 402147,333), stdev = 2017,264
[info]   CI (99.9%): [396009,275, 400322,430] (assumes normal distribution)
[info] Secondary result "bench.io.IoBench.requests:gc.count":
[info]   ≈ 0 counts
[info] # JMH version: 1.37
[info] # VM version: JDK 25.0.3, Java HotSpot(TM) 64-Bit Server VM, 25.0.3+9-LTS-195
[info] # VM invoker: /Users/stas/.sdkman/candidates/java/25.0.3-oracle/bin/java
[info] # VM options: --add-opens=java.base/java.lang=ALL-UNNAMED -Xms2g -Xmx2g -XX:+UseG1GC --add-opens=java.base/java.lang=ALL-UNNAMED -Xms2g -Xmx2g -XX:+UseG1GC
[info] # Blackhole mode: compiler (auto-detected, use -Djmh.blackhole.autoDetect=false to disable)
[info] # Warmup: 10 iterations, 1 s each
[info] # Measurement: 5 iterations, 1 s each
[info] # Timeout: 10 min per iteration
[info] # Threads: 1 thread, will synchronize iterations
[info] # Benchmark mode: Sampling time
[info] # Benchmark: bench.io.IoBench.requests
[info] # Parameters: (delayMicros = 1000, parallelism = 8, runtime = gears, size = 256, transport = blocking)
[info] # Run progress: 62,50% complete, ETA 00:12:38
[info] # Fork: 1 of 3
[info] WARNING: A terminally deprecated method in sun.misc.Unsafe has been called
[info] WARNING: sun.misc.Unsafe::objectFieldOffset has been called by org.openjdk.jmh.util.Utils (file:/Users/stas/projects/scala-effect-bench/target/bg-jobs/sbt_ec168a1a/target/ec0caa91/1296d6b9/jmh-core-1.37.jar)
[info] WARNING: Please consider reporting this to the maintainers of class org.openjdk.jmh.util.Utils
[info] WARNING: sun.misc.Unsafe::objectFieldOffset will be removed in a future release
[info] # Warmup Iteration   1: 0,051 ±(99.9%) 0,007 s/op
[info] # Warmup Iteration   2: 0,047 ±(99.9%) 0,003 s/op
[info] # Warmup Iteration   3: 0,048 ±(99.9%) 0,005 s/op
[info] # Warmup Iteration   4: 0,047 ±(99.9%) 0,005 s/op
[info] # Warmup Iteration   5: 0,053 ±(99.9%) 0,009 s/op
[info] # Warmup Iteration   6: 0,047 ±(99.9%) 0,003 s/op
[info] # Warmup Iteration   7: 0,046 ±(99.9%) 0,003 s/op
[info] # Warmup Iteration   8: 0,047 ±(99.9%) 0,006 s/op
[info] # Warmup Iteration   9: 0,046 ±(99.9%) 0,002 s/op
[info] # Warmup Iteration  10: 0,045 ±(99.9%) 0,001 s/op
[info] Iteration   1: 0,048 ±(99.9%) 0,004 s/op
[info]                  client.cpu:         11,780 ms/batch
[info]                  gc.alloc.rate:      1,674 MB/sec
[info]                  gc.alloc.rate.norm: 84516,364 B/op
[info]                  gc.count:           ≈ 0 counts
[info]                  p0.00:              0,044 s/op
[info]                  p0.50:              0,047 s/op
[info]                  p0.90:              0,054 s/op
[info]                  p0.95:              0,064 s/op
[info]                  p0.99:              0,066 s/op
[info]                  p0.999:             0,066 s/op
[info]                  p0.9999:            0,066 s/op
[info]                  p1.00:              0,066 s/op
[info] Iteration   2: 0,050 ±(99.9%) 0,007 s/op
[info]                  client.cpu:         12,687 ms/batch
[info]                  gc.alloc.rate:      1,631 MB/sec
[info]                  gc.alloc.rate.norm: 86203,200 B/op
[info]                  gc.count:           ≈ 0 counts
[info]                  p0.00:              0,044 s/op
[info]                  p0.50:              0,046 s/op
[info]                  p0.90:              0,068 s/op
[info]                  p0.95:              0,069 s/op
[info]                  p0.99:              0,069 s/op
[info]                  p0.999:             0,069 s/op
[info]                  p0.9999:            0,069 s/op
[info]                  p1.00:              0,069 s/op
[info] Iteration   3: 0,051 ±(99.9%) 0,008 s/op
[info]                  client.cpu:         13,325 ms/batch
[info]                  gc.alloc.rate:      1,599 MB/sec
[info]                  gc.alloc.rate.norm: 86104,800 B/op
[info]                  gc.count:           ≈ 0 counts
[info]                  p0.00:              0,044 s/op
[info]                  p0.50:              0,048 s/op
[info]                  p0.90:              0,069 s/op
[info]                  p0.95:              0,071 s/op
[info]                  p0.99:              0,071 s/op
[info]                  p0.999:             0,071 s/op
[info]                  p0.9999:            0,071 s/op
[info]                  p1.00:              0,071 s/op
[info] Iteration   4: 0,047 ±(99.9%) 0,005 s/op
[info]                  client.cpu:         11,252 ms/batch
[info]                  gc.alloc.rate:      1,699 MB/sec
[info]                  gc.alloc.rate.norm: 83957,818 B/op
[info]                  gc.count:           ≈ 0 counts
[info]                  p0.00:              0,043 s/op
[info]                  p0.50:              0,044 s/op
[info]                  p0.90:              0,057 s/op
[info]                  p0.95:              0,065 s/op
[info]                  p0.99:              0,066 s/op
[info]                  p0.999:             0,066 s/op
[info]                  p0.9999:            0,066 s/op
[info]                  p1.00:              0,066 s/op
[info] Iteration   5: 0,049 ±(99.9%) 0,007 s/op
[info]                  client.cpu:         12,286 ms/batch
[info]                  gc.alloc.rate:      1,333 MB/sec
[info]                  gc.alloc.rate.norm: 89450,286 B/op
[info]                  gc.count:           ≈ 0 counts
[info]                  p0.00:              0,043 s/op
[info]                  p0.50:              0,046 s/op
[info]                  p0.90:              0,066 s/op
[info]                  p0.95:              0,072 s/op
[info]                  p0.99:              0,072 s/op
[info]                  p0.999:             0,072 s/op
[info]                  p0.9999:            0,072 s/op
[info]                  p1.00:              0,072 s/op
[info] # Run progress: 63,54% complete, ETA 00:12:17
[info] # Fork: 2 of 3
[info] WARNING: A terminally deprecated method in sun.misc.Unsafe has been called
[info] WARNING: sun.misc.Unsafe::objectFieldOffset has been called by org.openjdk.jmh.util.Utils (file:/Users/stas/projects/scala-effect-bench/target/bg-jobs/sbt_ec168a1a/target/ec0caa91/1296d6b9/jmh-core-1.37.jar)
[info] WARNING: Please consider reporting this to the maintainers of class org.openjdk.jmh.util.Utils
[info] WARNING: sun.misc.Unsafe::objectFieldOffset will be removed in a future release
[info] # Warmup Iteration   1: 0,047 ±(99.9%) 0,005 s/op
[info] # Warmup Iteration   2: 0,048 ±(99.9%) 0,004 s/op
[info] # Warmup Iteration   3: 0,048 ±(99.9%) 0,005 s/op
[info] # Warmup Iteration   4: 0,047 ±(99.9%) 0,003 s/op
[info] # Warmup Iteration   5: 0,052 ±(99.9%) 0,008 s/op
[info] # Warmup Iteration   6: 0,049 ±(99.9%) 0,005 s/op
[info] # Warmup Iteration   7: 0,046 ±(99.9%) 0,001 s/op
[info] # Warmup Iteration   8: 0,049 ±(99.9%) 0,006 s/op
[info] # Warmup Iteration   9: 0,050 ±(99.9%) 0,006 s/op
[info] # Warmup Iteration  10: 0,046 ±(99.9%) 0,002 s/op
[info] Iteration   1: 0,047 ±(99.9%) 0,004 s/op
[info]                  client.cpu:         10,531 ms/batch
[info]                  gc.alloc.rate:      1,701 MB/sec
[info]                  gc.alloc.rate.norm: 84557,818 B/op
[info]                  gc.count:           ≈ 0 counts
[info]                  p0.00:              0,043 s/op
[info]                  p0.50:              0,045 s/op
[info]                  p0.90:              0,055 s/op
[info]                  p0.95:              0,057 s/op
[info]                  p0.99:              0,058 s/op
[info]                  p0.999:             0,058 s/op
[info]                  p0.9999:            0,058 s/op
[info]                  p1.00:              0,058 s/op
[info] Iteration   2: 0,049 ±(99.9%) 0,007 s/op
[info]                  client.cpu:         13,034 ms/batch
[info]                  gc.alloc.rate:      1,655 MB/sec
[info]                  gc.alloc.rate.norm: 85930,286 B/op
[info]                  gc.count:           ≈ 0 counts
[info]                  p0.00:              0,044 s/op
[info]                  p0.50:              0,045 s/op
[info]                  p0.90:              0,069 s/op
[info]                  p0.95:              0,075 s/op
[info]                  p0.99:              0,075 s/op
[info]                  p0.999:             0,075 s/op
[info]                  p0.9999:            0,075 s/op
[info]                  p1.00:              0,075 s/op
[info] Iteration   3: 0,049 ±(99.9%) 0,007 s/op
[info]                  client.cpu:         11,982 ms/batch
[info]                  gc.alloc.rate:      1,674 MB/sec
[info]                  gc.alloc.rate.norm: 85896,000 B/op
[info]                  gc.count:           ≈ 0 counts
[info]                  p0.00:              0,044 s/op
[info]                  p0.50:              0,045 s/op
[info]                  p0.90:              0,067 s/op
[info]                  p0.95:              0,068 s/op
[info]                  p0.99:              0,068 s/op
[info]                  p0.999:             0,068 s/op
[info]                  p0.9999:            0,068 s/op
[info]                  p1.00:              0,068 s/op
[info] Iteration   4: 0,051 ±(99.9%) 0,007 s/op
[info]                  client.cpu:         14,204 ms/batch
[info]                  gc.alloc.rate:      1,585 MB/sec
[info]                  gc.alloc.rate.norm: 84666,400 B/op
[info]                  gc.count:           ≈ 0 counts
[info]                  p0.00:              0,044 s/op
[info]                  p0.50:              0,047 s/op
[info]                  p0.90:              0,063 s/op
[info]                  p0.95:              0,064 s/op
[info]                  p0.99:              0,064 s/op
[info]                  p0.999:             0,064 s/op
[info]                  p0.9999:            0,064 s/op
[info]                  p1.00:              0,064 s/op
[info] Iteration   5: 0,048 ±(99.9%) 0,004 s/op
[info]                  client.cpu:         13,318 ms/batch
[info]                  gc.alloc.rate:      1,328 MB/sec
[info]                  gc.alloc.rate.norm: 88306,667 B/op
[info]                  gc.count:           ≈ 0 counts
[info]                  p0.00:              0,043 s/op
[info]                  p0.50:              0,047 s/op
[info]                  p0.90:              0,059 s/op
[info]                  p0.95:              0,060 s/op
[info]                  p0.99:              0,060 s/op
[info]                  p0.999:             0,060 s/op
[info]                  p0.9999:            0,060 s/op
[info]                  p1.00:              0,060 s/op
[info] # Run progress: 64,58% complete, ETA 00:11:56
[info] # Fork: 3 of 3
[info] WARNING: A terminally deprecated method in sun.misc.Unsafe has been called
[info] WARNING: sun.misc.Unsafe::objectFieldOffset has been called by org.openjdk.jmh.util.Utils (file:/Users/stas/projects/scala-effect-bench/target/bg-jobs/sbt_ec168a1a/target/ec0caa91/1296d6b9/jmh-core-1.37.jar)
[info] WARNING: Please consider reporting this to the maintainers of class org.openjdk.jmh.util.Utils
[info] WARNING: sun.misc.Unsafe::objectFieldOffset will be removed in a future release
[info] # Warmup Iteration   1: 0,049 ±(99.9%) 0,007 s/op
[info] # Warmup Iteration   2: 0,049 ±(99.9%) 0,006 s/op
[info] # Warmup Iteration   3: 0,047 ±(99.9%) 0,004 s/op
[info] # Warmup Iteration   4: 0,046 ±(99.9%) 0,004 s/op
[info] # Warmup Iteration   5: 0,046 ±(99.9%) 0,002 s/op
[info] # Warmup Iteration   6: 0,046 ±(99.9%) 0,001 s/op
[info] # Warmup Iteration   7: 0,047 ±(99.9%) 0,003 s/op
[info] # Warmup Iteration   8: 0,049 ±(99.9%) 0,007 s/op
[info] # Warmup Iteration   9: 0,048 ±(99.9%) 0,004 s/op
[info] # Warmup Iteration  10: 0,048 ±(99.9%) 0,005 s/op
[info] Iteration   1: 0,048 ±(99.9%) 0,006 s/op
[info]                  client.cpu:         11,415 ms/batch
[info]                  gc.alloc.rate:      1,719 MB/sec
[info]                  gc.alloc.rate.norm: 86471,619 B/op
[info]                  gc.count:           ≈ 0 counts
[info]                  p0.00:              0,043 s/op
[info]                  p0.50:              0,046 s/op
[info]                  p0.90:              0,063 s/op
[info]                  p0.95:              0,067 s/op
[info]                  p0.99:              0,067 s/op
[info]                  p0.999:             0,067 s/op
[info]                  p0.9999:            0,067 s/op
[info]                  p1.00:              0,067 s/op
[info] Iteration   2: 0,051 ±(99.9%) 0,008 s/op
[info]                  client.cpu:         14,553 ms/batch
[info]                  gc.alloc.rate:      1,632 MB/sec
[info]                  gc.alloc.rate.norm: 86574,800 B/op
[info]                  gc.count:           ≈ 0 counts
[info]                  p0.00:              0,043 s/op
[info]                  p0.50:              0,047 s/op
[info]                  p0.90:              0,066 s/op
[info]                  p0.95:              0,070 s/op
[info]                  p0.99:              0,070 s/op
[info]                  p0.999:             0,070 s/op
[info]                  p0.9999:            0,070 s/op
[info]                  p1.00:              0,070 s/op
[info] Iteration   3: 0,050 ±(99.9%) 0,006 s/op
[info]                  client.cpu:         12,281 ms/batch
[info]                  gc.alloc.rate:      1,652 MB/sec
[info]                  gc.alloc.rate.norm: 86345,143 B/op
[info]                  gc.count:           ≈ 0 counts
[info]                  p0.00:              0,044 s/op
[info]                  p0.50:              0,046 s/op
[info]                  p0.90:              0,060 s/op
[info]                  p0.95:              0,068 s/op
[info]                  p0.99:              0,069 s/op
[info]                  p0.999:             0,069 s/op
[info]                  p0.9999:            0,069 s/op
[info]                  p1.00:              0,069 s/op
[info] Iteration   4: 0,048 ±(99.9%) 0,006 s/op
[info]                  client.cpu:         11,745 ms/batch
[info]                  gc.alloc.rate:      1,713 MB/sec
[info]                  gc.alloc.rate.norm: 86575,619 B/op
[info]                  gc.count:           ≈ 0 counts
[info]                  p0.00:              0,044 s/op
[info]                  p0.50:              0,045 s/op
[info]                  p0.90:              0,062 s/op
[info]                  p0.95:              0,070 s/op
[info]                  p0.99:              0,070 s/op
[info]                  p0.999:             0,070 s/op
[info]                  p0.9999:            0,070 s/op
[info]                  p1.00:              0,070 s/op
[info] Iteration   5: 0,054 ±(99.9%) 0,012 s/op
[info]                  client.cpu:         15,018 ms/batch
[info]                  gc.alloc.rate:      1,222 MB/sec
[info]                  gc.alloc.rate.norm: 91170,947 B/op
[info]                  gc.count:           ≈ 0 counts
[info]                  p0.00:              0,044 s/op
[info]                  p0.50:              0,049 s/op
[info]                  p0.90:              0,077 s/op
[info]                  p0.95:              0,090 s/op
[info]                  p0.99:              0,090 s/op
[info]                  p0.999:             0,090 s/op
[info]                  p0.9999:            0,090 s/op
[info]                  p1.00:              0,090 s/op
[info] Result "bench.io.IoBench.requests":
[info]   N = 312
[info]   mean =      0,049 ±(99.9%) 0,001 s/op
[info]   Histogram, s/op:
[info]     [0,040, 0,045) = 128 
[info]     [0,045, 0,050) = 101 
[info]     [0,050, 0,055) = 26 
[info]     [0,055, 0,060) = 23 
[info]     [0,060, 0,065) = 10 
[info]     [0,065, 0,070) = 16 
[info]     [0,070, 0,075) = 4 
[info]     [0,075, 0,080) = 3 
[info]     [0,080, 0,085) = 0 
[info]     [0,085, 0,090) = 0 
[info]     [0,090, 0,095) = 1 
[info]   Percentiles, s/op:
[info]       p(0,0000) =      0,043 s/op
[info]      p(50,0000) =      0,046 s/op
[info]      p(90,0000) =      0,062 s/op
[info]      p(95,0000) =      0,067 s/op
[info]      p(99,0000) =      0,076 s/op
[info]      p(99,9000) =      0,090 s/op
[info]      p(99,9900) =      0,090 s/op
[info]      p(99,9990) =      0,090 s/op
[info]      p(99,9999) =      0,090 s/op
[info]     p(100,0000) =      0,090 s/op
[info] Secondary result "bench.io.IoBench.requests:client.cpu":
[info]   12,627 ±(99.9%) 1,369 ms/batch [Average]
[info]   (min, avg, max) = (10,531, 12,627, 15,018), stdev = 1,280
[info]   CI (99.9%): [11,259, 13,996] (assumes normal distribution)
[info] Secondary result "bench.io.IoBench.requests:gc.alloc.rate":
[info]   1,588 ±(99.9%) 0,169 MB/sec [Average]
[info]   (min, avg, max) = (1,222, 1,588, 1,719), stdev = 0,158
[info]   CI (99.9%): [1,418, 1,757] (assumes normal distribution)
[info] Secondary result "bench.io.IoBench.requests:gc.alloc.rate.norm":
[info]   86448,518 ±(99.9%) 2065,246 B/op [Average]
[info]   (min, avg, max) = (83957,818, 86448,518, 91170,947), stdev = 1931,832
[info]   CI (99.9%): [84383,272, 88513,763] (assumes normal distribution)
[info] Secondary result "bench.io.IoBench.requests:gc.count":
[info]   ≈ 0 counts
[info] # JMH version: 1.37
[info] # VM version: JDK 25.0.3, Java HotSpot(TM) 64-Bit Server VM, 25.0.3+9-LTS-195
[info] # VM invoker: /Users/stas/.sdkman/candidates/java/25.0.3-oracle/bin/java
[info] # VM options: --add-opens=java.base/java.lang=ALL-UNNAMED -Xms2g -Xmx2g -XX:+UseG1GC --add-opens=java.base/java.lang=ALL-UNNAMED -Xms2g -Xmx2g -XX:+UseG1GC
[info] # Blackhole mode: compiler (auto-detected, use -Djmh.blackhole.autoDetect=false to disable)
[info] # Warmup: 10 iterations, 1 s each
[info] # Measurement: 5 iterations, 1 s each
[info] # Timeout: 10 min per iteration
[info] # Threads: 1 thread, will synchronize iterations
[info] # Benchmark mode: Sampling time
[info] # Benchmark: bench.io.IoBench.requests
[info] # Parameters: (delayMicros = 1000, parallelism = 8, runtime = gears, size = 256, transport = nonblocking)
[info] # Run progress: 65,63% complete, ETA 00:11:35
[info] # Fork: 1 of 3
[info] WARNING: A terminally deprecated method in sun.misc.Unsafe has been called
[info] WARNING: sun.misc.Unsafe::objectFieldOffset has been called by org.openjdk.jmh.util.Utils (file:/Users/stas/projects/scala-effect-bench/target/bg-jobs/sbt_ec168a1a/target/ec0caa91/1296d6b9/jmh-core-1.37.jar)
[info] WARNING: Please consider reporting this to the maintainers of class org.openjdk.jmh.util.Utils
[info] WARNING: sun.misc.Unsafe::objectFieldOffset will be removed in a future release
[info] # Warmup Iteration   1: 0,048 ±(99.9%) 0,006 s/op
[info] # Warmup Iteration   2: 0,047 ±(99.9%) 0,005 s/op
[info] # Warmup Iteration   3: 0,051 ±(99.9%) 0,008 s/op
[info] # Warmup Iteration   4: 0,050 ±(99.9%) 0,006 s/op
[info] # Warmup Iteration   5: 0,049 ±(99.9%) 0,005 s/op
[info] # Warmup Iteration   6: 0,052 ±(99.9%) 0,007 s/op
[info] # Warmup Iteration   7: 0,051 ±(99.9%) 0,007 s/op
[info] # Warmup Iteration   8: 0,048 ±(99.9%) 0,005 s/op
[info] # Warmup Iteration   9: 0,051 ±(99.9%) 0,007 s/op
[info] # Warmup Iteration  10: 0,051 ±(99.9%) 0,012 s/op
[info] Iteration   1: 0,054 ±(99.9%) 0,012 s/op
[info]                  client.cpu:         15,699 ms/batch
[info]                  gc.alloc.rate:      5,869 MB/sec
[info]                  gc.alloc.rate.norm: 335665,263 B/op
[info]                  gc.count:           1,000 counts
[info]                  gc.time:            11,000 ms
[info]                  p0.00:              0,044 s/op
[info]                  p0.50:              0,047 s/op
[info]                  p0.90:              0,076 s/op
[info]                  p0.95:              0,082 s/op
[info]                  p0.99:              0,082 s/op
[info]                  p0.999:             0,082 s/op
[info]                  p0.9999:            0,082 s/op
[info]                  p1.00:              0,082 s/op
[info] Iteration   2: 0,048 ±(99.9%) 0,005 s/op
[info]                  client.cpu:         11,124 ms/batch
[info]                  gc.alloc.rate:      6,602 MB/sec
[info]                  gc.alloc.rate.norm: 333372,727 B/op
[info]                  gc.count:           ≈ 0 counts
[info]                  p0.00:              0,044 s/op
[info]                  p0.50:              0,046 s/op
[info]                  p0.90:              0,057 s/op
[info]                  p0.95:              0,069 s/op
[info]                  p0.99:              0,070 s/op
[info]                  p0.999:             0,070 s/op
[info]                  p0.9999:            0,070 s/op
[info]                  p1.00:              0,070 s/op
[info] Iteration   3: 0,048 ±(99.9%) 0,004 s/op
[info]                  client.cpu:         11,469 ms/batch
[info]                  gc.alloc.rate:      6,651 MB/sec
[info]                  gc.alloc.rate.norm: 333454,182 B/op
[info]                  gc.count:           ≈ 0 counts
[info]                  p0.00:              0,044 s/op
[info]                  p0.50:              0,046 s/op
[info]                  p0.90:              0,056 s/op
[info]                  p0.95:              0,059 s/op
[info]                  p0.99:              0,059 s/op
[info]                  p0.999:             0,059 s/op
[info]                  p0.9999:            0,059 s/op
[info]                  p1.00:              0,059 s/op
[info] Iteration   4: 0,051 ±(99.9%) 0,006 s/op
[info]                  client.cpu:         13,648 ms/batch
[info]                  gc.alloc.rate:      6,273 MB/sec
[info]                  gc.alloc.rate.norm: 334216,800 B/op
[info]                  gc.count:           ≈ 0 counts
[info]                  p0.00:              0,044 s/op
[info]                  p0.50:              0,047 s/op
[info]                  p0.90:              0,062 s/op
[info]                  p0.95:              0,064 s/op
[info]                  p0.99:              0,064 s/op
[info]                  p0.999:             0,064 s/op
[info]                  p0.9999:            0,064 s/op
[info]                  p1.00:              0,064 s/op
[info] Iteration   5: 0,050 ±(99.9%) 0,006 s/op
[info]                  client.cpu:         13,656 ms/batch
[info]                  gc.alloc.rate:      4,936 MB/sec
[info]                  gc.alloc.rate.norm: 338764,571 B/op
[info]                  gc.count:           ≈ 0 counts
[info]                  p0.00:              0,044 s/op
[info]                  p0.50:              0,047 s/op
[info]                  p0.90:              0,065 s/op
[info]                  p0.95:              0,068 s/op
[info]                  p0.99:              0,069 s/op
[info]                  p0.999:             0,069 s/op
[info]                  p0.9999:            0,069 s/op
[info]                  p1.00:              0,069 s/op
[info] # Run progress: 66,67% complete, ETA 00:11:14
[info] # Fork: 2 of 3
[info] WARNING: A terminally deprecated method in sun.misc.Unsafe has been called
[info] WARNING: sun.misc.Unsafe::objectFieldOffset has been called by org.openjdk.jmh.util.Utils (file:/Users/stas/projects/scala-effect-bench/target/bg-jobs/sbt_ec168a1a/target/ec0caa91/1296d6b9/jmh-core-1.37.jar)
[info] WARNING: Please consider reporting this to the maintainers of class org.openjdk.jmh.util.Utils
[info] WARNING: sun.misc.Unsafe::objectFieldOffset will be removed in a future release
[info] # Warmup Iteration   1: 0,047 ±(99.9%) 0,006 s/op
[info] # Warmup Iteration   2: 0,049 ±(99.9%) 0,005 s/op
[info] # Warmup Iteration   3: 0,049 ±(99.9%) 0,004 s/op
[info] # Warmup Iteration   4: 0,049 ±(99.9%) 0,009 s/op
[info] # Warmup Iteration   5: 0,050 ±(99.9%) 0,006 s/op
[info] # Warmup Iteration   6: 0,046 ±(99.9%) 0,002 s/op
[info] # Warmup Iteration   7: 0,050 ±(99.9%) 0,006 s/op
[info] # Warmup Iteration   8: 0,049 ±(99.9%) 0,005 s/op
[info] # Warmup Iteration   9: 0,048 ±(99.9%) 0,005 s/op
[info] # Warmup Iteration  10: 0,054 ±(99.9%) 0,008 s/op
[info] Iteration   1: 0,049 ±(99.9%) 0,007 s/op
[info]                  client.cpu:         12,781 ms/batch
[info]                  gc.alloc.rate:      6,306 MB/sec
[info]                  gc.alloc.rate.norm: 325372,571 B/op
[info]                  gc.count:           ≈ 0 counts
[info]                  p0.00:              0,044 s/op
[info]                  p0.50:              0,045 s/op
[info]                  p0.90:              0,067 s/op
[info]                  p0.95:              0,071 s/op
[info]                  p0.99:              0,072 s/op
[info]                  p0.999:             0,072 s/op
[info]                  p0.9999:            0,072 s/op
[info]                  p1.00:              0,072 s/op
[info] Iteration   2: 0,048 ±(99.9%) 0,005 s/op
[info]                  client.cpu:         12,259 ms/batch
[info]                  gc.alloc.rate:      6,382 MB/sec
[info]                  gc.alloc.rate.norm: 322872,000 B/op
[info]                  gc.count:           ≈ 0 counts
[info]                  p0.00:              0,044 s/op
[info]                  p0.50:              0,047 s/op
[info]                  p0.90:              0,062 s/op
[info]                  p0.95:              0,065 s/op
[info]                  p0.99:              0,065 s/op
[info]                  p0.999:             0,065 s/op
[info]                  p0.9999:            0,065 s/op
[info]                  p1.00:              0,065 s/op
[info] Iteration   3: 0,050 ±(99.9%) 0,007 s/op
[info]                  client.cpu:         13,097 ms/batch
[info]                  gc.alloc.rate:      6,193 MB/sec
[info]                  gc.alloc.rate.norm: 325386,000 B/op
[info]                  gc.count:           ≈ 0 counts
[info]                  p0.00:              0,044 s/op
[info]                  p0.50:              0,047 s/op
[info]                  p0.90:              0,065 s/op
[info]                  p0.95:              0,070 s/op
[info]                  p0.99:              0,070 s/op
[info]                  p0.999:             0,070 s/op
[info]                  p0.9999:            0,070 s/op
[info]                  p1.00:              0,070 s/op
[info] Iteration   4: 0,050 ±(99.9%) 0,008 s/op
[info]                  client.cpu:         13,041 ms/batch
[info]                  gc.alloc.rate:      6,145 MB/sec
[info]                  gc.alloc.rate.norm: 325476,000 B/op
[info]                  gc.count:           ≈ 0 counts
[info]                  p0.00:              0,043 s/op
[info]                  p0.50:              0,047 s/op
[info]                  p0.90:              0,067 s/op
[info]                  p0.95:              0,074 s/op
[info]                  p0.99:              0,075 s/op
[info]                  p0.999:             0,075 s/op
[info]                  p0.9999:            0,075 s/op
[info]                  p1.00:              0,075 s/op
[info] Iteration   5: 0,049 ±(99.9%) 0,005 s/op
[info]                  client.cpu:         12,296 ms/batch
[info]                  gc.alloc.rate:      4,939 MB/sec
[info]                  gc.alloc.rate.norm: 330654,095 B/op
[info]                  gc.count:           ≈ 0 counts
[info]                  p0.00:              0,044 s/op
[info]                  p0.50:              0,045 s/op
[info]                  p0.90:              0,061 s/op
[info]                  p0.95:              0,066 s/op
[info]                  p0.99:              0,067 s/op
[info]                  p0.999:             0,067 s/op
[info]                  p0.9999:            0,067 s/op
[info]                  p1.00:              0,067 s/op
[info] # Run progress: 67,71% complete, ETA 00:10:53
[info] # Fork: 3 of 3
[info] WARNING: A terminally deprecated method in sun.misc.Unsafe has been called
[info] WARNING: sun.misc.Unsafe::objectFieldOffset has been called by org.openjdk.jmh.util.Utils (file:/Users/stas/projects/scala-effect-bench/target/bg-jobs/sbt_ec168a1a/target/ec0caa91/1296d6b9/jmh-core-1.37.jar)
[info] WARNING: Please consider reporting this to the maintainers of class org.openjdk.jmh.util.Utils
[info] WARNING: sun.misc.Unsafe::objectFieldOffset will be removed in a future release
[info] # Warmup Iteration   1: 0,048 ±(99.9%) 0,007 s/op
[info] # Warmup Iteration   2: 0,049 ±(99.9%) 0,007 s/op
[info] # Warmup Iteration   3: 0,051 ±(99.9%) 0,007 s/op
[info] # Warmup Iteration   4: 0,050 ±(99.9%) 0,007 s/op
[info] # Warmup Iteration   5: 0,049 ±(99.9%) 0,006 s/op
[info] # Warmup Iteration   6: 0,061 ±(99.9%) 0,009 s/op
[info] # Warmup Iteration   7: 0,051 ±(99.9%) 0,006 s/op
[info] # Warmup Iteration   8: 0,050 ±(99.9%) 0,006 s/op
[info] # Warmup Iteration   9: 0,051 ±(99.9%) 0,006 s/op
[info] # Warmup Iteration  10: 0,048 ±(99.9%) 0,005 s/op
[info] Iteration   1: 0,049 ±(99.9%) 0,007 s/op
[info]                  client.cpu:         12,501 ms/batch
[info]                  gc.alloc.rate:      6,426 MB/sec
[info]                  gc.alloc.rate.norm: 332132,190 B/op
[info]                  gc.count:           1,000 counts
[info]                  gc.time:            1,000 ms
[info]                  p0.00:              0,044 s/op
[info]                  p0.50:              0,045 s/op
[info]                  p0.90:              0,065 s/op
[info]                  p0.95:              0,075 s/op
[info]                  p0.99:              0,076 s/op
[info]                  p0.999:             0,076 s/op
[info]                  p0.9999:            0,076 s/op
[info]                  p1.00:              0,076 s/op
[info] Iteration   2: 0,049 ±(99.9%) 0,007 s/op
[info]                  client.cpu:         13,691 ms/batch
[info]                  gc.alloc.rate:      6,410 MB/sec
[info]                  gc.alloc.rate.norm: 333016,000 B/op
[info]                  gc.count:           ≈ 0 counts
[info]                  p0.00:              0,044 s/op
[info]                  p0.50:              0,045 s/op
[info]                  p0.90:              0,064 s/op
[info]                  p0.95:              0,070 s/op
[info]                  p0.99:              0,071 s/op
[info]                  p0.999:             0,071 s/op
[info]                  p0.9999:            0,071 s/op
[info]                  p1.00:              0,071 s/op
[info] Iteration   3: 0,049 ±(99.9%) 0,004 s/op
[info]                  client.cpu:         11,309 ms/batch
[info]                  gc.alloc.rate:      6,517 MB/sec
[info]                  gc.alloc.rate.norm: 333730,667 B/op
[info]                  gc.count:           ≈ 0 counts
[info]                  p0.00:              0,044 s/op
[info]                  p0.50:              0,046 s/op
[info]                  p0.90:              0,058 s/op
[info]                  p0.95:              0,060 s/op
[info]                  p0.99:              0,060 s/op
[info]                  p0.999:             0,060 s/op
[info]                  p0.9999:            0,060 s/op
[info]                  p1.00:              0,060 s/op
[info] Iteration   4: 0,048 ±(99.9%) 0,005 s/op
[info]                  client.cpu:         11,014 ms/batch
[info]                  gc.alloc.rate:      6,594 MB/sec
[info]                  gc.alloc.rate.norm: 332142,476 B/op
[info]                  gc.count:           ≈ 0 counts
[info]                  p0.00:              0,044 s/op
[info]                  p0.50:              0,046 s/op
[info]                  p0.90:              0,056 s/op
[info]                  p0.95:              0,065 s/op
[info]                  p0.99:              0,066 s/op
[info]                  p0.999:             0,066 s/op
[info]                  p0.9999:            0,066 s/op
[info]                  p1.00:              0,066 s/op
[info] Iteration   5: 0,050 ±(99.9%) 0,005 s/op
[info]                  client.cpu:         12,439 ms/batch
[info]                  gc.alloc.rate:      4,879 MB/sec
[info]                  gc.alloc.rate.norm: 339551,200 B/op
[info]                  gc.count:           ≈ 0 counts
[info]                  p0.00:              0,044 s/op
[info]                  p0.50:              0,049 s/op
[info]                  p0.90:              0,058 s/op
[info]                  p0.95:              0,061 s/op
[info]                  p0.99:              0,061 s/op
[info]                  p0.999:             0,061 s/op
[info]                  p0.9999:            0,061 s/op
[info]                  p1.00:              0,061 s/op
[info] Result "bench.io.IoBench.requests":
[info]   N = 311
[info]   mean =      0,049 ±(99.9%) 0,001 s/op
[info]   Histogram, s/op:
[info]     [0,040, 0,043) = 0 
[info]     [0,043, 0,045) = 118 
[info]     [0,045, 0,048) = 62 
[info]     [0,048, 0,050) = 44 
[info]     [0,050, 0,053) = 13 
[info]     [0,053, 0,055) = 13 
[info]     [0,055, 0,058) = 21 
[info]     [0,058, 0,060) = 9 
[info]     [0,060, 0,063) = 5 
[info]     [0,063, 0,065) = 6 
[info]     [0,065, 0,068) = 9 
[info]     [0,068, 0,070) = 1 
[info]     [0,070, 0,073) = 4 
[info]     [0,073, 0,075) = 2 
[info]     [0,075, 0,078) = 3 
[info]     [0,078, 0,080) = 0 
[info]     [0,080, 0,083) = 1 
[info]     [0,083, 0,085) = 0 
[info]     [0,085, 0,088) = 0 
[info]   Percentiles, s/op:
[info]       p(0,0000) =      0,043 s/op
[info]      p(50,0000) =      0,046 s/op
[info]      p(90,0000) =      0,060 s/op
[info]      p(95,0000) =      0,067 s/op
[info]      p(99,0000) =      0,076 s/op
[info]      p(99,9000) =      0,082 s/op
[info]      p(99,9900) =      0,082 s/op
[info]      p(99,9990) =      0,082 s/op
[info]      p(99,9999) =      0,082 s/op
[info]     p(100,0000) =      0,082 s/op
[info] Secondary result "bench.io.IoBench.requests:client.cpu":
[info]   12,668 ±(99.9%) 1,319 ms/batch [Average]
[info]   (min, avg, max) = (11,014, 12,668, 15,699), stdev = 1,234
[info]   CI (99.9%): [11,350, 13,987] (assumes normal distribution)
[info] Secondary result "bench.io.IoBench.requests:gc.alloc.rate":
[info]   6,075 ±(99.9%) 0,675 MB/sec [Average]
[info]   (min, avg, max) = (4,879, 6,075, 6,651), stdev = 0,631
[info]   CI (99.9%): [5,400, 6,750] (assumes normal distribution)
[info] Secondary result "bench.io.IoBench.requests:gc.alloc.rate.norm":
[info]   331720,450 ±(99.9%) 5294,531 B/op [Average]
[info]   (min, avg, max) = (322872,000, 331720,450, 339551,200), stdev = 4952,508
[info]   CI (99.9%): [326425,918, 337014,981] (assumes normal distribution)
[info] Secondary result "bench.io.IoBench.requests:gc.count":
[info]   2,000 ±(99.9%) 0,001 counts [Sum]
[info]   (min, avg, max) = (≈ 0, 0,133, 1,000), stdev = 0,352
[info]   CI (99.9%): [2,000, 2,000] (assumes normal distribution)
[info] Secondary result "bench.io.IoBench.requests:gc.time":
[info]   12,000 ±(99.9%) 0,001 ms [Sum]
[info]   (min, avg, max) = (≈ 0, 0,800, 11,000), stdev = 2,833
[info]   CI (99.9%): [12,000, 12,000] (assumes normal distribution)
[info] # JMH version: 1.37
[info] # VM version: JDK 25.0.3, Java HotSpot(TM) 64-Bit Server VM, 25.0.3+9-LTS-195
[info] # VM invoker: /Users/stas/.sdkman/candidates/java/25.0.3-oracle/bin/java
[info] # VM options: --add-opens=java.base/java.lang=ALL-UNNAMED -Xms2g -Xmx2g -XX:+UseG1GC --add-opens=java.base/java.lang=ALL-UNNAMED -Xms2g -Xmx2g -XX:+UseG1GC
[info] # Blackhole mode: compiler (auto-detected, use -Djmh.blackhole.autoDetect=false to disable)
[info] # Warmup: 10 iterations, 1 s each
[info] # Measurement: 5 iterations, 1 s each
[info] # Timeout: 10 min per iteration
[info] # Threads: 1 thread, will synchronize iterations
[info] # Benchmark mode: Sampling time
[info] # Benchmark: bench.io.IoBench.requests
[info] # Parameters: (delayMicros = 1000, parallelism = 8, runtime = ox, size = 256, transport = blocking)
[info] # Run progress: 68,75% complete, ETA 00:10:32
[info] # Fork: 1 of 3
[info] WARNING: A terminally deprecated method in sun.misc.Unsafe has been called
[info] WARNING: sun.misc.Unsafe::objectFieldOffset has been called by org.openjdk.jmh.util.Utils (file:/Users/stas/projects/scala-effect-bench/target/bg-jobs/sbt_ec168a1a/target/ec0caa91/1296d6b9/jmh-core-1.37.jar)
[info] WARNING: Please consider reporting this to the maintainers of class org.openjdk.jmh.util.Utils
[info] WARNING: sun.misc.Unsafe::objectFieldOffset will be removed in a future release
[info] # Warmup Iteration   1: 0,048 ±(99.9%) 0,006 s/op
[info] # Warmup Iteration   2: 0,048 ±(99.9%) 0,004 s/op
[info] # Warmup Iteration   3: 0,051 ±(99.9%) 0,007 s/op
[info] # Warmup Iteration   4: 0,050 ±(99.9%) 0,008 s/op
[info] # Warmup Iteration   5: 0,048 ±(99.9%) 0,007 s/op
[info] # Warmup Iteration   6: 0,049 ±(99.9%) 0,005 s/op
[info] # Warmup Iteration   7: 0,048 ±(99.9%) 0,006 s/op
[info] # Warmup Iteration   8: 0,049 ±(99.9%) 0,007 s/op
[info] # Warmup Iteration   9: 0,047 ±(99.9%) 0,005 s/op
[info] # Warmup Iteration  10: 0,047 ±(99.9%) 0,005 s/op
[info] Iteration   1: 0,048 ±(99.9%) 0,006 s/op
[info]                  client.cpu:         10,992 ms/batch
[info]                  gc.alloc.rate:      1,455 MB/sec
[info]                  gc.alloc.rate.norm: 73008,364 B/op
[info]                  gc.count:           ≈ 0 counts
[info]                  p0.00:              0,044 s/op
[info]                  p0.50:              0,044 s/op
[info]                  p0.90:              0,059 s/op
[info]                  p0.95:              0,071 s/op
[info]                  p0.99:              0,073 s/op
[info]                  p0.999:             0,073 s/op
[info]                  p0.9999:            0,073 s/op
[info]                  p1.00:              0,073 s/op
[info] Iteration   2: 0,051 ±(99.9%) 0,008 s/op
[info]                  client.cpu:         12,947 ms/batch
[info]                  gc.alloc.rate:      1,370 MB/sec
[info]                  gc.alloc.rate.norm: 73039,200 B/op
[info]                  gc.count:           ≈ 0 counts
[info]                  p0.00:              0,043 s/op
[info]                  p0.50:              0,046 s/op
[info]                  p0.90:              0,066 s/op
[info]                  p0.95:              0,071 s/op
[info]                  p0.99:              0,071 s/op
[info]                  p0.999:             0,071 s/op
[info]                  p0.9999:            0,071 s/op
[info]                  p1.00:              0,071 s/op
[info] Iteration   3: 0,045 ±(99.9%) 0,001 s/op
[info]                  client.cpu:         8,969 ms/batch
[info]                  gc.alloc.rate:      1,517 MB/sec
[info]                  gc.alloc.rate.norm: 71709,217 B/op
[info]                  gc.count:           ≈ 0 counts
[info]                  p0.00:              0,044 s/op
[info]                  p0.50:              0,044 s/op
[info]                  p0.90:              0,047 s/op
[info]                  p0.95:              0,047 s/op
[info]                  p0.99:              0,047 s/op
[info]                  p0.999:             0,047 s/op
[info]                  p0.9999:            0,047 s/op
[info]                  p1.00:              0,047 s/op
[info] Iteration   4: 0,045 ±(99.9%) 0,001 s/op
[info]                  client.cpu:         9,949 ms/batch
[info]                  gc.alloc.rate:      1,505 MB/sec
[info]                  gc.alloc.rate.norm: 71334,261 B/op
[info]                  gc.count:           ≈ 0 counts
[info]                  p0.00:              0,044 s/op
[info]                  p0.50:              0,044 s/op
[info]                  p0.90:              0,047 s/op
[info]                  p0.95:              0,048 s/op
[info]                  p0.99:              0,048 s/op
[info]                  p0.999:             0,048 s/op
[info]                  p0.9999:            0,048 s/op
[info]                  p1.00:              0,048 s/op
[info] Iteration   5: 0,052 ±(99.9%) 0,008 s/op
[info]                  client.cpu:         13,796 ms/batch
[info]                  gc.alloc.rate:      1,070 MB/sec
[info]                  gc.alloc.rate.norm: 77969,600 B/op
[info]                  gc.count:           ≈ 0 counts
[info]                  p0.00:              0,044 s/op
[info]                  p0.50:              0,048 s/op
[info]                  p0.90:              0,070 s/op
[info]                  p0.95:              0,073 s/op
[info]                  p0.99:              0,073 s/op
[info]                  p0.999:             0,073 s/op
[info]                  p0.9999:            0,073 s/op
[info]                  p1.00:              0,073 s/op
[info] # Run progress: 69,79% complete, ETA 00:10:11
[info] # Fork: 2 of 3
[info] WARNING: A terminally deprecated method in sun.misc.Unsafe has been called
[info] WARNING: sun.misc.Unsafe::objectFieldOffset has been called by org.openjdk.jmh.util.Utils (file:/Users/stas/projects/scala-effect-bench/target/bg-jobs/sbt_ec168a1a/target/ec0caa91/1296d6b9/jmh-core-1.37.jar)
[info] WARNING: Please consider reporting this to the maintainers of class org.openjdk.jmh.util.Utils
[info] WARNING: sun.misc.Unsafe::objectFieldOffset will be removed in a future release
[info] # Warmup Iteration   1: 0,047 ±(99.9%) 0,004 s/op
[info] # Warmup Iteration   2: 0,045 ±(99.9%) 0,001 s/op
[info] # Warmup Iteration   3: 0,047 ±(99.9%) 0,004 s/op
[info] # Warmup Iteration   4: 0,047 ±(99.9%) 0,004 s/op
[info] # Warmup Iteration   5: 0,046 ±(99.9%) 0,003 s/op
[info] # Warmup Iteration   6: 0,049 ±(99.9%) 0,006 s/op
[info] # Warmup Iteration   7: 0,049 ±(99.9%) 0,005 s/op
[info] # Warmup Iteration   8: 0,047 ±(99.9%) 0,003 s/op
[info] # Warmup Iteration   9: 0,049 ±(99.9%) 0,007 s/op
[info] # Warmup Iteration  10: 0,051 ±(99.9%) 0,008 s/op
[info] Iteration   1: 0,048 ±(99.9%) 0,005 s/op
[info]                  client.cpu:         11,416 ms/batch
[info]                  gc.alloc.rate:      1,435 MB/sec
[info]                  gc.alloc.rate.norm: 72974,476 B/op
[info]                  gc.count:           ≈ 0 counts
[info]                  p0.00:              0,044 s/op
[info]                  p0.50:              0,047 s/op
[info]                  p0.90:              0,055 s/op
[info]                  p0.95:              0,066 s/op
[info]                  p0.99:              0,068 s/op
[info]                  p0.999:             0,068 s/op
[info]                  p0.9999:            0,068 s/op
[info]                  p1.00:              0,068 s/op
[info] Iteration   2: 0,049 ±(99.9%) 0,008 s/op
[info]                  client.cpu:         11,926 ms/batch
[info]                  gc.alloc.rate:      1,405 MB/sec
[info]                  gc.alloc.rate.norm: 72858,286 B/op
[info]                  gc.count:           ≈ 0 counts
[info]                  p0.00:              0,043 s/op
[info]                  p0.50:              0,045 s/op
[info]                  p0.90:              0,070 s/op
[info]                  p0.95:              0,074 s/op
[info]                  p0.99:              0,075 s/op
[info]                  p0.999:             0,075 s/op
[info]                  p0.9999:            0,075 s/op
[info]                  p1.00:              0,075 s/op
[info] Iteration   3: 0,049 ±(99.9%) 0,006 s/op
[info]                  client.cpu:         11,218 ms/batch
[info]                  gc.alloc.rate:      1,414 MB/sec
[info]                  gc.alloc.rate.norm: 72944,762 B/op
[info]                  gc.count:           ≈ 0 counts
[info]                  p0.00:              0,044 s/op
[info]                  p0.50:              0,047 s/op
[info]                  p0.90:              0,065 s/op
[info]                  p0.95:              0,069 s/op
[info]                  p0.99:              0,069 s/op
[info]                  p0.999:             0,069 s/op
[info]                  p0.9999:            0,069 s/op
[info]                  p1.00:              0,069 s/op
[info] Iteration   4: 0,050 ±(99.9%) 0,008 s/op
[info]                  client.cpu:         13,047 ms/batch
[info]                  gc.alloc.rate:      1,381 MB/sec
[info]                  gc.alloc.rate.norm: 73082,800 B/op
[info]                  gc.count:           ≈ 0 counts
[info]                  p0.00:              0,044 s/op
[info]                  p0.50:              0,047 s/op
[info]                  p0.90:              0,067 s/op
[info]                  p0.95:              0,076 s/op
[info]                  p0.99:              0,077 s/op
[info]                  p0.999:             0,077 s/op
[info]                  p0.9999:            0,077 s/op
[info]                  p1.00:              0,077 s/op
[info] Iteration   5: 0,051 ±(99.9%) 0,009 s/op
[info]                  client.cpu:         13,027 ms/batch
[info]                  gc.alloc.rate:      1,080 MB/sec
[info]                  gc.alloc.rate.norm: 77505,200 B/op
[info]                  gc.count:           ≈ 0 counts
[info]                  p0.00:              0,043 s/op
[info]                  p0.50:              0,046 s/op
[info]                  p0.90:              0,070 s/op
[info]                  p0.95:              0,074 s/op
[info]                  p0.99:              0,074 s/op
[info]                  p0.999:             0,074 s/op
[info]                  p0.9999:            0,074 s/op
[info]                  p1.00:              0,074 s/op
[info] # Run progress: 70,83% complete, ETA 00:09:50
[info] # Fork: 3 of 3
[info] WARNING: A terminally deprecated method in sun.misc.Unsafe has been called
[info] WARNING: sun.misc.Unsafe::objectFieldOffset has been called by org.openjdk.jmh.util.Utils (file:/Users/stas/projects/scala-effect-bench/target/bg-jobs/sbt_ec168a1a/target/ec0caa91/1296d6b9/jmh-core-1.37.jar)
[info] WARNING: Please consider reporting this to the maintainers of class org.openjdk.jmh.util.Utils
[info] WARNING: sun.misc.Unsafe::objectFieldOffset will be removed in a future release
[info] # Warmup Iteration   1: 0,052 ±(99.9%) 0,011 s/op
[info] # Warmup Iteration   2: 0,047 ±(99.9%) 0,003 s/op
[info] # Warmup Iteration   3: 0,055 ±(99.9%) 0,013 s/op
[info] # Warmup Iteration   4: 0,052 ±(99.9%) 0,008 s/op
[info] # Warmup Iteration   5: 0,045 ±(99.9%) 0,001 s/op
[info] # Warmup Iteration   6: 0,045 ±(99.9%) 0,001 s/op
[info] # Warmup Iteration   7: 0,049 ±(99.9%) 0,006 s/op
[info] # Warmup Iteration   8: 0,052 ±(99.9%) 0,010 s/op
[info] # Warmup Iteration   9: 0,049 ±(99.9%) 0,007 s/op
[info] # Warmup Iteration  10: 0,047 ±(99.9%) 0,003 s/op
[info] Iteration   1: 0,051 ±(99.9%) 0,007 s/op
[info]                  client.cpu:         10,705 ms/batch
[info]                  gc.alloc.rate:      1,367 MB/sec
[info]                  gc.alloc.rate.norm: 72630,400 B/op
[info]                  gc.count:           ≈ 0 counts
[info]                  p0.00:              0,044 s/op
[info]                  p0.50:              0,047 s/op
[info]                  p0.90:              0,069 s/op
[info]                  p0.95:              0,070 s/op
[info]                  p0.99:              0,070 s/op
[info]                  p0.999:             0,070 s/op
[info]                  p0.9999:            0,070 s/op
[info]                  p1.00:              0,070 s/op
[info] Iteration   2: 0,052 ±(99.9%) 0,010 s/op
[info]                  client.cpu:         11,052 ms/batch
[info]                  gc.alloc.rate:      1,325 MB/sec
[info]                  gc.alloc.rate.norm: 72585,600 B/op
[info]                  gc.count:           ≈ 0 counts
[info]                  p0.00:              0,044 s/op
[info]                  p0.50:              0,047 s/op
[info]                  p0.90:              0,068 s/op
[info]                  p0.95:              0,088 s/op
[info]                  p0.99:              0,090 s/op
[info]                  p0.999:             0,090 s/op
[info]                  p0.9999:            0,090 s/op
[info]                  p1.00:              0,090 s/op
[info] Iteration   3: 0,054 ±(99.9%) 0,012 s/op
[info]                  client.cpu:         12,448 ms/batch
[info]                  gc.alloc.rate:      1,292 MB/sec
[info]                  gc.alloc.rate.norm: 72706,947 B/op
[info]                  gc.count:           ≈ 0 counts
[info]                  p0.00:              0,044 s/op
[info]                  p0.50:              0,046 s/op
[info]                  p0.90:              0,075 s/op
[info]                  p0.95:              0,091 s/op
[info]                  p0.99:              0,091 s/op
[info]                  p0.999:             0,091 s/op
[info]                  p0.9999:            0,091 s/op
[info]                  p1.00:              0,091 s/op
[info] Iteration   4: 0,048 ±(99.9%) 0,004 s/op
[info]                  client.cpu:         10,143 ms/batch
[info]                  gc.alloc.rate:      1,422 MB/sec
[info]                  gc.alloc.rate.norm: 71008,000 B/op
[info]                  gc.count:           ≈ 0 counts
[info]                  p0.00:              0,043 s/op
[info]                  p0.50:              0,046 s/op
[info]                  p0.90:              0,057 s/op
[info]                  p0.95:              0,062 s/op
[info]                  p0.99:              0,062 s/op
[info]                  p0.999:             0,062 s/op
[info]                  p0.9999:            0,062 s/op
[info]                  p1.00:              0,062 s/op
[info] Iteration   5: 0,054 ±(99.9%) 0,013 s/op
[info]                  client.cpu:         11,545 ms/batch
[info]                  gc.alloc.rate:      1,038 MB/sec
[info]                  gc.alloc.rate.norm: 77364,211 B/op
[info]                  gc.count:           ≈ 0 counts
[info]                  p0.00:              0,044 s/op
[info]                  p0.50:              0,047 s/op
[info]                  p0.90:              0,076 s/op
[info]                  p0.95:              0,090 s/op
[info]                  p0.99:              0,090 s/op
[info]                  p0.999:             0,090 s/op
[info]                  p0.9999:            0,090 s/op
[info]                  p1.00:              0,090 s/op
[info] Result "bench.io.IoBench.requests":
[info]   N = 311
[info]   mean =      0,050 ±(99.9%) 0,002 s/op
[info]   Histogram, s/op:
[info]     [0,040, 0,045) = 126 
[info]     [0,045, 0,050) = 110 
[info]     [0,050, 0,055) = 20 
[info]     [0,055, 0,060) = 10 
[info]     [0,060, 0,065) = 15 
[info]     [0,065, 0,070) = 14 
[info]     [0,070, 0,075) = 9 
[info]     [0,075, 0,080) = 4 
[info]     [0,080, 0,085) = 0 
[info]     [0,085, 0,090) = 1 
[info]     [0,090, 0,095) = 2 
[info]   Percentiles, s/op:
[info]       p(0,0000) =      0,043 s/op
[info]      p(50,0000) =      0,046 s/op
[info]      p(90,0000) =      0,064 s/op
[info]      p(95,0000) =      0,070 s/op
[info]      p(99,0000) =      0,088 s/op
[info]      p(99,9000) =      0,091 s/op
[info]      p(99,9900) =      0,091 s/op
[info]      p(99,9990) =      0,091 s/op
[info]      p(99,9999) =      0,091 s/op
[info]     p(100,0000) =      0,091 s/op
[info] Secondary result "bench.io.IoBench.requests:client.cpu":
[info]   11,545 ±(99.9%) 1,428 ms/batch [Average]
[info]   (min, avg, max) = (8,969, 11,545, 13,796), stdev = 1,336
[info]   CI (99.9%): [10,117, 12,973] (assumes normal distribution)
[info] Secondary result "bench.io.IoBench.requests:gc.alloc.rate":
[info]   1,339 ±(99.9%) 0,165 MB/sec [Average]
[info]   (min, avg, max) = (1,038, 1,339, 1,517), stdev = 0,155
[info]   CI (99.9%): [1,173, 1,504] (assumes normal distribution)
[info] Secondary result "bench.io.IoBench.requests:gc.alloc.rate.norm":
[info]   73514,755 ±(99.9%) 2371,650 B/op [Average]
[info]   (min, avg, max) = (71008,000, 73514,755, 77969,600), stdev = 2218,443
[info]   CI (99.9%): [71143,105, 75886,405] (assumes normal distribution)
[info] Secondary result "bench.io.IoBench.requests:gc.count":
[info]   ≈ 0 counts
[info] # JMH version: 1.37
[info] # VM version: JDK 25.0.3, Java HotSpot(TM) 64-Bit Server VM, 25.0.3+9-LTS-195
[info] # VM invoker: /Users/stas/.sdkman/candidates/java/25.0.3-oracle/bin/java
[info] # VM options: --add-opens=java.base/java.lang=ALL-UNNAMED -Xms2g -Xmx2g -XX:+UseG1GC --add-opens=java.base/java.lang=ALL-UNNAMED -Xms2g -Xmx2g -XX:+UseG1GC
[info] # Blackhole mode: compiler (auto-detected, use -Djmh.blackhole.autoDetect=false to disable)
[info] # Warmup: 10 iterations, 1 s each
[info] # Measurement: 5 iterations, 1 s each
[info] # Timeout: 10 min per iteration
[info] # Threads: 1 thread, will synchronize iterations
[info] # Benchmark mode: Sampling time
[info] # Benchmark: bench.io.IoBench.requests
[info] # Parameters: (delayMicros = 1000, parallelism = 8, runtime = ox, size = 256, transport = nonblocking)
[info] # Run progress: 71,88% complete, ETA 00:09:29
[info] # Fork: 1 of 3
[info] WARNING: A terminally deprecated method in sun.misc.Unsafe has been called
[info] WARNING: sun.misc.Unsafe::objectFieldOffset has been called by org.openjdk.jmh.util.Utils (file:/Users/stas/projects/scala-effect-bench/target/bg-jobs/sbt_ec168a1a/target/ec0caa91/1296d6b9/jmh-core-1.37.jar)
[info] WARNING: Please consider reporting this to the maintainers of class org.openjdk.jmh.util.Utils
[info] WARNING: sun.misc.Unsafe::objectFieldOffset will be removed in a future release
[info] # Warmup Iteration   1: 0,049 ±(99.9%) 0,006 s/op
[info] # Warmup Iteration   2: 0,048 ±(99.9%) 0,005 s/op
[info] # Warmup Iteration   3: 0,050 ±(99.9%) 0,007 s/op
[info] # Warmup Iteration   4: 0,050 ±(99.9%) 0,005 s/op
[info] # Warmup Iteration   5: 0,048 ±(99.9%) 0,007 s/op
[info] # Warmup Iteration   6: 0,050 ±(99.9%) 0,006 s/op
[info] # Warmup Iteration   7: 0,050 ±(99.9%) 0,007 s/op
[info] # Warmup Iteration   8: 0,047 ±(99.9%) 0,004 s/op
[info] # Warmup Iteration   9: 0,050 ±(99.9%) 0,007 s/op
[info] # Warmup Iteration  10: 0,050 ±(99.9%) 0,006 s/op
[info] Iteration   1: 0,051 ±(99.9%) 0,008 s/op
[info]                  client.cpu:         11,672 ms/batch
[info]                  gc.alloc.rate:      3,900 MB/sec
[info]                  gc.alloc.rate.norm: 206799,600 B/op
[info]                  gc.count:           ≈ 0 counts
[info]                  p0.00:              0,044 s/op
[info]                  p0.50:              0,047 s/op
[info]                  p0.90:              0,070 s/op
[info]                  p0.95:              0,072 s/op
[info]                  p0.99:              0,072 s/op
[info]                  p0.999:             0,072 s/op
[info]                  p0.9999:            0,072 s/op
[info]                  p1.00:              0,072 s/op
[info] Iteration   2: 0,052 ±(99.9%) 0,007 s/op
[info]                  client.cpu:         13,814 ms/batch
[info]                  gc.alloc.rate:      3,801 MB/sec
[info]                  gc.alloc.rate.norm: 207373,600 B/op
[info]                  gc.count:           ≈ 0 counts
[info]                  p0.00:              0,044 s/op
[info]                  p0.50:              0,048 s/op
[info]                  p0.90:              0,068 s/op
[info]                  p0.95:              0,069 s/op
[info]                  p0.99:              0,069 s/op
[info]                  p0.999:             0,069 s/op
[info]                  p0.9999:            0,069 s/op
[info]                  p1.00:              0,069 s/op
[info] Iteration   3: 0,050 ±(99.9%) 0,007 s/op
[info]                  client.cpu:         11,866 ms/batch
[info]                  gc.alloc.rate:      3,988 MB/sec
[info]                  gc.alloc.rate.norm: 207704,381 B/op
[info]                  gc.count:           ≈ 0 counts
[info]                  p0.00:              0,044 s/op
[info]                  p0.50:              0,047 s/op
[info]                  p0.90:              0,067 s/op
[info]                  p0.95:              0,072 s/op
[info]                  p0.99:              0,073 s/op
[info]                  p0.999:             0,073 s/op
[info]                  p0.9999:            0,073 s/op
[info]                  p1.00:              0,073 s/op
[info] Iteration   4: 0,048 ±(99.9%) 0,005 s/op
[info]                  client.cpu:         9,999 ms/batch
[info]                  gc.alloc.rate:      4,083 MB/sec
[info]                  gc.alloc.rate.norm: 206458,286 B/op
[info]                  gc.count:           ≈ 0 counts
[info]                  p0.00:              0,044 s/op
[info]                  p0.50:              0,047 s/op
[info]                  p0.90:              0,059 s/op
[info]                  p0.95:              0,066 s/op
[info]                  p0.99:              0,067 s/op
[info]                  p0.999:             0,067 s/op
[info]                  p0.9999:            0,067 s/op
[info]                  p1.00:              0,067 s/op
[info] Iteration   5: 0,055 ±(99.9%) 0,010 s/op
[info]                  client.cpu:         14,966 ms/batch
[info]                  gc.alloc.rate:      2,839 MB/sec
[info]                  gc.alloc.rate.norm: 213222,316 B/op
[info]                  gc.count:           ≈ 0 counts
[info]                  p0.00:              0,044 s/op
[info]                  p0.50:              0,049 s/op
[info]                  p0.90:              0,075 s/op
[info]                  p0.95:              0,081 s/op
[info]                  p0.99:              0,081 s/op
[info]                  p0.999:             0,081 s/op
[info]                  p0.9999:            0,081 s/op
[info]                  p1.00:              0,081 s/op
[info] # Run progress: 72,92% complete, ETA 00:09:08
[info] # Fork: 2 of 3
[info] WARNING: A terminally deprecated method in sun.misc.Unsafe has been called
[info] WARNING: sun.misc.Unsafe::objectFieldOffset has been called by org.openjdk.jmh.util.Utils (file:/Users/stas/projects/scala-effect-bench/target/bg-jobs/sbt_ec168a1a/target/ec0caa91/1296d6b9/jmh-core-1.37.jar)
[info] WARNING: Please consider reporting this to the maintainers of class org.openjdk.jmh.util.Utils
[info] WARNING: sun.misc.Unsafe::objectFieldOffset will be removed in a future release
[info] # Warmup Iteration   1: 0,049 ±(99.9%) 0,005 s/op
[info] # Warmup Iteration   2: 0,052 ±(99.9%) 0,005 s/op
[info] # Warmup Iteration   3: 0,049 ±(99.9%) 0,005 s/op
[info] # Warmup Iteration   4: 0,052 ±(99.9%) 0,005 s/op
[info] # Warmup Iteration   5: 0,048 ±(99.9%) 0,004 s/op
[info] # Warmup Iteration   6: 0,048 ±(99.9%) 0,005 s/op
[info] # Warmup Iteration   7: 0,051 ±(99.9%) 0,007 s/op
[info] # Warmup Iteration   8: 0,049 ±(99.9%) 0,004 s/op
[info] # Warmup Iteration   9: 0,052 ±(99.9%) 0,006 s/op
[info] # Warmup Iteration  10: 0,049 ±(99.9%) 0,005 s/op
[info] Iteration   1: 0,053 ±(99.9%) 0,009 s/op
[info]                  client.cpu:         17,410 ms/batch
[info]                  gc.alloc.rate:      3,711 MB/sec
[info]                  gc.alloc.rate.norm: 208238,737 B/op
[info]                  gc.count:           ≈ 0 counts
[info]                  p0.00:              0,044 s/op
[info]                  p0.50:              0,048 s/op
[info]                  p0.90:              0,070 s/op
[info]                  p0.95:              0,076 s/op
[info]                  p0.99:              0,076 s/op
[info]                  p0.999:             0,076 s/op
[info]                  p0.9999:            0,076 s/op
[info]                  p1.00:              0,076 s/op
[info] Iteration   2: 0,055 ±(99.9%) 0,013 s/op
[info]                  client.cpu:         14,090 ms/batch
[info]                  gc.alloc.rate:      3,582 MB/sec
[info]                  gc.alloc.rate.norm: 207956,632 B/op
[info]                  gc.count:           ≈ 0 counts
[info]                  p0.00:              0,044 s/op
[info]                  p0.50:              0,046 s/op
[info]                  p0.90:              0,080 s/op
[info]                  p0.95:              0,082 s/op
[info]                  p0.99:              0,082 s/op
[info]                  p0.999:             0,082 s/op
[info]                  p0.9999:            0,082 s/op
[info]                  p1.00:              0,082 s/op
[info] Iteration   3: 0,049 ±(99.9%) 0,006 s/op
[info]                  client.cpu:         12,112 ms/batch
[info]                  gc.alloc.rate:      4,049 MB/sec
[info]                  gc.alloc.rate.norm: 207378,286 B/op
[info]                  gc.count:           ≈ 0 counts
[info]                  p0.00:              0,044 s/op
[info]                  p0.50:              0,047 s/op
[info]                  p0.90:              0,057 s/op
[info]                  p0.95:              0,074 s/op
[info]                  p0.99:              0,076 s/op
[info]                  p0.999:             0,076 s/op
[info]                  p0.9999:            0,076 s/op
[info]                  p1.00:              0,076 s/op
[info] Iteration   4: 0,049 ±(99.9%) 0,004 s/op
[info]                  client.cpu:         11,243 ms/batch
[info]                  gc.alloc.rate:      4,019 MB/sec
[info]                  gc.alloc.rate.norm: 205484,952 B/op
[info]                  gc.count:           ≈ 0 counts
[info]                  p0.00:              0,044 s/op
[info]                  p0.50:              0,048 s/op
[info]                  p0.90:              0,055 s/op
[info]                  p0.95:              0,059 s/op
[info]                  p0.99:              0,059 s/op
[info]                  p0.999:             0,059 s/op
[info]                  p0.9999:            0,059 s/op
[info]                  p1.00:              0,059 s/op
[info] Iteration   5: 0,048 ±(99.9%) 0,004 s/op
[info]                  client.cpu:         11,148 ms/batch
[info]                  gc.alloc.rate:      3,185 MB/sec
[info]                  gc.alloc.rate.norm: 212560,762 B/op
[info]                  gc.count:           ≈ 0 counts
[info]                  p0.00:              0,044 s/op
[info]                  p0.50:              0,048 s/op
[info]                  p0.90:              0,054 s/op
[info]                  p0.95:              0,065 s/op
[info]                  p0.99:              0,066 s/op
[info]                  p0.999:             0,066 s/op
[info]                  p0.9999:            0,066 s/op
[info]                  p1.00:              0,066 s/op
[info] # Run progress: 73,96% complete, ETA 00:08:47
[info] # Fork: 3 of 3
[info] WARNING: A terminally deprecated method in sun.misc.Unsafe has been called
[info] WARNING: sun.misc.Unsafe::objectFieldOffset has been called by org.openjdk.jmh.util.Utils (file:/Users/stas/projects/scala-effect-bench/target/bg-jobs/sbt_ec168a1a/target/ec0caa91/1296d6b9/jmh-core-1.37.jar)
[info] WARNING: Please consider reporting this to the maintainers of class org.openjdk.jmh.util.Utils
[info] WARNING: sun.misc.Unsafe::objectFieldOffset will be removed in a future release
[info] # Warmup Iteration   1: 0,047 ±(99.9%) 0,005 s/op
[info] # Warmup Iteration   2: 0,052 ±(99.9%) 0,009 s/op
[info] # Warmup Iteration   3: 0,049 ±(99.9%) 0,006 s/op
[info] # Warmup Iteration   4: 0,050 ±(99.9%) 0,008 s/op
[info] # Warmup Iteration   5: 0,048 ±(99.9%) 0,004 s/op
[info] # Warmup Iteration   6: 0,055 ±(99.9%) 0,015 s/op
[info] # Warmup Iteration   7: 0,050 ±(99.9%) 0,009 s/op
[info] # Warmup Iteration   8: 0,051 ±(99.9%) 0,009 s/op
[info] # Warmup Iteration   9: 0,054 ±(99.9%) 0,010 s/op
[info] # Warmup Iteration  10: 0,049 ±(99.9%) 0,007 s/op
[info] Iteration   1: 0,051 ±(99.9%) 0,009 s/op
[info]                  client.cpu:         12,065 ms/batch
[info]                  gc.alloc.rate:      3,843 MB/sec
[info]                  gc.alloc.rate.norm: 207161,600 B/op
[info]                  gc.count:           ≈ 0 counts
[info]                  p0.00:              0,044 s/op
[info]                  p0.50:              0,045 s/op
[info]                  p0.90:              0,068 s/op
[info]                  p0.95:              0,077 s/op
[info]                  p0.99:              0,077 s/op
[info]                  p0.999:             0,077 s/op
[info]                  p0.9999:            0,077 s/op
[info]                  p1.00:              0,077 s/op
[info] Iteration   2: 0,053 ±(99.9%) 0,009 s/op
[info]                  client.cpu:         12,953 ms/batch
[info]                  gc.alloc.rate:      3,737 MB/sec
[info]                  gc.alloc.rate.norm: 207678,737 B/op
[info]                  gc.count:           ≈ 0 counts
[info]                  p0.00:              0,044 s/op
[info]                  p0.50:              0,049 s/op
[info]                  p0.90:              0,071 s/op
[info]                  p0.95:              0,075 s/op
[info]                  p0.99:              0,075 s/op
[info]                  p0.999:             0,075 s/op
[info]                  p0.9999:            0,075 s/op
[info]                  p1.00:              0,075 s/op
[info] Iteration   3: 0,053 ±(99.9%) 0,009 s/op
[info]                  client.cpu:         13,667 ms/batch
[info]                  gc.alloc.rate:      3,726 MB/sec
[info]                  gc.alloc.rate.norm: 207312,000 B/op
[info]                  gc.count:           ≈ 0 counts
[info]                  p0.00:              0,044 s/op
[info]                  p0.50:              0,048 s/op
[info]                  p0.90:              0,069 s/op
[info]                  p0.95:              0,080 s/op
[info]                  p0.99:              0,080 s/op
[info]                  p0.999:             0,080 s/op
[info]                  p0.9999:            0,080 s/op
[info]                  p1.00:              0,080 s/op
[info] Iteration   4: 0,053 ±(99.9%) 0,009 s/op
[info]                  client.cpu:         12,319 ms/batch
[info]                  gc.alloc.rate:      3,765 MB/sec
[info]                  gc.alloc.rate.norm: 209065,684 B/op
[info]                  gc.count:           ≈ 0 counts
[info]                  p0.00:              0,044 s/op
[info]                  p0.50:              0,049 s/op
[info]                  p0.90:              0,069 s/op
[info]                  p0.95:              0,077 s/op
[info]                  p0.99:              0,077 s/op
[info]                  p0.999:             0,077 s/op
[info]                  p0.9999:            0,077 s/op
[info]                  p1.00:              0,077 s/op
[info] Iteration   5: 0,051 ±(99.9%) 0,009 s/op
[info]                  client.cpu:         13,157 ms/batch
[info]                  gc.alloc.rate:      3,021 MB/sec
[info]                  gc.alloc.rate.norm: 214161,200 B/op
[info]                  gc.count:           ≈ 0 counts
[info]                  p0.00:              0,044 s/op
[info]                  p0.50:              0,046 s/op
[info]                  p0.90:              0,072 s/op
[info]                  p0.95:              0,076 s/op
[info]                  p0.99:              0,076 s/op
[info]                  p0.999:             0,076 s/op
[info]                  p0.9999:            0,076 s/op
[info]                  p1.00:              0,076 s/op
[info] Result "bench.io.IoBench.requests":
[info]   N = 299
[info]   mean =      0,051 ±(99.9%) 0,002 s/op
[info]   Histogram, s/op:
[info]     [0,040, 0,043) = 0 
[info]     [0,043, 0,045) = 94 
[info]     [0,045, 0,048) = 51 
[info]     [0,048, 0,050) = 57 
[info]     [0,050, 0,053) = 7 
[info]     [0,053, 0,055) = 18 
[info]     [0,055, 0,058) = 12 
[info]     [0,058, 0,060) = 11 
[info]     [0,060, 0,063) = 7 
[info]     [0,063, 0,065) = 4 
[info]     [0,065, 0,068) = 7 
[info]     [0,068, 0,070) = 11 
[info]     [0,070, 0,073) = 4 
[info]     [0,073, 0,075) = 5 
[info]     [0,075, 0,078) = 7 
[info]     [0,078, 0,080) = 2 
[info]     [0,080, 0,083) = 2 
[info]     [0,083, 0,085) = 0 
[info]     [0,085, 0,088) = 0 
[info]   Percentiles, s/op:
[info]       p(0,0000) =      0,044 s/op
[info]      p(50,0000) =      0,048 s/op
[info]      p(90,0000) =      0,068 s/op
[info]      p(95,0000) =      0,073 s/op
[info]      p(99,0000) =      0,080 s/op
[info]      p(99,9000) =      0,082 s/op
[info]      p(99,9900) =      0,082 s/op
[info]      p(99,9990) =      0,082 s/op
[info]      p(99,9999) =      0,082 s/op
[info]     p(100,0000) =      0,082 s/op
[info] Secondary result "bench.io.IoBench.requests:client.cpu":
[info]   12,832 ±(99.9%) 1,936 ms/batch [Average]
[info]   (min, avg, max) = (9,999, 12,832, 17,410), stdev = 1,811
[info]   CI (99.9%): [10,896, 14,768] (assumes normal distribution)
[info] Secondary result "bench.io.IoBench.requests:gc.alloc.rate":
[info]   3,683 ±(99.9%) 0,405 MB/sec [Average]
[info]   (min, avg, max) = (2,839, 3,683, 4,083), stdev = 0,379
[info]   CI (99.9%): [3,278, 4,088] (assumes normal distribution)
[info] Secondary result "bench.io.IoBench.requests:gc.alloc.rate.norm":
[info]   208570,451 ±(99.9%) 2779,498 B/op [Average]
[info]   (min, avg, max) = (205484,952, 208570,451, 214161,200), stdev = 2599,944
[info]   CI (99.9%): [205790,954, 211349,949] (assumes normal distribution)
[info] Secondary result "bench.io.IoBench.requests:gc.count":
[info]   ≈ 0 counts
[info] # JMH version: 1.37
[info] # VM version: JDK 25.0.3, Java HotSpot(TM) 64-Bit Server VM, 25.0.3+9-LTS-195
[info] # VM invoker: /Users/stas/.sdkman/candidates/java/25.0.3-oracle/bin/java
[info] # VM options: --add-opens=java.base/java.lang=ALL-UNNAMED -Xms2g -Xmx2g -XX:+UseG1GC --add-opens=java.base/java.lang=ALL-UNNAMED -Xms2g -Xmx2g -XX:+UseG1GC
[info] # Blackhole mode: compiler (auto-detected, use -Djmh.blackhole.autoDetect=false to disable)
[info] # Warmup: 10 iterations, 1 s each
[info] # Measurement: 5 iterations, 1 s each
[info] # Timeout: 10 min per iteration
[info] # Threads: 1 thread, will synchronize iterations
[info] # Benchmark mode: Sampling time
[info] # Benchmark: bench.io.IoBench.requests
[info] # Parameters: (delayMicros = 1000, parallelism = 64, runtime = ce, size = 256, transport = blocking)
[info] # Run progress: 75,00% complete, ETA 00:08:26
[info] # Fork: 1 of 3
[info] WARNING: A terminally deprecated method in sun.misc.Unsafe has been called
[info] WARNING: sun.misc.Unsafe::objectFieldOffset has been called by org.openjdk.jmh.util.Utils (file:/Users/stas/projects/scala-effect-bench/target/bg-jobs/sbt_ec168a1a/target/ec0caa91/1296d6b9/jmh-core-1.37.jar)
[info] WARNING: Please consider reporting this to the maintainers of class org.openjdk.jmh.util.Utils
[info] WARNING: sun.misc.Unsafe::objectFieldOffset will be removed in a future release
[info] # Warmup Iteration   1: 0,008 ±(99.9%) 0,005 s/op
[info] # Warmup Iteration   2: 0,007 ±(99.9%) 0,001 s/op
[info] # Warmup Iteration   3: 0,007 ±(99.9%) 0,001 s/op
[info] # Warmup Iteration   4: 0,007 ±(99.9%) 0,001 s/op
[info] # Warmup Iteration   5: 0,007 ±(99.9%) 0,001 s/op
[info] # Warmup Iteration   6: 0,007 ±(99.9%) 0,001 s/op
[info] # Warmup Iteration   7: 0,007 ±(99.9%) 0,001 s/op
[info] # Warmup Iteration   8: 0,007 ±(99.9%) 0,001 s/op
[info] # Warmup Iteration   9: 0,007 ±(99.9%) 0,001 s/op
[info] # Warmup Iteration  10: 0,007 ±(99.9%) 0,001 s/op
[info] Iteration   1: 0,007 ±(99.9%) 0,001 s/op
[info]                  client.cpu:         7,554 ms/batch
[info]                  gc.alloc.rate:      54,860 MB/sec
[info]                  gc.alloc.rate.norm: 376556,883 B/op
[info]                  gc.count:           ≈ 0 counts
[info]                  p0.00:              0,006 s/op
[info]                  p0.50:              0,006 s/op
[info]                  p0.90:              0,007 s/op
[info]                  p0.95:              0,007 s/op
[info]                  p0.99:              0,008 s/op
[info]                  p0.999:             0,008 s/op
[info]                  p0.9999:            0,008 s/op
[info]                  p1.00:              0,008 s/op
[info] Iteration   2: 0,007 ±(99.9%) 0,001 s/op
[info]                  client.cpu:         7,949 ms/batch
[info]                  gc.alloc.rate:      53,734 MB/sec
[info]                  gc.alloc.rate.norm: 376084,927 B/op
[info]                  gc.count:           ≈ 0 counts
[info]                  p0.00:              0,006 s/op
[info]                  p0.50:              0,007 s/op
[info]                  p0.90:              0,007 s/op
[info]                  p0.95:              0,007 s/op
[info]                  p0.99:              0,008 s/op
[info]                  p0.999:             0,008 s/op
[info]                  p0.9999:            0,008 s/op
[info]                  p1.00:              0,008 s/op
[info] Iteration   3: 0,007 ±(99.9%) 0,001 s/op
[info]                  client.cpu:         9,132 ms/batch
[info]                  gc.alloc.rate:      53,327 MB/sec
[info]                  gc.alloc.rate.norm: 376019,866 B/op
[info]                  gc.count:           ≈ 0 counts
[info]                  p0.00:              0,006 s/op
[info]                  p0.50:              0,007 s/op
[info]                  p0.90:              0,007 s/op
[info]                  p0.95:              0,008 s/op
[info]                  p0.99:              0,008 s/op
[info]                  p0.999:             0,008 s/op
[info]                  p0.9999:            0,008 s/op
[info]                  p1.00:              0,008 s/op
[info] Iteration   4: 0,007 ±(99.9%) 0,001 s/op
[info]                  client.cpu:         8,097 ms/batch
[info]                  gc.alloc.rate:      54,661 MB/sec
[info]                  gc.alloc.rate.norm: 376231,477 B/op
[info]                  gc.count:           ≈ 0 counts
[info]                  p0.00:              0,006 s/op
[info]                  p0.50:              0,007 s/op
[info]                  p0.90:              0,007 s/op
[info]                  p0.95:              0,007 s/op
[info]                  p0.99:              0,008 s/op
[info]                  p0.999:             0,008 s/op
[info]                  p0.9999:            0,008 s/op
[info]                  p1.00:              0,008 s/op
[info] Iteration   5: 0,007 ±(99.9%) 0,001 s/op
[info]                  client.cpu:         7,815 ms/batch
[info]                  gc.alloc.rate:      40,462 MB/sec
[info]                  gc.alloc.rate.norm: 376764,134 B/op
[info]                  gc.count:           1,000 counts
[info]                  gc.time:            2,000 ms
[info]                  p0.00:              0,006 s/op
[info]                  p0.50:              0,007 s/op
[info]                  p0.90:              0,007 s/op
[info]                  p0.95:              0,007 s/op
[info]                  p0.99:              0,008 s/op
[info]                  p0.999:             0,008 s/op
[info]                  p0.9999:            0,008 s/op
[info]                  p1.00:              0,008 s/op
[info] # Run progress: 76,04% complete, ETA 00:08:05
[info] # Fork: 2 of 3
[info] WARNING: A terminally deprecated method in sun.misc.Unsafe has been called
[info] WARNING: sun.misc.Unsafe::objectFieldOffset has been called by org.openjdk.jmh.util.Utils (file:/Users/stas/projects/scala-effect-bench/target/bg-jobs/sbt_ec168a1a/target/ec0caa91/1296d6b9/jmh-core-1.37.jar)
[info] WARNING: Please consider reporting this to the maintainers of class org.openjdk.jmh.util.Utils
[info] WARNING: sun.misc.Unsafe::objectFieldOffset will be removed in a future release
[info] # Warmup Iteration   1: 0,008 ±(99.9%) 0,005 s/op
[info] # Warmup Iteration   2: 0,007 ±(99.9%) 0,001 s/op
[info] # Warmup Iteration   3: 0,007 ±(99.9%) 0,001 s/op
[info] # Warmup Iteration   4: 0,007 ±(99.9%) 0,001 s/op
[info] # Warmup Iteration   5: 0,007 ±(99.9%) 0,001 s/op
[info] # Warmup Iteration   6: 0,007 ±(99.9%) 0,001 s/op
[info] # Warmup Iteration   7: 0,006 ±(99.9%) 0,001 s/op
[info] # Warmup Iteration   8: 0,007 ±(99.9%) 0,001 s/op
[info] # Warmup Iteration   9: 0,007 ±(99.9%) 0,001 s/op
[info] # Warmup Iteration  10: 0,008 ±(99.9%) 0,001 s/op
[info] Iteration   1: 0,007 ±(99.9%) 0,001 s/op
[info]                  client.cpu:         9,506 ms/batch
[info]                  gc.alloc.rate:      53,674 MB/sec
[info]                  gc.alloc.rate.norm: 373182,158 B/op
[info]                  gc.count:           ≈ 0 counts
[info]                  p0.00:              0,006 s/op
[info]                  p0.50:              0,007 s/op
[info]                  p0.90:              0,007 s/op
[info]                  p0.95:              0,007 s/op
[info]                  p0.99:              0,008 s/op
[info]                  p0.999:             0,008 s/op
[info]                  p0.9999:            0,008 s/op
[info]                  p1.00:              0,008 s/op
[info] Iteration   2: 0,007 ±(99.9%) 0,001 s/op
[info]                  client.cpu:         8,325 ms/batch
[info]                  gc.alloc.rate:      54,285 MB/sec
[info]                  gc.alloc.rate.norm: 373471,007 B/op
[info]                  gc.count:           ≈ 0 counts
[info]                  p0.00:              0,006 s/op
[info]                  p0.50:              0,006 s/op
[info]                  p0.90:              0,007 s/op
[info]                  p0.95:              0,007 s/op
[info]                  p0.99:              0,008 s/op
[info]                  p0.999:             0,008 s/op
[info]                  p0.9999:            0,008 s/op
[info]                  p1.00:              0,008 s/op
[info] Iteration   3: 0,007 ±(99.9%) 0,001 s/op
[info]                  client.cpu:         6,943 ms/batch
[info]                  gc.alloc.rate:      53,446 MB/sec
[info]                  gc.alloc.rate.norm: 373594,278 B/op
[info]                  gc.count:           ≈ 0 counts
[info]                  p0.00:              0,006 s/op
[info]                  p0.50:              0,007 s/op
[info]                  p0.90:              0,007 s/op
[info]                  p0.95:              0,007 s/op
[info]                  p0.99:              0,008 s/op
[info]                  p0.999:             0,008 s/op
[info]                  p0.9999:            0,008 s/op
[info]                  p1.00:              0,008 s/op
[info] Iteration   4: 0,007 ±(99.9%) 0,001 s/op
[info]                  client.cpu:         8,204 ms/batch
[info]                  gc.alloc.rate:      54,037 MB/sec
[info]                  gc.alloc.rate.norm: 373104,947 B/op
[info]                  gc.count:           ≈ 0 counts
[info]                  p0.00:              0,006 s/op
[info]                  p0.50:              0,007 s/op
[info]                  p0.90:              0,007 s/op
[info]                  p0.95:              0,007 s/op
[info]                  p0.99:              0,008 s/op
[info]                  p0.999:             0,008 s/op
[info]                  p0.9999:            0,008 s/op
[info]                  p1.00:              0,008 s/op
[info] Iteration   5: 0,007 ±(99.9%) 0,001 s/op
[info]                  client.cpu:         8,752 ms/batch
[info]                  gc.alloc.rate:      40,073 MB/sec
[info]                  gc.alloc.rate.norm: 373709,173 B/op
[info]                  gc.count:           1,000 counts
[info]                  gc.time:            2,000 ms
[info]                  p0.00:              0,006 s/op
[info]                  p0.50:              0,007 s/op
[info]                  p0.90:              0,007 s/op
[info]                  p0.95:              0,007 s/op
[info]                  p0.99:              0,008 s/op
[info]                  p0.999:             0,009 s/op
[info]                  p0.9999:            0,009 s/op
[info]                  p1.00:              0,009 s/op
[info] # Run progress: 77,08% complete, ETA 00:07:44
[info] # Fork: 3 of 3
[info] WARNING: A terminally deprecated method in sun.misc.Unsafe has been called
[info] WARNING: sun.misc.Unsafe::objectFieldOffset has been called by org.openjdk.jmh.util.Utils (file:/Users/stas/projects/scala-effect-bench/target/bg-jobs/sbt_ec168a1a/target/ec0caa91/1296d6b9/jmh-core-1.37.jar)
[info] WARNING: Please consider reporting this to the maintainers of class org.openjdk.jmh.util.Utils
[info] WARNING: sun.misc.Unsafe::objectFieldOffset will be removed in a future release
[info] # Warmup Iteration   1: 0,007 ±(99.9%) 0,005 s/op
[info] # Warmup Iteration   2: 0,007 ±(99.9%) 0,001 s/op
[info] # Warmup Iteration   3: 0,007 ±(99.9%) 0,001 s/op
[info] # Warmup Iteration   4: 0,007 ±(99.9%) 0,001 s/op
[info] # Warmup Iteration   5: 0,007 ±(99.9%) 0,001 s/op
[info] # Warmup Iteration   6: 0,007 ±(99.9%) 0,001 s/op
[info] # Warmup Iteration   7: 0,007 ±(99.9%) 0,001 s/op
[info] # Warmup Iteration   8: 0,006 ±(99.9%) 0,001 s/op
[info] # Warmup Iteration   9: 0,007 ±(99.9%) 0,001 s/op
[info] # Warmup Iteration  10: 0,007 ±(99.9%) 0,001 s/op
[info] Iteration   1: 0,007 ±(99.9%) 0,001 s/op
[info]                  client.cpu:         8,648 ms/batch
[info]                  gc.alloc.rate:      53,672 MB/sec
[info]                  gc.alloc.rate.norm: 373458,278 B/op
[info]                  gc.count:           ≈ 0 counts
[info]                  p0.00:              0,006 s/op
[info]                  p0.50:              0,007 s/op
[info]                  p0.90:              0,007 s/op
[info]                  p0.95:              0,008 s/op
[info]                  p0.99:              0,008 s/op
[info]                  p0.999:             0,008 s/op
[info]                  p0.9999:            0,008 s/op
[info]                  p1.00:              0,008 s/op
[info] Iteration   2: 0,007 ±(99.9%) 0,001 s/op
[info]                  client.cpu:         8,348 ms/batch
[info]                  gc.alloc.rate:      53,395 MB/sec
[info]                  gc.alloc.rate.norm: 373248,795 B/op
[info]                  gc.count:           ≈ 0 counts
[info]                  p0.00:              0,006 s/op
[info]                  p0.50:              0,007 s/op
[info]                  p0.90:              0,007 s/op
[info]                  p0.95:              0,007 s/op
[info]                  p0.99:              0,008 s/op
[info]                  p0.999:             0,008 s/op
[info]                  p0.9999:            0,008 s/op
[info]                  p1.00:              0,008 s/op
[info] Iteration   3: 0,007 ±(99.9%) 0,001 s/op
[info]                  client.cpu:         9,282 ms/batch
[info]                  gc.alloc.rate:      54,098 MB/sec
[info]                  gc.alloc.rate.norm: 373184,157 B/op
[info]                  gc.count:           ≈ 0 counts
[info]                  p0.00:              0,006 s/op
[info]                  p0.50:              0,007 s/op
[info]                  p0.90:              0,007 s/op
[info]                  p0.95:              0,008 s/op
[info]                  p0.99:              0,008 s/op
[info]                  p0.999:             0,008 s/op
[info]                  p0.9999:            0,008 s/op
[info]                  p1.00:              0,008 s/op
[info] Iteration   4: 0,007 ±(99.9%) 0,001 s/op
[info]                  client.cpu:         8,496 ms/batch
[info]                  gc.alloc.rate:      53,261 MB/sec
[info]                  gc.alloc.rate.norm: 372955,232 B/op
[info]                  gc.count:           1,000 counts
[info]                  gc.time:            2,000 ms
[info]                  p0.00:              0,006 s/op
[info]                  p0.50:              0,007 s/op
[info]                  p0.90:              0,007 s/op
[info]                  p0.95:              0,008 s/op
[info]                  p0.99:              0,008 s/op
[info]                  p0.999:             0,008 s/op
[info]                  p0.9999:            0,008 s/op
[info]                  p1.00:              0,008 s/op
[info] Iteration   5: 0,007 ±(99.9%) 0,001 s/op
[info]                  client.cpu:         9,410 ms/batch
[info]                  gc.alloc.rate:      39,930 MB/sec
[info]                  gc.alloc.rate.norm: 373260,000 B/op
[info]                  gc.count:           ≈ 0 counts
[info]                  p0.00:              0,006 s/op
[info]                  p0.50:              0,007 s/op
[info]                  p0.90:              0,007 s/op
[info]                  p0.95:              0,008 s/op
[info]                  p0.99:              0,008 s/op
[info]                  p0.999:             0,008 s/op
[info]                  p0.9999:            0,008 s/op
[info]                  p1.00:              0,008 s/op
[info] Result "bench.io.IoBench.requests":
[info]   N = 2268
[info]   mean =      0,007 ±(99.9%) 0,001 s/op
[info]   Histogram, s/op:
[info]     [0,005, 0,006) = 0 
[info]     [0,006, 0,006) = 95 
[info]     [0,006, 0,007) = 776 
[info]     [0,007, 0,007) = 992 
[info]     [0,007, 0,008) = 323 
[info]     [0,008, 0,008) = 72 
[info]     [0,008, 0,009) = 9 
[info]     [0,009, 0,009) = 0 
[info]     [0,009, 0,010) = 1 
[info]   Percentiles, s/op:
[info]       p(0,0000) =      0,006 s/op
[info]      p(50,0000) =      0,007 s/op
[info]      p(90,0000) =      0,007 s/op
[info]      p(95,0000) =      0,007 s/op
[info]      p(99,0000) =      0,008 s/op
[info]      p(99,9000) =      0,008 s/op
[info]      p(99,9900) =      0,009 s/op
[info]      p(99,9990) =      0,009 s/op
[info]      p(99,9999) =      0,009 s/op
[info]     p(100,0000) =      0,009 s/op
[info] Secondary result "bench.io.IoBench.requests:client.cpu":
[info]   8,431 ±(99.9%) 0,770 ms/batch [Average]
[info]   (min, avg, max) = (6,943, 8,431, 9,506), stdev = 0,720
[info]   CI (99.9%): [7,661, 9,201] (assumes normal distribution)
[info] Secondary result "bench.io.IoBench.requests:gc.alloc.rate":
[info]   51,128 ±(99.9%) 6,092 MB/sec [Average]
[info]   (min, avg, max) = (39,930, 51,128, 54,860), stdev = 5,699
[info]   CI (99.9%): [45,035, 57,220] (assumes normal distribution)
[info] Secondary result "bench.io.IoBench.requests:gc.alloc.rate.norm":
[info]   374321,687 ±(99.9%) 1595,774 B/op [Average]
[info]   (min, avg, max) = (372955,232, 374321,687, 376764,134), stdev = 1492,688
[info]   CI (99.9%): [372725,914, 375917,461] (assumes normal distribution)
[info] Secondary result "bench.io.IoBench.requests:gc.count":
[info]   3,000 ±(99.9%) 0,001 counts [Sum]
[info]   (min, avg, max) = (≈ 0, 0,200, 1,000), stdev = 0,414
[info]   CI (99.9%): [3,000, 3,000] (assumes normal distribution)
[info] Secondary result "bench.io.IoBench.requests:gc.time":
[info]   6,000 ±(99.9%) 0,001 ms [Sum]
[info]   (min, avg, max) = (≈ 0, 0,400, 2,000), stdev = 0,828
[info]   CI (99.9%): [6,000, 6,000] (assumes normal distribution)
[info] # JMH version: 1.37
[info] # VM version: JDK 25.0.3, Java HotSpot(TM) 64-Bit Server VM, 25.0.3+9-LTS-195
[info] # VM invoker: /Users/stas/.sdkman/candidates/java/25.0.3-oracle/bin/java
[info] # VM options: --add-opens=java.base/java.lang=ALL-UNNAMED -Xms2g -Xmx2g -XX:+UseG1GC --add-opens=java.base/java.lang=ALL-UNNAMED -Xms2g -Xmx2g -XX:+UseG1GC
[info] # Blackhole mode: compiler (auto-detected, use -Djmh.blackhole.autoDetect=false to disable)
[info] # Warmup: 10 iterations, 1 s each
[info] # Measurement: 5 iterations, 1 s each
[info] # Timeout: 10 min per iteration
[info] # Threads: 1 thread, will synchronize iterations
[info] # Benchmark mode: Sampling time
[info] # Benchmark: bench.io.IoBench.requests
[info] # Parameters: (delayMicros = 1000, parallelism = 64, runtime = ce, size = 256, transport = nonblocking)
[info] # Run progress: 78,13% complete, ETA 00:07:22
[info] # Fork: 1 of 3
[info] WARNING: A terminally deprecated method in sun.misc.Unsafe has been called
[info] WARNING: sun.misc.Unsafe::objectFieldOffset has been called by org.openjdk.jmh.util.Utils (file:/Users/stas/projects/scala-effect-bench/target/bg-jobs/sbt_ec168a1a/target/ec0caa91/1296d6b9/jmh-core-1.37.jar)
[info] WARNING: Please consider reporting this to the maintainers of class org.openjdk.jmh.util.Utils
[info] WARNING: sun.misc.Unsafe::objectFieldOffset will be removed in a future release
[info] # Warmup Iteration   1: 0,008 ±(99.9%) 0,005 s/op
[info] # Warmup Iteration   2: 0,007 ±(99.9%) 0,001 s/op
[info] # Warmup Iteration   3: 0,007 ±(99.9%) 0,001 s/op
[info] # Warmup Iteration   4: 0,007 ±(99.9%) 0,001 s/op
[info] # Warmup Iteration   5: 0,007 ±(99.9%) 0,001 s/op
[info] # Warmup Iteration   6: 0,007 ±(99.9%) 0,001 s/op
[info] # Warmup Iteration   7: 0,007 ±(99.9%) 0,001 s/op
[info] # Warmup Iteration   8: 0,007 ±(99.9%) 0,001 s/op
[info] # Warmup Iteration   9: 0,007 ±(99.9%) 0,001 s/op
[info] # Warmup Iteration  10: 0,007 ±(99.9%) 0,001 s/op
[info] Iteration   1: 0,007 ±(99.9%) 0,001 s/op
[info]                  client.cpu:         5,549 ms/batch
[info]                  gc.alloc.rate:      78,670 MB/sec
[info]                  gc.alloc.rate.norm: 592917,714 B/op
[info]                  gc.count:           ≈ 0 counts
[info]                  p0.00:              0,006 s/op
[info]                  p0.50:              0,007 s/op
[info]                  p0.90:              0,008 s/op
[info]                  p0.95:              0,008 s/op
[info]                  p0.99:              0,008 s/op
[info]                  p0.999:             0,008 s/op
[info]                  p0.9999:            0,008 s/op
[info]                  p1.00:              0,008 s/op
[info] Iteration   2: 0,007 ±(99.9%) 0,001 s/op
[info]                  client.cpu:         5,462 ms/batch
[info]                  gc.alloc.rate:      79,029 MB/sec
[info]                  gc.alloc.rate.norm: 592964,057 B/op
[info]                  gc.count:           ≈ 0 counts
[info]                  p0.00:              0,006 s/op
[info]                  p0.50:              0,007 s/op
[info]                  p0.90:              0,008 s/op
[info]                  p0.95:              0,008 s/op
[info]                  p0.99:              0,008 s/op
[info]                  p0.999:             0,008 s/op
[info]                  p0.9999:            0,008 s/op
[info]                  p1.00:              0,008 s/op
[info] Iteration   3: 0,007 ±(99.9%) 0,001 s/op
[info]                  client.cpu:         5,910 ms/batch
[info]                  gc.alloc.rate:      78,838 MB/sec
[info]                  gc.alloc.rate.norm: 592870,000 B/op
[info]                  gc.count:           ≈ 0 counts
[info]                  p0.00:              0,006 s/op
[info]                  p0.50:              0,007 s/op
[info]                  p0.90:              0,008 s/op
[info]                  p0.95:              0,008 s/op
[info]                  p0.99:              0,008 s/op
[info]                  p0.999:             0,008 s/op
[info]                  p0.9999:            0,008 s/op
[info]                  p1.00:              0,008 s/op
[info] Iteration   4: 0,007 ±(99.9%) 0,001 s/op
[info]                  client.cpu:         5,492 ms/batch
[info]                  gc.alloc.rate:      79,026 MB/sec
[info]                  gc.alloc.rate.norm: 592969,714 B/op
[info]                  gc.count:           ≈ 0 counts
[info]                  p0.00:              0,006 s/op
[info]                  p0.50:              0,007 s/op
[info]                  p0.90:              0,008 s/op
[info]                  p0.95:              0,008 s/op
[info]                  p0.99:              0,008 s/op
[info]                  p0.999:             0,008 s/op
[info]                  p0.9999:            0,008 s/op
[info]                  p1.00:              0,008 s/op
[info] Iteration   5: 0,007 ±(99.9%) 0,001 s/op
[info]                  client.cpu:         5,488 ms/batch
[info]                  gc.alloc.rate:      60,140 MB/sec
[info]                  gc.alloc.rate.norm: 593860,142 B/op
[info]                  gc.count:           ≈ 0 counts
[info]                  p0.00:              0,006 s/op
[info]                  p0.50:              0,007 s/op
[info]                  p0.90:              0,008 s/op
[info]                  p0.95:              0,008 s/op
[info]                  p0.99:              0,008 s/op
[info]                  p0.999:             0,009 s/op
[info]                  p0.9999:            0,009 s/op
[info]                  p1.00:              0,009 s/op
[info] # Run progress: 79,17% complete, ETA 00:07:01
[info] # Fork: 2 of 3
[info] WARNING: A terminally deprecated method in sun.misc.Unsafe has been called
[info] WARNING: sun.misc.Unsafe::objectFieldOffset has been called by org.openjdk.jmh.util.Utils (file:/Users/stas/projects/scala-effect-bench/target/bg-jobs/sbt_ec168a1a/target/ec0caa91/1296d6b9/jmh-core-1.37.jar)
[info] WARNING: Please consider reporting this to the maintainers of class org.openjdk.jmh.util.Utils
[info] WARNING: sun.misc.Unsafe::objectFieldOffset will be removed in a future release
[info] # Warmup Iteration   1: 0,009 ±(99.9%) 0,005 s/op
[info] # Warmup Iteration   2: 0,007 ±(99.9%) 0,001 s/op
[info] # Warmup Iteration   3: 0,007 ±(99.9%) 0,001 s/op
[info] # Warmup Iteration   4: 0,007 ±(99.9%) 0,001 s/op
[info] # Warmup Iteration   5: 0,007 ±(99.9%) 0,001 s/op
[info] # Warmup Iteration   6: 0,007 ±(99.9%) 0,001 s/op
[info] # Warmup Iteration   7: 0,007 ±(99.9%) 0,001 s/op
[info] # Warmup Iteration   8: 0,007 ±(99.9%) 0,001 s/op
[info] # Warmup Iteration   9: 0,007 ±(99.9%) 0,001 s/op
[info] # Warmup Iteration  10: 0,007 ±(99.9%) 0,001 s/op
[info] Iteration   1: 0,007 ±(99.9%) 0,001 s/op
[info]                  client.cpu:         5,450 ms/batch
[info]                  gc.alloc.rate:      78,357 MB/sec
[info]                  gc.alloc.rate.norm: 592964,835 B/op
[info]                  gc.count:           ≈ 0 counts
[info]                  p0.00:              0,006 s/op
[info]                  p0.50:              0,007 s/op
[info]                  p0.90:              0,008 s/op
[info]                  p0.95:              0,008 s/op
[info]                  p0.99:              0,008 s/op
[info]                  p0.999:             0,008 s/op
[info]                  p0.9999:            0,008 s/op
[info]                  p1.00:              0,008 s/op
[info] Iteration   2: 0,007 ±(99.9%) 0,001 s/op
[info]                  client.cpu:         5,591 ms/batch
[info]                  gc.alloc.rate:      78,314 MB/sec
[info]                  gc.alloc.rate.norm: 593076,547 B/op
[info]                  gc.count:           ≈ 0 counts
[info]                  p0.00:              0,006 s/op
[info]                  p0.50:              0,007 s/op
[info]                  p0.90:              0,008 s/op
[info]                  p0.95:              0,008 s/op
[info]                  p0.99:              0,008 s/op
[info]                  p0.999:             0,008 s/op
[info]                  p0.9999:            0,008 s/op
[info]                  p1.00:              0,008 s/op
[info] Iteration   3: 0,007 ±(99.9%) 0,001 s/op
[info]                  client.cpu:         6,031 ms/batch
[info]                  gc.alloc.rate:      78,549 MB/sec
[info]                  gc.alloc.rate.norm: 593186,971 B/op
[info]                  gc.count:           ≈ 0 counts
[info]                  p0.00:              0,006 s/op
[info]                  p0.50:              0,007 s/op
[info]                  p0.90:              0,008 s/op
[info]                  p0.95:              0,008 s/op
[info]                  p0.99:              0,009 s/op
[info]                  p0.999:             0,009 s/op
[info]                  p0.9999:            0,009 s/op
[info]                  p1.00:              0,009 s/op
[info] Iteration   4: 0,007 ±(99.9%) 0,001 s/op
[info]                  client.cpu:         5,484 ms/batch
[info]                  gc.alloc.rate:      79,234 MB/sec
[info]                  gc.alloc.rate.norm: 592845,220 B/op
[info]                  gc.count:           ≈ 0 counts
[info]                  p0.00:              0,006 s/op
[info]                  p0.50:              0,007 s/op
[info]                  p0.90:              0,008 s/op
[info]                  p0.95:              0,008 s/op
[info]                  p0.99:              0,008 s/op
[info]                  p0.999:             0,008 s/op
[info]                  p0.9999:            0,008 s/op
[info]                  p1.00:              0,008 s/op
[info] Iteration   5: 0,007 ±(99.9%) 0,001 s/op
[info]                  client.cpu:         5,719 ms/batch
[info]                  gc.alloc.rate:      61,141 MB/sec
[info]                  gc.alloc.rate.norm: 593931,722 B/op
[info]                  gc.count:           ≈ 0 counts
[info]                  p0.00:              0,006 s/op
[info]                  p0.50:              0,007 s/op
[info]                  p0.90:              0,008 s/op
[info]                  p0.95:              0,008 s/op
[info]                  p0.99:              0,008 s/op
[info]                  p0.999:             0,008 s/op
[info]                  p0.9999:            0,008 s/op
[info]                  p1.00:              0,008 s/op
[info] # Run progress: 80,21% complete, ETA 00:06:40
[info] # Fork: 3 of 3
[info] WARNING: A terminally deprecated method in sun.misc.Unsafe has been called
[info] WARNING: sun.misc.Unsafe::objectFieldOffset has been called by org.openjdk.jmh.util.Utils (file:/Users/stas/projects/scala-effect-bench/target/bg-jobs/sbt_ec168a1a/target/ec0caa91/1296d6b9/jmh-core-1.37.jar)
[info] WARNING: Please consider reporting this to the maintainers of class org.openjdk.jmh.util.Utils
[info] WARNING: sun.misc.Unsafe::objectFieldOffset will be removed in a future release
[info] # Warmup Iteration   1: 0,009 ±(99.9%) 0,005 s/op
[info] # Warmup Iteration   2: 0,007 ±(99.9%) 0,001 s/op
[info] # Warmup Iteration   3: 0,007 ±(99.9%) 0,001 s/op
[info] # Warmup Iteration   4: 0,007 ±(99.9%) 0,001 s/op
[info] # Warmup Iteration   5: 0,007 ±(99.9%) 0,001 s/op
[info] # Warmup Iteration   6: 0,007 ±(99.9%) 0,001 s/op
[info] # Warmup Iteration   7: 0,007 ±(99.9%) 0,001 s/op
[info] # Warmup Iteration   8: 0,007 ±(99.9%) 0,001 s/op
[info] # Warmup Iteration   9: 0,007 ±(99.9%) 0,001 s/op
[info] # Warmup Iteration  10: 0,007 ±(99.9%) 0,001 s/op
[info] Iteration   1: 0,007 ±(99.9%) 0,001 s/op
[info]                  client.cpu:         5,897 ms/batch
[info]                  gc.alloc.rate:      79,245 MB/sec
[info]                  gc.alloc.rate.norm: 593263,262 B/op
[info]                  gc.count:           1,000 counts
[info]                  gc.time:            2,000 ms
[info]                  p0.00:              0,006 s/op
[info]                  p0.50:              0,007 s/op
[info]                  p0.90:              0,008 s/op
[info]                  p0.95:              0,008 s/op
[info]                  p0.99:              0,009 s/op
[info]                  p0.999:             0,010 s/op
[info]                  p0.9999:            0,010 s/op
[info]                  p1.00:              0,010 s/op
[info] Iteration   2: 0,007 ±(99.9%) 0,001 s/op
[info]                  client.cpu:         5,602 ms/batch
[info]                  gc.alloc.rate:      79,668 MB/sec
[info]                  gc.alloc.rate.norm: 593055,319 B/op
[info]                  gc.count:           ≈ 0 counts
[info]                  p0.00:              0,006 s/op
[info]                  p0.50:              0,007 s/op
[info]                  p0.90:              0,008 s/op
[info]                  p0.95:              0,008 s/op
[info]                  p0.99:              0,008 s/op
[info]                  p0.999:             0,008 s/op
[info]                  p0.9999:            0,008 s/op
[info]                  p1.00:              0,008 s/op
[info] Iteration   3: 0,007 ±(99.9%) 0,001 s/op
[info]                  client.cpu:         6,156 ms/batch
[info]                  gc.alloc.rate:      79,920 MB/sec
[info]                  gc.alloc.rate.norm: 593200,000 B/op
[info]                  gc.count:           ≈ 0 counts
[info]                  p0.00:              0,006 s/op
[info]                  p0.50:              0,007 s/op
[info]                  p0.90:              0,008 s/op
[info]                  p0.95:              0,008 s/op
[info]                  p0.99:              0,008 s/op
[info]                  p0.999:             0,008 s/op
[info]                  p0.9999:            0,008 s/op
[info]                  p1.00:              0,008 s/op
[info] Iteration   4: 0,007 ±(99.9%) 0,001 s/op
[info]                  client.cpu:         5,727 ms/batch
[info]                  gc.alloc.rate:      79,802 MB/sec
[info]                  gc.alloc.rate.norm: 593015,606 B/op
[info]                  gc.count:           ≈ 0 counts
[info]                  p0.00:              0,006 s/op
[info]                  p0.50:              0,007 s/op
[info]                  p0.90:              0,008 s/op
[info]                  p0.95:              0,008 s/op
[info]                  p0.99:              0,008 s/op
[info]                  p0.999:             0,008 s/op
[info]                  p0.9999:            0,008 s/op
[info]                  p1.00:              0,008 s/op
[info] Iteration   5: 0,007 ±(99.9%) 0,001 s/op
[info]                  client.cpu:         5,602 ms/batch
[info]                  gc.alloc.rate:      59,168 MB/sec
[info]                  gc.alloc.rate.norm: 593575,429 B/op
[info]                  gc.count:           ≈ 0 counts
[info]                  p0.00:              0,006 s/op
[info]                  p0.50:              0,007 s/op
[info]                  p0.90:              0,008 s/op
[info]                  p0.95:              0,008 s/op
[info]                  p0.99:              0,008 s/op
[info]                  p0.999:             0,008 s/op
[info]                  p0.9999:            0,008 s/op
[info]                  p1.00:              0,008 s/op
[info] Result "bench.io.IoBench.requests":
[info]   N = 2110
[info]   mean =      0,007 ±(99.9%) 0,001 s/op
[info]   Histogram, s/op:
[info]     [0,005, 0,006) = 0 
[info]     [0,006, 0,006) = 22 
[info]     [0,006, 0,007) = 173 
[info]     [0,007, 0,007) = 429 
[info]     [0,007, 0,008) = 1136 
[info]     [0,008, 0,008) = 334 
[info]     [0,008, 0,009) = 13 
[info]     [0,009, 0,009) = 1 
[info]     [0,009, 0,010) = 1 
[info]   Percentiles, s/op:
[info]       p(0,0000) =      0,006 s/op
[info]      p(50,0000) =      0,007 s/op
[info]      p(90,0000) =      0,008 s/op
[info]      p(95,0000) =      0,008 s/op
[info]      p(99,0000) =      0,008 s/op
[info]      p(99,9000) =      0,009 s/op
[info]      p(99,9900) =      0,010 s/op
[info]      p(99,9990) =      0,010 s/op
[info]      p(99,9999) =      0,010 s/op
[info]     p(100,0000) =      0,010 s/op
[info] Secondary result "bench.io.IoBench.requests:client.cpu":
[info]   5,677 ±(99.9%) 0,239 ms/batch [Average]
[info]   (min, avg, max) = (5,450, 5,677, 6,156), stdev = 0,224
[info]   CI (99.9%): [5,438, 5,917] (assumes normal distribution)
[info] Secondary result "bench.io.IoBench.requests:gc.alloc.rate":
[info]   75,273 ±(99.9%) 8,393 MB/sec [Average]
[info]   (min, avg, max) = (59,168, 75,273, 79,920), stdev = 7,851
[info]   CI (99.9%): [66,880, 83,666] (assumes normal distribution)
[info] Secondary result "bench.io.IoBench.requests:gc.alloc.rate.norm":
[info]   593179,769 ±(99.9%) 367,991 B/op [Average]
[info]   (min, avg, max) = (592845,220, 593179,769, 593931,722), stdev = 344,219
[info]   CI (99.9%): [592811,778, 593547,760] (assumes normal distribution)
[info] Secondary result "bench.io.IoBench.requests:gc.count":
[info]   1,000 ±(99.9%) 0,001 counts [Sum]
[info]   (min, avg, max) = (≈ 0, 0,067, 1,000), stdev = 0,258
[info]   CI (99.9%): [1,000, 1,000] (assumes normal distribution)
[info] Secondary result "bench.io.IoBench.requests:gc.time":
[info]   2,000 ±(99.9%) 0,001 ms [Sum]
[info]   (min, avg, max) = (≈ 0, 0,133, 2,000), stdev = 0,516
[info]   CI (99.9%): [2,000, 2,000] (assumes normal distribution)
[info] # JMH version: 1.37
[info] # VM version: JDK 25.0.3, Java HotSpot(TM) 64-Bit Server VM, 25.0.3+9-LTS-195
[info] # VM invoker: /Users/stas/.sdkman/candidates/java/25.0.3-oracle/bin/java
[info] # VM options: --add-opens=java.base/java.lang=ALL-UNNAMED -Xms2g -Xmx2g -XX:+UseG1GC --add-opens=java.base/java.lang=ALL-UNNAMED -Xms2g -Xmx2g -XX:+UseG1GC
[info] # Blackhole mode: compiler (auto-detected, use -Djmh.blackhole.autoDetect=false to disable)
[info] # Warmup: 10 iterations, 1 s each
[info] # Measurement: 5 iterations, 1 s each
[info] # Timeout: 10 min per iteration
[info] # Threads: 1 thread, will synchronize iterations
[info] # Benchmark mode: Sampling time
[info] # Benchmark: bench.io.IoBench.requests
[info] # Parameters: (delayMicros = 1000, parallelism = 64, runtime = kyo, size = 256, transport = blocking)
[info] # Run progress: 81,25% complete, ETA 00:06:19
[info] # Fork: 1 of 3
[info] WARNING: A terminally deprecated method in sun.misc.Unsafe has been called
[info] WARNING: sun.misc.Unsafe::objectFieldOffset has been called by org.openjdk.jmh.util.Utils (file:/Users/stas/projects/scala-effect-bench/target/bg-jobs/sbt_ec168a1a/target/ec0caa91/1296d6b9/jmh-core-1.37.jar)
[info] WARNING: Please consider reporting this to the maintainers of class org.openjdk.jmh.util.Utils
[info] WARNING: sun.misc.Unsafe::objectFieldOffset will be removed in a future release
[info] # Warmup Iteration   1: 0,217 ±(99.9%) 0,204 s/op
[info] # Warmup Iteration   2: 0,202 ±(99.9%) 0,010 s/op
[info] # Warmup Iteration   3: 0,204 ±(99.9%) 0,005 s/op
[info] # Warmup Iteration   4: 0,202 ±(99.9%) 0,009 s/op
[info] # Warmup Iteration   5: 0,201 ±(99.9%) 0,011 s/op
[info] # Warmup Iteration   6: 0,201 ±(99.9%) 0,007 s/op
[info] # Warmup Iteration   7: 0,201 ±(99.9%) 0,007 s/op
[info] # Warmup Iteration   8: 0,202 ±(99.9%) 0,012 s/op
[info] # Warmup Iteration   9: 0,201 ±(99.9%) 0,008 s/op
[info] # Warmup Iteration  10: 0,203 ±(99.9%) 0,004 s/op
[info] Iteration   1: 0,201 ±(99.9%) 0,008 s/op
[info]                  client.cpu:         15,268 ms/batch
[info]                  gc.alloc.rate:      1,431 MB/sec
[info]                  gc.alloc.rate.norm: 301870,400 B/op
[info]                  gc.count:           ≈ 0 counts
[info]                  p0.00:              0,199 s/op
[info]                  p0.50:              0,201 s/op
[info]                  p0.90:              0,204 s/op
[info]                  p0.95:              0,204 s/op
[info]                  p0.99:              0,204 s/op
[info]                  p0.999:             0,204 s/op
[info]                  p0.9999:            0,204 s/op
[info]                  p1.00:              0,204 s/op
[info] Iteration   2: 0,201 ±(99.9%) 0,007 s/op
[info]                  client.cpu:         16,218 ms/batch
[info]                  gc.alloc.rate:      1,435 MB/sec
[info]                  gc.alloc.rate.norm: 303158,400 B/op
[info]                  gc.count:           ≈ 0 counts
[info]                  p0.00:              0,199 s/op
[info]                  p0.50:              0,201 s/op
[info]                  p0.90:              0,204 s/op
[info]                  p0.95:              0,204 s/op
[info]                  p0.99:              0,204 s/op
[info]                  p0.999:             0,204 s/op
[info]                  p0.9999:            0,204 s/op
[info]                  p1.00:              0,204 s/op
[info] Iteration   3: 0,202 ±(99.9%) 0,012 s/op
[info]                  client.cpu:         13,685 ms/batch
[info]                  gc.alloc.rate:      1,425 MB/sec
[info]                  gc.alloc.rate.norm: 301958,400 B/op
[info]                  gc.count:           ≈ 0 counts
[info]                  p0.00:              0,197 s/op
[info]                  p0.50:              0,202 s/op
[info]                  p0.90:              0,205 s/op
[info]                  p0.95:              0,205 s/op
[info]                  p0.99:              0,205 s/op
[info]                  p0.999:             0,205 s/op
[info]                  p0.9999:            0,205 s/op
[info]                  p1.00:              0,205 s/op
[info] Iteration   4: 0,202 ±(99.9%) 0,007 s/op
[info]                  client.cpu:         13,836 ms/batch
[info]                  gc.alloc.rate:      1,425 MB/sec
[info]                  gc.alloc.rate.norm: 302120,000 B/op
[info]                  gc.count:           ≈ 0 counts
[info]                  p0.00:              0,200 s/op
[info]                  p0.50:              0,203 s/op
[info]                  p0.90:              0,204 s/op
[info]                  p0.95:              0,204 s/op
[info]                  p0.99:              0,204 s/op
[info]                  p0.999:             0,204 s/op
[info]                  p0.9999:            0,204 s/op
[info]                  p1.00:              0,204 s/op
[info] Iteration   5: 0,200 ±(99.9%) 0,006 s/op
[info]                  client.cpu:         19,065 ms/batch
[info]                  gc.alloc.rate:      1,160 MB/sec
[info]                  gc.alloc.rate.norm: 320907,200 B/op
[info]                  gc.count:           ≈ 0 counts
[info]                  p0.00:              0,199 s/op
[info]                  p0.50:              0,201 s/op
[info]                  p0.90:              0,202 s/op
[info]                  p0.95:              0,202 s/op
[info]                  p0.99:              0,202 s/op
[info]                  p0.999:             0,202 s/op
[info]                  p0.9999:            0,202 s/op
[info]                  p1.00:              0,202 s/op
[info] # Run progress: 82,29% complete, ETA 00:05:58
[info] # Fork: 2 of 3
[info] WARNING: A terminally deprecated method in sun.misc.Unsafe has been called
[info] WARNING: sun.misc.Unsafe::objectFieldOffset has been called by org.openjdk.jmh.util.Utils (file:/Users/stas/projects/scala-effect-bench/target/bg-jobs/sbt_ec168a1a/target/ec0caa91/1296d6b9/jmh-core-1.37.jar)
[info] WARNING: Please consider reporting this to the maintainers of class org.openjdk.jmh.util.Utils
[info] WARNING: sun.misc.Unsafe::objectFieldOffset will be removed in a future release
[info] # Warmup Iteration   1: 0,218 ±(99.9%) 0,220 s/op
[info] # Warmup Iteration   2: 0,202 ±(99.9%) 0,015 s/op
[info] # Warmup Iteration   3: 0,201 ±(99.9%) 0,005 s/op
[info] # Warmup Iteration   4: 0,201 ±(99.9%) 0,005 s/op
[info] # Warmup Iteration   5: 0,201 ±(99.9%) 0,005 s/op
[info] # Warmup Iteration   6: 0,202 ±(99.9%) 0,007 s/op
[info] # Warmup Iteration   7: 0,202 ±(99.9%) 0,003 s/op
[info] # Warmup Iteration   8: 0,202 ±(99.9%) 0,007 s/op
[info] # Warmup Iteration   9: 0,201 ±(99.9%) 0,011 s/op
[info] # Warmup Iteration  10: 0,201 ±(99.9%) 0,006 s/op
[info] Iteration   1: 0,201 ±(99.9%) 0,007 s/op
[info]                  client.cpu:         14,681 ms/batch
[info]                  gc.alloc.rate:      1,433 MB/sec
[info]                  gc.alloc.rate.norm: 302264,000 B/op
[info]                  gc.count:           ≈ 0 counts
[info]                  p0.00:              0,199 s/op
[info]                  p0.50:              0,201 s/op
[info]                  p0.90:              0,203 s/op
[info]                  p0.95:              0,203 s/op
[info]                  p0.99:              0,203 s/op
[info]                  p0.999:             0,203 s/op
[info]                  p0.9999:            0,203 s/op
[info]                  p1.00:              0,203 s/op
[info] Iteration   2: 0,201 ±(99.9%) 0,005 s/op
[info]                  client.cpu:         13,474 ms/batch
[info]                  gc.alloc.rate:      1,436 MB/sec
[info]                  gc.alloc.rate.norm: 302961,600 B/op
[info]                  gc.count:           ≈ 0 counts
[info]                  p0.00:              0,199 s/op
[info]                  p0.50:              0,201 s/op
[info]                  p0.90:              0,203 s/op
[info]                  p0.95:              0,203 s/op
[info]                  p0.99:              0,203 s/op
[info]                  p0.999:             0,203 s/op
[info]                  p0.9999:            0,203 s/op
[info]                  p1.00:              0,203 s/op
[info] Iteration   3: 0,202 ±(99.9%) 0,005 s/op
[info]                  client.cpu:         14,784 ms/batch
[info]                  gc.alloc.rate:      1,428 MB/sec
[info]                  gc.alloc.rate.norm: 301980,800 B/op
[info]                  gc.count:           ≈ 0 counts
[info]                  p0.00:              0,200 s/op
[info]                  p0.50:              0,201 s/op
[info]                  p0.90:              0,204 s/op
[info]                  p0.95:              0,204 s/op
[info]                  p0.99:              0,204 s/op
[info]                  p0.999:             0,204 s/op
[info]                  p0.9999:            0,204 s/op
[info]                  p1.00:              0,204 s/op
[info] Iteration   4: 0,202 ±(99.9%) 0,008 s/op
[info]                  client.cpu:         12,899 ms/batch
[info]                  gc.alloc.rate:      1,422 MB/sec
[info]                  gc.alloc.rate.norm: 301798,400 B/op
[info]                  gc.count:           ≈ 0 counts
[info]                  p0.00:              0,200 s/op
[info]                  p0.50:              0,201 s/op
[info]                  p0.90:              0,206 s/op
[info]                  p0.95:              0,206 s/op
[info]                  p0.99:              0,206 s/op
[info]                  p0.999:             0,206 s/op
[info]                  p0.9999:            0,206 s/op
[info]                  p1.00:              0,206 s/op
[info] Iteration   5: 0,200 ±(99.9%) 0,006 s/op
[info]                  client.cpu:         18,793 ms/batch
[info]                  gc.alloc.rate:      1,164 MB/sec
[info]                  gc.alloc.rate.norm: 320494,400 B/op
[info]                  gc.count:           ≈ 0 counts
[info]                  p0.00:              0,197 s/op
[info]                  p0.50:              0,201 s/op
[info]                  p0.90:              0,201 s/op
[info]                  p0.95:              0,201 s/op
[info]                  p0.99:              0,201 s/op
[info]                  p0.999:             0,201 s/op
[info]                  p0.9999:            0,201 s/op
[info]                  p1.00:              0,201 s/op
[info] # Run progress: 83,33% complete, ETA 00:05:37
[info] # Fork: 3 of 3
[info] WARNING: A terminally deprecated method in sun.misc.Unsafe has been called
[info] WARNING: sun.misc.Unsafe::objectFieldOffset has been called by org.openjdk.jmh.util.Utils (file:/Users/stas/projects/scala-effect-bench/target/bg-jobs/sbt_ec168a1a/target/ec0caa91/1296d6b9/jmh-core-1.37.jar)
[info] WARNING: Please consider reporting this to the maintainers of class org.openjdk.jmh.util.Utils
[info] WARNING: sun.misc.Unsafe::objectFieldOffset will be removed in a future release
[info] # Warmup Iteration   1: 0,216 ±(99.9%) 0,199 s/op
[info] # Warmup Iteration   2: 0,200 ±(99.9%) 0,005 s/op
[info] # Warmup Iteration   3: 0,202 ±(99.9%) 0,005 s/op
[info] # Warmup Iteration   4: 0,201 ±(99.9%) 0,014 s/op
[info] # Warmup Iteration   5: 0,202 ±(99.9%) 0,007 s/op
[info] # Warmup Iteration   6: 0,201 ±(99.9%) 0,009 s/op
[info] # Warmup Iteration   7: 0,202 ±(99.9%) 0,009 s/op
[info] # Warmup Iteration   8: 0,201 ±(99.9%) 0,007 s/op
[info] # Warmup Iteration   9: 0,201 ±(99.9%) 0,008 s/op
[info] # Warmup Iteration  10: 0,201 ±(99.9%) 0,006 s/op
[info] Iteration   1: 0,202 ±(99.9%) 0,006 s/op
[info]                  client.cpu:         15,057 ms/batch
[info]                  gc.alloc.rate:      1,456 MB/sec
[info]                  gc.alloc.rate.norm: 308636,800 B/op
[info]                  gc.count:           ≈ 0 counts
[info]                  p0.00:              0,200 s/op
[info]                  p0.50:              0,201 s/op
[info]                  p0.90:              0,204 s/op
[info]                  p0.95:              0,204 s/op
[info]                  p0.99:              0,204 s/op
[info]                  p0.999:             0,204 s/op
[info]                  p0.9999:            0,204 s/op
[info]                  p1.00:              0,204 s/op
[info] Iteration   2: 0,201 ±(99.9%) 0,003 s/op
[info]                  client.cpu:         13,269 ms/batch
[info]                  gc.alloc.rate:      1,465 MB/sec
[info]                  gc.alloc.rate.norm: 309644,800 B/op
[info]                  gc.count:           ≈ 0 counts
[info]                  p0.00:              0,201 s/op
[info]                  p0.50:              0,201 s/op
[info]                  p0.90:              0,203 s/op
[info]                  p0.95:              0,203 s/op
[info]                  p0.99:              0,203 s/op
[info]                  p0.999:             0,203 s/op
[info]                  p0.9999:            0,203 s/op
[info]                  p1.00:              0,203 s/op
[info] Iteration   3: 0,201 ±(99.9%) 0,008 s/op
[info]                  client.cpu:         14,448 ms/batch
[info]                  gc.alloc.rate:      1,431 MB/sec
[info]                  gc.alloc.rate.norm: 302081,600 B/op
[info]                  gc.count:           ≈ 0 counts
[info]                  p0.00:              0,198 s/op
[info]                  p0.50:              0,201 s/op
[info]                  p0.90:              0,204 s/op
[info]                  p0.95:              0,204 s/op
[info]                  p0.99:              0,204 s/op
[info]                  p0.999:             0,204 s/op
[info]                  p0.9999:            0,204 s/op
[info]                  p1.00:              0,204 s/op
[info] Iteration   4: 0,202 ±(99.9%) 0,005 s/op
[info]                  client.cpu:         13,830 ms/batch
[info]                  gc.alloc.rate:      1,428 MB/sec
[info]                  gc.alloc.rate.norm: 301886,400 B/op
[info]                  gc.count:           ≈ 0 counts
[info]                  p0.00:              0,199 s/op
[info]                  p0.50:              0,202 s/op
[info]                  p0.90:              0,203 s/op
[info]                  p0.95:              0,203 s/op
[info]                  p0.99:              0,203 s/op
[info]                  p0.999:             0,203 s/op
[info]                  p0.9999:            0,203 s/op
[info]                  p1.00:              0,203 s/op
[info] Iteration   5: 0,202 ±(99.9%) 0,008 s/op
[info]                  client.cpu:         22,736 ms/batch
[info]                  gc.alloc.rate:      1,144 MB/sec
[info]                  gc.alloc.rate.norm: 320124,800 B/op
[info]                  gc.count:           ≈ 0 counts
[info]                  p0.00:              0,200 s/op
[info]                  p0.50:              0,203 s/op
[info]                  p0.90:              0,204 s/op
[info]                  p0.95:              0,204 s/op
[info]                  p0.99:              0,204 s/op
[info]                  p0.999:             0,204 s/op
[info]                  p0.9999:            0,204 s/op
[info]                  p1.00:              0,204 s/op
[info] Result "bench.io.IoBench.requests":
[info]   N = 75
[info]   mean =      0,201 ±(99.9%) 0,001 s/op
[info]   Histogram, s/op:
[info]     [0,196, 0,197) = 1 
[info]     [0,197, 0,198) = 1 
[info]     [0,198, 0,199) = 5 
[info]     [0,199, 0,200) = 6 
[info]     [0,200, 0,201) = 18 
[info]     [0,201, 0,202) = 22 
[info]     [0,202, 0,203) = 9 
[info]     [0,203, 0,204) = 5 
[info]     [0,204, 0,205) = 7 
[info]     [0,205, 0,206) = 1 
[info]   Percentiles, s/op:
[info]       p(0,0000) =      0,197 s/op
[info]      p(50,0000) =      0,201 s/op
[info]      p(90,0000) =      0,204 s/op
[info]      p(95,0000) =      0,204 s/op
[info]      p(99,0000) =      0,206 s/op
[info]      p(99,9000) =      0,206 s/op
[info]      p(99,9900) =      0,206 s/op
[info]      p(99,9990) =      0,206 s/op
[info]      p(99,9999) =      0,206 s/op
[info]     p(100,0000) =      0,206 s/op
[info] Secondary result "bench.io.IoBench.requests:client.cpu":
[info]   15,469 ±(99.9%) 2,909 ms/batch [Average]
[info]   (min, avg, max) = (12,899, 15,469, 22,736), stdev = 2,721
[info]   CI (99.9%): [12,560, 18,378] (assumes normal distribution)
[info] Secondary result "bench.io.IoBench.requests:gc.alloc.rate":
[info]   1,379 ±(99.9%) 0,124 MB/sec [Average]
[info]   (min, avg, max) = (1,144, 1,379, 1,465), stdev = 0,116
[info]   CI (99.9%): [1,255, 1,503] (assumes normal distribution)
[info] Secondary result "bench.io.IoBench.requests:gc.alloc.rate.norm":
[info]   306792,533 ±(99.9%) 8022,676 B/op [Average]
[info]   (min, avg, max) = (301798,400, 306792,533, 320907,200), stdev = 7504,416
[info]   CI (99.9%): [298769,857, 314815,209] (assumes normal distribution)
[info] Secondary result "bench.io.IoBench.requests:gc.count":
[info]   ≈ 0 counts
[info] # JMH version: 1.37
[info] # VM version: JDK 25.0.3, Java HotSpot(TM) 64-Bit Server VM, 25.0.3+9-LTS-195
[info] # VM invoker: /Users/stas/.sdkman/candidates/java/25.0.3-oracle/bin/java
[info] # VM options: --add-opens=java.base/java.lang=ALL-UNNAMED -Xms2g -Xmx2g -XX:+UseG1GC --add-opens=java.base/java.lang=ALL-UNNAMED -Xms2g -Xmx2g -XX:+UseG1GC
[info] # Blackhole mode: compiler (auto-detected, use -Djmh.blackhole.autoDetect=false to disable)
[info] # Warmup: 10 iterations, 1 s each
[info] # Measurement: 5 iterations, 1 s each
[info] # Timeout: 10 min per iteration
[info] # Threads: 1 thread, will synchronize iterations
[info] # Benchmark mode: Sampling time
[info] # Benchmark: bench.io.IoBench.requests
[info] # Parameters: (delayMicros = 1000, parallelism = 64, runtime = kyo, size = 256, transport = nonblocking)
[info] # Run progress: 84,38% complete, ETA 00:05:16
[info] # Fork: 1 of 3
[info] WARNING: A terminally deprecated method in sun.misc.Unsafe has been called
[info] WARNING: sun.misc.Unsafe::objectFieldOffset has been called by org.openjdk.jmh.util.Utils (file:/Users/stas/projects/scala-effect-bench/target/bg-jobs/sbt_ec168a1a/target/ec0caa91/1296d6b9/jmh-core-1.37.jar)
[info] WARNING: Please consider reporting this to the maintainers of class org.openjdk.jmh.util.Utils
[info] WARNING: sun.misc.Unsafe::objectFieldOffset will be removed in a future release
[info] # Warmup Iteration   1: 0,009 ±(99.9%) 0,005 s/op
[info] # Warmup Iteration   2: 0,007 ±(99.9%) 0,001 s/op
[info] # Warmup Iteration   3: 0,007 ±(99.9%) 0,001 s/op
[info] # Warmup Iteration   4: 0,007 ±(99.9%) 0,001 s/op
[info] # Warmup Iteration   5: 0,007 ±(99.9%) 0,001 s/op
[info] # Warmup Iteration   6: 0,007 ±(99.9%) 0,001 s/op
[info] # Warmup Iteration   7: 0,008 ±(99.9%) 0,001 s/op
[info] # Warmup Iteration   8: 0,007 ±(99.9%) 0,001 s/op
[info] # Warmup Iteration   9: 0,007 ±(99.9%) 0,001 s/op
[info] # Warmup Iteration  10: 0,007 ±(99.9%) 0,001 s/op
[info] Iteration   1: 0,007 ±(99.9%) 0,001 s/op
[info]                  client.cpu:         7,761 ms/batch
[info]                  gc.alloc.rate:      72,688 MB/sec
[info]                  gc.alloc.rate.norm: 552871,022 B/op
[info]                  gc.count:           ≈ 0 counts
[info]                  p0.00:              0,006 s/op
[info]                  p0.50:              0,007 s/op
[info]                  p0.90:              0,008 s/op
[info]                  p0.95:              0,008 s/op
[info]                  p0.99:              0,008 s/op
[info]                  p0.999:             0,008 s/op
[info]                  p0.9999:            0,008 s/op
[info]                  p1.00:              0,008 s/op
[info] Iteration   2: 0,007 ±(99.9%) 0,001 s/op
[info]                  client.cpu:         8,070 ms/batch
[info]                  gc.alloc.rate:      72,077 MB/sec
[info]                  gc.alloc.rate.norm: 552769,752 B/op
[info]                  gc.count:           1,000 counts
[info]                  gc.time:            2,000 ms
[info]                  p0.00:              0,006 s/op
[info]                  p0.50:              0,007 s/op
[info]                  p0.90:              0,008 s/op
[info]                  p0.95:              0,008 s/op
[info]                  p0.99:              0,009 s/op
[info]                  p0.999:             0,010 s/op
[info]                  p0.9999:            0,010 s/op
[info]                  p1.00:              0,010 s/op
[info] Iteration   3: 0,007 ±(99.9%) 0,001 s/op
[info]                  client.cpu:         7,531 ms/batch
[info]                  gc.alloc.rate:      72,958 MB/sec
[info]                  gc.alloc.rate.norm: 553438,446 B/op
[info]                  gc.count:           ≈ 0 counts
[info]                  p0.00:              0,006 s/op
[info]                  p0.50:              0,007 s/op
[info]                  p0.90:              0,008 s/op
[info]                  p0.95:              0,008 s/op
[info]                  p0.99:              0,008 s/op
[info]                  p0.999:             0,008 s/op
[info]                  p0.9999:            0,008 s/op
[info]                  p1.00:              0,008 s/op
[info] Iteration   4: 0,007 ±(99.9%) 0,001 s/op
[info]                  client.cpu:         8,049 ms/batch
[info]                  gc.alloc.rate:      72,574 MB/sec
[info]                  gc.alloc.rate.norm: 552692,696 B/op
[info]                  gc.count:           ≈ 0 counts
[info]                  p0.00:              0,006 s/op
[info]                  p0.50:              0,007 s/op
[info]                  p0.90:              0,008 s/op
[info]                  p0.95:              0,008 s/op
[info]                  p0.99:              0,008 s/op
[info]                  p0.999:             0,008 s/op
[info]                  p0.9999:            0,008 s/op
[info]                  p1.00:              0,008 s/op
[info] Iteration   5: 0,007 ±(99.9%) 0,001 s/op
[info]                  client.cpu:         7,595 ms/batch
[info]                  gc.alloc.rate:      54,609 MB/sec
[info]                  gc.alloc.rate.norm: 554333,391 B/op
[info]                  gc.count:           ≈ 0 counts
[info]                  p0.00:              0,006 s/op
[info]                  p0.50:              0,007 s/op
[info]                  p0.90:              0,008 s/op
[info]                  p0.95:              0,008 s/op
[info]                  p0.99:              0,008 s/op
[info]                  p0.999:             0,008 s/op
[info]                  p0.9999:            0,008 s/op
[info]                  p1.00:              0,008 s/op
[info] # Run progress: 85,42% complete, ETA 00:04:55
[info] # Fork: 2 of 3
[info] WARNING: A terminally deprecated method in sun.misc.Unsafe has been called
[info] WARNING: sun.misc.Unsafe::objectFieldOffset has been called by org.openjdk.jmh.util.Utils (file:/Users/stas/projects/scala-effect-bench/target/bg-jobs/sbt_ec168a1a/target/ec0caa91/1296d6b9/jmh-core-1.37.jar)
[info] WARNING: Please consider reporting this to the maintainers of class org.openjdk.jmh.util.Utils
[info] WARNING: sun.misc.Unsafe::objectFieldOffset will be removed in a future release
[info] # Warmup Iteration   1: 0,010 ±(99.9%) 0,007 s/op
[info] # Warmup Iteration   2: 0,007 ±(99.9%) 0,001 s/op
[info] # Warmup Iteration   3: 0,007 ±(99.9%) 0,001 s/op
[info] # Warmup Iteration   4: 0,007 ±(99.9%) 0,001 s/op
[info] # Warmup Iteration   5: 0,007 ±(99.9%) 0,001 s/op
[info] # Warmup Iteration   6: 0,007 ±(99.9%) 0,001 s/op
[info] # Warmup Iteration   7: 0,007 ±(99.9%) 0,001 s/op
[info] # Warmup Iteration   8: 0,007 ±(99.9%) 0,001 s/op
[info] # Warmup Iteration   9: 0,007 ±(99.9%) 0,001 s/op
[info] # Warmup Iteration  10: 0,007 ±(99.9%) 0,001 s/op
[info] Iteration   1: 0,007 ±(99.9%) 0,001 s/op
[info]                  client.cpu:         7,496 ms/batch
[info]                  gc.alloc.rate:      71,300 MB/sec
[info]                  gc.alloc.rate.norm: 551771,235 B/op
[info]                  gc.count:           ≈ 0 counts
[info]                  p0.00:              0,006 s/op
[info]                  p0.50:              0,007 s/op
[info]                  p0.90:              0,008 s/op
[info]                  p0.95:              0,008 s/op
[info]                  p0.99:              0,008 s/op
[info]                  p0.999:             0,009 s/op
[info]                  p0.9999:            0,009 s/op
[info]                  p1.00:              0,009 s/op
[info] Iteration   2: 0,007 ±(99.9%) 0,001 s/op
[info]                  client.cpu:         7,900 ms/batch
[info]                  gc.alloc.rate:      73,567 MB/sec
[info]                  gc.alloc.rate.norm: 551687,314 B/op
[info]                  gc.count:           1,000 counts
[info]                  gc.time:            2,000 ms
[info]                  p0.00:              0,006 s/op
[info]                  p0.50:              0,007 s/op
[info]                  p0.90:              0,008 s/op
[info]                  p0.95:              0,008 s/op
[info]                  p0.99:              0,009 s/op
[info]                  p0.999:             0,009 s/op
[info]                  p0.9999:            0,009 s/op
[info]                  p1.00:              0,009 s/op
[info] Iteration   3: 0,007 ±(99.9%) 0,001 s/op
[info]                  client.cpu:         8,324 ms/batch
[info]                  gc.alloc.rate:      72,035 MB/sec
[info]                  gc.alloc.rate.norm: 553637,022 B/op
[info]                  gc.count:           ≈ 0 counts
[info]                  p0.00:              0,006 s/op
[info]                  p0.50:              0,007 s/op
[info]                  p0.90:              0,008 s/op
[info]                  p0.95:              0,008 s/op
[info]                  p0.99:              0,008 s/op
[info]                  p0.999:             0,008 s/op
[info]                  p0.9999:            0,008 s/op
[info]                  p1.00:              0,008 s/op
[info] Iteration   4: 0,007 ±(99.9%) 0,001 s/op
[info]                  client.cpu:         7,630 ms/batch
[info]                  gc.alloc.rate:      72,733 MB/sec
[info]                  gc.alloc.rate.norm: 553597,043 B/op
[info]                  gc.count:           ≈ 0 counts
[info]                  p0.00:              0,006 s/op
[info]                  p0.50:              0,007 s/op
[info]                  p0.90:              0,008 s/op
[info]                  p0.95:              0,008 s/op
[info]                  p0.99:              0,008 s/op
[info]                  p0.999:             0,008 s/op
[info]                  p0.9999:            0,008 s/op
[info]                  p1.00:              0,008 s/op
[info] Iteration   5: 0,007 ±(99.9%) 0,001 s/op
[info]                  client.cpu:         8,123 ms/batch
[info]                  gc.alloc.rate:      55,264 MB/sec
[info]                  gc.alloc.rate.norm: 553506,014 B/op
[info]                  gc.count:           ≈ 0 counts
[info]                  p0.00:              0,006 s/op
[info]                  p0.50:              0,007 s/op
[info]                  p0.90:              0,008 s/op
[info]                  p0.95:              0,008 s/op
[info]                  p0.99:              0,008 s/op
[info]                  p0.999:             0,008 s/op
[info]                  p0.9999:            0,008 s/op
[info]                  p1.00:              0,008 s/op
[info] # Run progress: 86,46% complete, ETA 00:04:34
[info] # Fork: 3 of 3
[info] WARNING: A terminally deprecated method in sun.misc.Unsafe has been called
[info] WARNING: sun.misc.Unsafe::objectFieldOffset has been called by org.openjdk.jmh.util.Utils (file:/Users/stas/projects/scala-effect-bench/target/bg-jobs/sbt_ec168a1a/target/ec0caa91/1296d6b9/jmh-core-1.37.jar)
[info] WARNING: Please consider reporting this to the maintainers of class org.openjdk.jmh.util.Utils
[info] WARNING: sun.misc.Unsafe::objectFieldOffset will be removed in a future release
[info] # Warmup Iteration   1: 0,010 ±(99.9%) 0,007 s/op
[info] # Warmup Iteration   2: 0,007 ±(99.9%) 0,001 s/op
[info] # Warmup Iteration   3: 0,007 ±(99.9%) 0,001 s/op
[info] # Warmup Iteration   4: 0,007 ±(99.9%) 0,001 s/op
[info] # Warmup Iteration   5: 0,007 ±(99.9%) 0,001 s/op
[info] # Warmup Iteration   6: 0,007 ±(99.9%) 0,001 s/op
[info] # Warmup Iteration   7: 0,007 ±(99.9%) 0,001 s/op
[info] # Warmup Iteration   8: 0,007 ±(99.9%) 0,001 s/op
[info] # Warmup Iteration   9: 0,008 ±(99.9%) 0,001 s/op
[info] # Warmup Iteration  10: 0,007 ±(99.9%) 0,001 s/op
[info] Iteration   1: 0,007 ±(99.9%) 0,001 s/op
[info]                  client.cpu:         7,936 ms/batch
[info]                  gc.alloc.rate:      72,808 MB/sec
[info]                  gc.alloc.rate.norm: 555034,609 B/op
[info]                  gc.count:           ≈ 0 counts
[info]                  p0.00:              0,006 s/op
[info]                  p0.50:              0,007 s/op
[info]                  p0.90:              0,008 s/op
[info]                  p0.95:              0,008 s/op
[info]                  p0.99:              0,008 s/op
[info]                  p0.999:             0,008 s/op
[info]                  p0.9999:            0,008 s/op
[info]                  p1.00:              0,008 s/op
[info] Iteration   2: 0,007 ±(99.9%) 0,001 s/op
[info]                  client.cpu:         8,069 ms/batch
[info]                  gc.alloc.rate:      74,301 MB/sec
[info]                  gc.alloc.rate.norm: 555403,007 B/op
[info]                  gc.count:           1,000 counts
[info]                  gc.time:            2,000 ms
[info]                  p0.00:              0,006 s/op
[info]                  p0.50:              0,007 s/op
[info]                  p0.90:              0,008 s/op
[info]                  p0.95:              0,008 s/op
[info]                  p0.99:              0,009 s/op
[info]                  p0.999:             0,010 s/op
[info]                  p0.9999:            0,010 s/op
[info]                  p1.00:              0,010 s/op
[info] Iteration   3: 0,007 ±(99.9%) 0,001 s/op
[info]                  client.cpu:         7,806 ms/batch
[info]                  gc.alloc.rate:      74,206 MB/sec
[info]                  gc.alloc.rate.norm: 555587,745 B/op
[info]                  gc.count:           ≈ 0 counts
[info]                  p0.00:              0,006 s/op
[info]                  p0.50:              0,007 s/op
[info]                  p0.90:              0,008 s/op
[info]                  p0.95:              0,008 s/op
[info]                  p0.99:              0,008 s/op
[info]                  p0.999:             0,008 s/op
[info]                  p0.9999:            0,008 s/op
[info]                  p1.00:              0,008 s/op
[info] Iteration   4: 0,007 ±(99.9%) 0,001 s/op
[info]                  client.cpu:         7,800 ms/batch
[info]                  gc.alloc.rate:      72,585 MB/sec
[info]                  gc.alloc.rate.norm: 555088,174 B/op
[info]                  gc.count:           ≈ 0 counts
[info]                  p0.00:              0,006 s/op
[info]                  p0.50:              0,007 s/op
[info]                  p0.90:              0,008 s/op
[info]                  p0.95:              0,008 s/op
[info]                  p0.99:              0,008 s/op
[info]                  p0.999:             0,008 s/op
[info]                  p0.9999:            0,008 s/op
[info]                  p1.00:              0,008 s/op
[info] Iteration   5: 0,007 ±(99.9%) 0,001 s/op
[info]                  client.cpu:         7,687 ms/batch
[info]                  gc.alloc.rate:      55,572 MB/sec
[info]                  gc.alloc.rate.norm: 555917,180 B/op
[info]                  gc.count:           ≈ 0 counts
[info]                  p0.00:              0,006 s/op
[info]                  p0.50:              0,007 s/op
[info]                  p0.90:              0,008 s/op
[info]                  p0.95:              0,008 s/op
[info]                  p0.99:              0,008 s/op
[info]                  p0.999:             0,008 s/op
[info]                  p0.9999:            0,008 s/op
[info]                  p1.00:              0,008 s/op
[info] Result "bench.io.IoBench.requests":
[info]   N = 2078
[info]   mean =      0,007 ±(99.9%) 0,001 s/op
[info]   Histogram, s/op:
[info]     [0,005, 0,006) = 0 
[info]     [0,006, 0,006) = 7 
[info]     [0,006, 0,007) = 101 
[info]     [0,007, 0,007) = 447 
[info]     [0,007, 0,008) = 947 
[info]     [0,008, 0,008) = 512 
[info]     [0,008, 0,009) = 60 
[info]     [0,009, 0,009) = 1 
[info]     [0,009, 0,010) = 1 
[info]   Percentiles, s/op:
[info]       p(0,0000) =      0,006 s/op
[info]      p(50,0000) =      0,007 s/op
[info]      p(90,0000) =      0,008 s/op
[info]      p(95,0000) =      0,008 s/op
[info]      p(99,0000) =      0,008 s/op
[info]      p(99,9000) =      0,010 s/op
[info]      p(99,9900) =      0,010 s/op
[info]      p(99,9990) =      0,010 s/op
[info]      p(99,9999) =      0,010 s/op
[info]     p(100,0000) =      0,010 s/op
[info] Secondary result "bench.io.IoBench.requests:client.cpu":
[info]   7,852 ±(99.9%) 0,259 ms/batch [Average]
[info]   (min, avg, max) = (7,496, 7,852, 8,324), stdev = 0,243
[info]   CI (99.9%): [7,593, 8,111] (assumes normal distribution)
[info] Secondary result "bench.io.IoBench.requests:gc.alloc.rate":
[info]   69,285 ±(99.9%) 7,868 MB/sec [Average]
[info]   (min, avg, max) = (54,609, 69,285, 74,301), stdev = 7,359
[info]   CI (99.9%): [61,418, 77,153] (assumes normal distribution)
[info] Secondary result "bench.io.IoBench.requests:gc.alloc.rate.norm":
[info]   553822,310 ±(99.9%) 1449,119 B/op [Average]
[info]   (min, avg, max) = (551687,314, 553822,310, 555917,180), stdev = 1355,506
[info]   CI (99.9%): [552373,191, 555271,429] (assumes normal distribution)
[info] Secondary result "bench.io.IoBench.requests:gc.count":
[info]   3,000 ±(99.9%) 0,001 counts [Sum]
[info]   (min, avg, max) = (≈ 0, 0,200, 1,000), stdev = 0,414
[info]   CI (99.9%): [3,000, 3,000] (assumes normal distribution)
[info] Secondary result "bench.io.IoBench.requests:gc.time":
[info]   6,000 ±(99.9%) 0,001 ms [Sum]
[info]   (min, avg, max) = (≈ 0, 0,400, 2,000), stdev = 0,828
[info]   CI (99.9%): [6,000, 6,000] (assumes normal distribution)
[info] # JMH version: 1.37
[info] # VM version: JDK 25.0.3, Java HotSpot(TM) 64-Bit Server VM, 25.0.3+9-LTS-195
[info] # VM invoker: /Users/stas/.sdkman/candidates/java/25.0.3-oracle/bin/java
[info] # VM options: --add-opens=java.base/java.lang=ALL-UNNAMED -Xms2g -Xmx2g -XX:+UseG1GC --add-opens=java.base/java.lang=ALL-UNNAMED -Xms2g -Xmx2g -XX:+UseG1GC
[info] # Blackhole mode: compiler (auto-detected, use -Djmh.blackhole.autoDetect=false to disable)
[info] # Warmup: 10 iterations, 1 s each
[info] # Measurement: 5 iterations, 1 s each
[info] # Timeout: 10 min per iteration
[info] # Threads: 1 thread, will synchronize iterations
[info] # Benchmark mode: Sampling time
[info] # Benchmark: bench.io.IoBench.requests
[info] # Parameters: (delayMicros = 1000, parallelism = 64, runtime = gears, size = 256, transport = blocking)
[info] # Run progress: 87,50% complete, ETA 00:04:12
[info] # Fork: 1 of 3
[info] WARNING: A terminally deprecated method in sun.misc.Unsafe has been called
[info] WARNING: sun.misc.Unsafe::objectFieldOffset has been called by org.openjdk.jmh.util.Utils (file:/Users/stas/projects/scala-effect-bench/target/bg-jobs/sbt_ec168a1a/target/ec0caa91/1296d6b9/jmh-core-1.37.jar)
[info] WARNING: Please consider reporting this to the maintainers of class org.openjdk.jmh.util.Utils
[info] WARNING: sun.misc.Unsafe::objectFieldOffset will be removed in a future release
[info] # Warmup Iteration   1: 0,008 ±(99.9%) 0,001 s/op
[info] # Warmup Iteration   2: 0,007 ±(99.9%) 0,001 s/op
[info] # Warmup Iteration   3: 0,007 ±(99.9%) 0,001 s/op
[info] # Warmup Iteration   4: 0,007 ±(99.9%) 0,001 s/op
[info] # Warmup Iteration   5: 0,007 ±(99.9%) 0,001 s/op
[info] # Warmup Iteration   6: 0,007 ±(99.9%) 0,001 s/op
[info] # Warmup Iteration   7: 0,007 ±(99.9%) 0,001 s/op
[info] # Warmup Iteration   8: 0,007 ±(99.9%) 0,001 s/op
[info] # Warmup Iteration   9: 0,007 ±(99.9%) 0,001 s/op
[info] # Warmup Iteration  10: 0,007 ±(99.9%) 0,001 s/op
[info] Iteration   1: 0,007 ±(99.9%) 0,001 s/op
[info]                  client.cpu:         12,036 ms/batch
[info]                  gc.alloc.rate:      25,496 MB/sec
[info]                  gc.alloc.rate.norm: 190742,468 B/op
[info]                  gc.count:           ≈ 0 counts
[info]                  p0.00:              0,006 s/op
[info]                  p0.50:              0,007 s/op
[info]                  p0.90:              0,008 s/op
[info]                  p0.95:              0,008 s/op
[info]                  p0.99:              0,008 s/op
[info]                  p0.999:             0,008 s/op
[info]                  p0.9999:            0,008 s/op
[info]                  p1.00:              0,008 s/op
[info] Iteration   2: 0,007 ±(99.9%) 0,001 s/op
[info]                  client.cpu:         11,803 ms/batch
[info]                  gc.alloc.rate:      25,707 MB/sec
[info]                  gc.alloc.rate.norm: 190593,127 B/op
[info]                  gc.count:           ≈ 0 counts
[info]                  p0.00:              0,006 s/op
[info]                  p0.50:              0,007 s/op
[info]                  p0.90:              0,008 s/op
[info]                  p0.95:              0,008 s/op
[info]                  p0.99:              0,008 s/op
[info]                  p0.999:             0,008 s/op
[info]                  p0.9999:            0,008 s/op
[info]                  p1.00:              0,008 s/op
[info] Iteration   3: 0,007 ±(99.9%) 0,001 s/op
[info]                  client.cpu:         11,499 ms/batch
[info]                  gc.alloc.rate:      25,703 MB/sec
[info]                  gc.alloc.rate.norm: 190506,573 B/op
[info]                  gc.count:           ≈ 0 counts
[info]                  p0.00:              0,006 s/op
[info]                  p0.50:              0,007 s/op
[info]                  p0.90:              0,008 s/op
[info]                  p0.95:              0,008 s/op
[info]                  p0.99:              0,008 s/op
[info]                  p0.999:             0,008 s/op
[info]                  p0.9999:            0,008 s/op
[info]                  p1.00:              0,008 s/op
[info] Iteration   4: 0,007 ±(99.9%) 0,001 s/op
[info]                  client.cpu:         11,445 ms/batch
[info]                  gc.alloc.rate:      26,247 MB/sec
[info]                  gc.alloc.rate.norm: 190515,255 B/op
[info]                  gc.count:           ≈ 0 counts
[info]                  p0.00:              0,006 s/op
[info]                  p0.50:              0,007 s/op
[info]                  p0.90:              0,008 s/op
[info]                  p0.95:              0,008 s/op
[info]                  p0.99:              0,008 s/op
[info]                  p0.999:             0,008 s/op
[info]                  p0.9999:            0,008 s/op
[info]                  p1.00:              0,008 s/op
[info] Iteration   5: 0,007 ±(99.9%) 0,001 s/op
[info]                  client.cpu:         11,631 ms/batch
[info]                  gc.alloc.rate:      18,781 MB/sec
[info]                  gc.alloc.rate.norm: 191315,647 B/op
[info]                  gc.count:           ≈ 0 counts
[info]                  p0.00:              0,006 s/op
[info]                  p0.50:              0,007 s/op
[info]                  p0.90:              0,008 s/op
[info]                  p0.95:              0,008 s/op
[info]                  p0.99:              0,009 s/op
[info]                  p0.999:             0,009 s/op
[info]                  p0.9999:            0,009 s/op
[info]                  p1.00:              0,009 s/op
[info] # Run progress: 88,54% complete, ETA 00:03:51
[info] # Fork: 2 of 3
[info] WARNING: A terminally deprecated method in sun.misc.Unsafe has been called
[info] WARNING: sun.misc.Unsafe::objectFieldOffset has been called by org.openjdk.jmh.util.Utils (file:/Users/stas/projects/scala-effect-bench/target/bg-jobs/sbt_ec168a1a/target/ec0caa91/1296d6b9/jmh-core-1.37.jar)
[info] WARNING: Please consider reporting this to the maintainers of class org.openjdk.jmh.util.Utils
[info] WARNING: sun.misc.Unsafe::objectFieldOffset will be removed in a future release
[info] # Warmup Iteration   1: 0,007 ±(99.9%) 0,001 s/op
[info] # Warmup Iteration   2: 0,007 ±(99.9%) 0,001 s/op
[info] # Warmup Iteration   3: 0,007 ±(99.9%) 0,001 s/op
[info] # Warmup Iteration   4: 0,007 ±(99.9%) 0,001 s/op
[info] # Warmup Iteration   5: 0,007 ±(99.9%) 0,001 s/op
[info] # Warmup Iteration   6: 0,007 ±(99.9%) 0,001 s/op
[info] # Warmup Iteration   7: 0,007 ±(99.9%) 0,001 s/op
[info] # Warmup Iteration   8: 0,007 ±(99.9%) 0,001 s/op
[info] # Warmup Iteration   9: 0,007 ±(99.9%) 0,001 s/op
[info] # Warmup Iteration  10: 0,007 ±(99.9%) 0,001 s/op
[info] Iteration   1: 0,007 ±(99.9%) 0,001 s/op
[info]                  client.cpu:         11,213 ms/batch
[info]                  gc.alloc.rate:      25,007 MB/sec
[info]                  gc.alloc.rate.norm: 181225,986 B/op
[info]                  gc.count:           ≈ 0 counts
[info]                  p0.00:              0,006 s/op
[info]                  p0.50:              0,007 s/op
[info]                  p0.90:              0,008 s/op
[info]                  p0.95:              0,008 s/op
[info]                  p0.99:              0,008 s/op
[info]                  p0.999:             0,008 s/op
[info]                  p0.9999:            0,008 s/op
[info]                  p1.00:              0,008 s/op
[info] Iteration   2: 0,007 ±(99.9%) 0,001 s/op
[info]                  client.cpu:         10,149 ms/batch
[info]                  gc.alloc.rate:      26,056 MB/sec
[info]                  gc.alloc.rate.norm: 181735,523 B/op
[info]                  gc.count:           ≈ 0 counts
[info]                  p0.00:              0,006 s/op
[info]                  p0.50:              0,007 s/op
[info]                  p0.90:              0,007 s/op
[info]                  p0.95:              0,008 s/op
[info]                  p0.99:              0,008 s/op
[info]                  p0.999:             0,008 s/op
[info]                  p0.9999:            0,008 s/op
[info]                  p1.00:              0,008 s/op
[info] Iteration   3: 0,007 ±(99.9%) 0,001 s/op
[info]                  client.cpu:         11,395 ms/batch
[info]                  gc.alloc.rate:      26,317 MB/sec
[info]                  gc.alloc.rate.norm: 181761,569 B/op
[info]                  gc.count:           ≈ 0 counts
[info]                  p0.00:              0,006 s/op
[info]                  p0.50:              0,006 s/op
[info]                  p0.90:              0,008 s/op
[info]                  p0.95:              0,008 s/op
[info]                  p0.99:              0,008 s/op
[info]                  p0.999:             0,008 s/op
[info]                  p0.9999:            0,008 s/op
[info]                  p1.00:              0,008 s/op
[info] Iteration   4: 0,007 ±(99.9%) 0,001 s/op
[info]                  client.cpu:         11,882 ms/batch
[info]                  gc.alloc.rate:      24,959 MB/sec
[info]                  gc.alloc.rate.norm: 182018,000 B/op
[info]                  gc.count:           ≈ 0 counts
[info]                  p0.00:              0,006 s/op
[info]                  p0.50:              0,007 s/op
[info]                  p0.90:              0,008 s/op
[info]                  p0.95:              0,008 s/op
[info]                  p0.99:              0,008 s/op
[info]                  p0.999:             0,008 s/op
[info]                  p0.9999:            0,008 s/op
[info]                  p1.00:              0,008 s/op
[info] Iteration   5: 0,007 ±(99.9%) 0,001 s/op
[info]                  client.cpu:         11,465 ms/batch
[info]                  gc.alloc.rate:      19,070 MB/sec
[info]                  gc.alloc.rate.norm: 182089,315 B/op
[info]                  gc.count:           ≈ 0 counts
[info]                  p0.00:              0,006 s/op
[info]                  p0.50:              0,007 s/op
[info]                  p0.90:              0,008 s/op
[info]                  p0.95:              0,008 s/op
[info]                  p0.99:              0,008 s/op
[info]                  p0.999:             0,008 s/op
[info]                  p0.9999:            0,008 s/op
[info]                  p1.00:              0,008 s/op
[info] # Run progress: 89,58% complete, ETA 00:03:30
[info] # Fork: 3 of 3
[info] WARNING: A terminally deprecated method in sun.misc.Unsafe has been called
[info] WARNING: sun.misc.Unsafe::objectFieldOffset has been called by org.openjdk.jmh.util.Utils (file:/Users/stas/projects/scala-effect-bench/target/bg-jobs/sbt_ec168a1a/target/ec0caa91/1296d6b9/jmh-core-1.37.jar)
[info] WARNING: Please consider reporting this to the maintainers of class org.openjdk.jmh.util.Utils
[info] WARNING: sun.misc.Unsafe::objectFieldOffset will be removed in a future release
[info] # Warmup Iteration   1: 0,008 ±(99.9%) 0,001 s/op
[info] # Warmup Iteration   2: 0,007 ±(99.9%) 0,001 s/op
[info] # Warmup Iteration   3: 0,007 ±(99.9%) 0,001 s/op
[info] # Warmup Iteration   4: 0,007 ±(99.9%) 0,001 s/op
[info] # Warmup Iteration   5: 0,007 ±(99.9%) 0,001 s/op
[info] # Warmup Iteration   6: 0,007 ±(99.9%) 0,001 s/op
[info] # Warmup Iteration   7: 0,007 ±(99.9%) 0,001 s/op
[info] # Warmup Iteration   8: 0,007 ±(99.9%) 0,001 s/op
[info] # Warmup Iteration   9: 0,007 ±(99.9%) 0,001 s/op
[info] # Warmup Iteration  10: 0,008 ±(99.9%) 0,001 s/op
[info] Iteration   1: 0,007 ±(99.9%) 0,001 s/op
[info]                  client.cpu:         11,749 ms/batch
[info]                  gc.alloc.rate:      24,073 MB/sec
[info]                  gc.alloc.rate.norm: 185675,679 B/op
[info]                  gc.count:           ≈ 0 counts
[info]                  p0.00:              0,006 s/op
[info]                  p0.50:              0,007 s/op
[info]                  p0.90:              0,008 s/op
[info]                  p0.95:              0,008 s/op
[info]                  p0.99:              0,008 s/op
[info]                  p0.999:             0,008 s/op
[info]                  p0.9999:            0,008 s/op
[info]                  p1.00:              0,008 s/op
[info] Iteration   2: 0,007 ±(99.9%) 0,001 s/op
[info]                  client.cpu:         11,988 ms/batch
[info]                  gc.alloc.rate:      24,857 MB/sec
[info]                  gc.alloc.rate.norm: 185964,142 B/op
[info]                  gc.count:           ≈ 0 counts
[info]                  p0.00:              0,006 s/op
[info]                  p0.50:              0,007 s/op
[info]                  p0.90:              0,008 s/op
[info]                  p0.95:              0,008 s/op
[info]                  p0.99:              0,009 s/op
[info]                  p0.999:             0,009 s/op
[info]                  p0.9999:            0,009 s/op
[info]                  p1.00:              0,009 s/op
[info] Iteration   3: 0,007 ±(99.9%) 0,001 s/op
[info]                  client.cpu:         12,662 ms/batch
[info]                  gc.alloc.rate:      24,116 MB/sec
[info]                  gc.alloc.rate.norm: 186429,255 B/op
[info]                  gc.count:           ≈ 0 counts
[info]                  p0.00:              0,006 s/op
[info]                  p0.50:              0,007 s/op
[info]                  p0.90:              0,008 s/op
[info]                  p0.95:              0,008 s/op
[info]                  p0.99:              0,008 s/op
[info]                  p0.999:             0,008 s/op
[info]                  p0.9999:            0,008 s/op
[info]                  p1.00:              0,008 s/op
[info] Iteration   4: 0,007 ±(99.9%) 0,001 s/op
[info]                  client.cpu:         12,973 ms/batch
[info]                  gc.alloc.rate:      24,002 MB/sec
[info]                  gc.alloc.rate.norm: 186572,118 B/op
[info]                  gc.count:           ≈ 0 counts
[info]                  p0.00:              0,006 s/op
[info]                  p0.50:              0,007 s/op
[info]                  p0.90:              0,008 s/op
[info]                  p0.95:              0,008 s/op
[info]                  p0.99:              0,008 s/op
[info]                  p0.999:             0,008 s/op
[info]                  p0.9999:            0,008 s/op
[info]                  p1.00:              0,008 s/op
[info] Iteration   5: 0,007 ±(99.9%) 0,001 s/op
[info]                  client.cpu:         12,711 ms/batch
[info]                  gc.alloc.rate:      18,032 MB/sec
[info]                  gc.alloc.rate.norm: 186833,647 B/op
[info]                  gc.count:           ≈ 0 counts
[info]                  p0.00:              0,006 s/op
[info]                  p0.50:              0,007 s/op
[info]                  p0.90:              0,008 s/op
[info]                  p0.95:              0,008 s/op
[info]                  p0.99:              0,009 s/op
[info]                  p0.999:             0,009 s/op
[info]                  p0.9999:            0,009 s/op
[info]                  p1.00:              0,009 s/op
[info] Result "bench.io.IoBench.requests":
[info]   N = 2133
[info]   mean =      0,007 ±(99.9%) 0,001 s/op
[info]   Histogram, s/op:
[info]     [0,005, 0,006) = 0 
[info]     [0,006, 0,006) = 137 
[info]     [0,006, 0,007) = 406 
[info]     [0,007, 0,007) = 348 
[info]     [0,007, 0,008) = 611 
[info]     [0,008, 0,008) = 467 
[info]     [0,008, 0,009) = 158 
[info]     [0,009, 0,009) = 5 
[info]     [0,009, 0,010) = 1 
[info]   Percentiles, s/op:
[info]       p(0,0000) =      0,006 s/op
[info]      p(50,0000) =      0,007 s/op
[info]      p(90,0000) =      0,008 s/op
[info]      p(95,0000) =      0,008 s/op
[info]      p(99,0000) =      0,008 s/op
[info]      p(99,9000) =      0,009 s/op
[info]      p(99,9900) =      0,009 s/op
[info]      p(99,9990) =      0,009 s/op
[info]      p(99,9999) =      0,009 s/op
[info]     p(100,0000) =      0,009 s/op
[info] Secondary result "bench.io.IoBench.requests:client.cpu":
[info]   11,773 ±(99.9%) 0,736 ms/batch [Average]
[info]   (min, avg, max) = (10,149, 11,773, 12,973), stdev = 0,688
[info]   CI (99.9%): [11,038, 12,509] (assumes normal distribution)
[info] Secondary result "bench.io.IoBench.requests:gc.alloc.rate":
[info]   23,895 ±(99.9%) 3,029 MB/sec [Average]
[info]   (min, avg, max) = (18,032, 23,895, 26,317), stdev = 2,833
[info]   CI (99.9%): [20,866, 26,924] (assumes normal distribution)
[info] Secondary result "bench.io.IoBench.requests:gc.alloc.rate.norm":
[info]   186265,220 ±(99.9%) 4069,755 B/op [Average]
[info]   (min, avg, max) = (181225,986, 186265,220, 191315,647), stdev = 3806,851
[info]   CI (99.9%): [182195,466, 190334,975] (assumes normal distribution)
[info] Secondary result "bench.io.IoBench.requests:gc.count":
[info]   ≈ 0 counts
[info] # JMH version: 1.37
[info] # VM version: JDK 25.0.3, Java HotSpot(TM) 64-Bit Server VM, 25.0.3+9-LTS-195
[info] # VM invoker: /Users/stas/.sdkman/candidates/java/25.0.3-oracle/bin/java
[info] # VM options: --add-opens=java.base/java.lang=ALL-UNNAMED -Xms2g -Xmx2g -XX:+UseG1GC --add-opens=java.base/java.lang=ALL-UNNAMED -Xms2g -Xmx2g -XX:+UseG1GC
[info] # Blackhole mode: compiler (auto-detected, use -Djmh.blackhole.autoDetect=false to disable)
[info] # Warmup: 10 iterations, 1 s each
[info] # Measurement: 5 iterations, 1 s each
[info] # Timeout: 10 min per iteration
[info] # Threads: 1 thread, will synchronize iterations
[info] # Benchmark mode: Sampling time
[info] # Benchmark: bench.io.IoBench.requests
[info] # Parameters: (delayMicros = 1000, parallelism = 64, runtime = gears, size = 256, transport = nonblocking)
[info] # Run progress: 90,63% complete, ETA 00:03:09
[info] # Fork: 1 of 3
[info] WARNING: A terminally deprecated method in sun.misc.Unsafe has been called
[info] WARNING: sun.misc.Unsafe::objectFieldOffset has been called by org.openjdk.jmh.util.Utils (file:/Users/stas/projects/scala-effect-bench/target/bg-jobs/sbt_ec168a1a/target/ec0caa91/1296d6b9/jmh-core-1.37.jar)
[info] WARNING: Please consider reporting this to the maintainers of class org.openjdk.jmh.util.Utils
[info] WARNING: sun.misc.Unsafe::objectFieldOffset will be removed in a future release
[info] # Warmup Iteration   1: 0,008 ±(99.9%) 0,001 s/op
[info] # Warmup Iteration   2: 0,007 ±(99.9%) 0,001 s/op
[info] # Warmup Iteration   3: 0,007 ±(99.9%) 0,001 s/op
[info] # Warmup Iteration   4: 0,007 ±(99.9%) 0,001 s/op
[info] # Warmup Iteration   5: 0,008 ±(99.9%) 0,001 s/op
[info] # Warmup Iteration   6: 0,007 ±(99.9%) 0,001 s/op
[info] # Warmup Iteration   7: 0,007 ±(99.9%) 0,001 s/op
[info] # Warmup Iteration   8: 0,007 ±(99.9%) 0,001 s/op
[info] # Warmup Iteration   9: 0,008 ±(99.9%) 0,001 s/op
[info] # Warmup Iteration  10: 0,007 ±(99.9%) 0,001 s/op
[info] Iteration   1: 0,007 ±(99.9%) 0,001 s/op
[info]                  client.cpu:         9,490 ms/batch
[info]                  gc.alloc.rate:      56,299 MB/sec
[info]                  gc.alloc.rate.norm: 427442,360 B/op
[info]                  gc.count:           ≈ 0 counts
[info]                  p0.00:              0,006 s/op
[info]                  p0.50:              0,007 s/op
[info]                  p0.90:              0,008 s/op
[info]                  p0.95:              0,008 s/op
[info]                  p0.99:              0,008 s/op
[info]                  p0.999:             0,008 s/op
[info]                  p0.9999:            0,008 s/op
[info]                  p1.00:              0,008 s/op
[info] Iteration   2: 0,007 ±(99.9%) 0,001 s/op
[info]                  client.cpu:         9,202 ms/batch
[info]                  gc.alloc.rate:      55,163 MB/sec
[info]                  gc.alloc.rate.norm: 428485,706 B/op
[info]                  gc.count:           ≈ 0 counts
[info]                  p0.00:              0,006 s/op
[info]                  p0.50:              0,007 s/op
[info]                  p0.90:              0,008 s/op
[info]                  p0.95:              0,008 s/op
[info]                  p0.99:              0,009 s/op
[info]                  p0.999:             0,009 s/op
[info]                  p0.9999:            0,009 s/op
[info]                  p1.00:              0,009 s/op
[info] Iteration   3: 0,007 ±(99.9%) 0,001 s/op
[info]                  client.cpu:         9,321 ms/batch
[info]                  gc.alloc.rate:      56,338 MB/sec
[info]                  gc.alloc.rate.norm: 428387,971 B/op
[info]                  gc.count:           ≈ 0 counts
[info]                  p0.00:              0,006 s/op
[info]                  p0.50:              0,007 s/op
[info]                  p0.90:              0,008 s/op
[info]                  p0.95:              0,008 s/op
[info]                  p0.99:              0,008 s/op
[info]                  p0.999:             0,008 s/op
[info]                  p0.9999:            0,008 s/op
[info]                  p1.00:              0,008 s/op
[info] Iteration   4: 0,007 ±(99.9%) 0,001 s/op
[info]                  client.cpu:         9,415 ms/batch
[info]                  gc.alloc.rate:      56,981 MB/sec
[info]                  gc.alloc.rate.norm: 427858,286 B/op
[info]                  gc.count:           ≈ 0 counts
[info]                  p0.00:              0,006 s/op
[info]                  p0.50:              0,007 s/op
[info]                  p0.90:              0,008 s/op
[info]                  p0.95:              0,008 s/op
[info]                  p0.99:              0,008 s/op
[info]                  p0.999:             0,008 s/op
[info]                  p0.9999:            0,008 s/op
[info]                  p1.00:              0,008 s/op
[info] Iteration   5: 0,007 ±(99.9%) 0,001 s/op
[info]                  client.cpu:         9,423 ms/batch
[info]                  gc.alloc.rate:      42,184 MB/sec
[info]                  gc.alloc.rate.norm: 428616,403 B/op
[info]                  gc.count:           ≈ 0 counts
[info]                  p0.00:              0,006 s/op
[info]                  p0.50:              0,007 s/op
[info]                  p0.90:              0,008 s/op
[info]                  p0.95:              0,008 s/op
[info]                  p0.99:              0,008 s/op
[info]                  p0.999:             0,008 s/op
[info]                  p0.9999:            0,008 s/op
[info]                  p1.00:              0,008 s/op
[info] # Run progress: 91,67% complete, ETA 00:02:48
[info] # Fork: 2 of 3
[info] WARNING: A terminally deprecated method in sun.misc.Unsafe has been called
[info] WARNING: sun.misc.Unsafe::objectFieldOffset has been called by org.openjdk.jmh.util.Utils (file:/Users/stas/projects/scala-effect-bench/target/bg-jobs/sbt_ec168a1a/target/ec0caa91/1296d6b9/jmh-core-1.37.jar)
[info] WARNING: Please consider reporting this to the maintainers of class org.openjdk.jmh.util.Utils
[info] WARNING: sun.misc.Unsafe::objectFieldOffset will be removed in a future release
[info] # Warmup Iteration   1: 0,008 ±(99.9%) 0,001 s/op
[info] # Warmup Iteration   2: 0,007 ±(99.9%) 0,001 s/op
[info] # Warmup Iteration   3: 0,007 ±(99.9%) 0,001 s/op
[info] # Warmup Iteration   4: 0,007 ±(99.9%) 0,001 s/op
[info] # Warmup Iteration   5: 0,007 ±(99.9%) 0,001 s/op
[info] # Warmup Iteration   6: 0,007 ±(99.9%) 0,001 s/op
[info] # Warmup Iteration   7: 0,007 ±(99.9%) 0,001 s/op
[info] # Warmup Iteration   8: 0,007 ±(99.9%) 0,001 s/op
[info] # Warmup Iteration   9: 0,007 ±(99.9%) 0,001 s/op
[info] # Warmup Iteration  10: 0,007 ±(99.9%) 0,001 s/op
[info] Iteration   1: 0,007 ±(99.9%) 0,001 s/op
[info]                  client.cpu:         9,300 ms/batch
[info]                  gc.alloc.rate:      55,962 MB/sec
[info]                  gc.alloc.rate.norm: 428940,812 B/op
[info]                  gc.count:           ≈ 0 counts
[info]                  p0.00:              0,006 s/op
[info]                  p0.50:              0,007 s/op
[info]                  p0.90:              0,008 s/op
[info]                  p0.95:              0,008 s/op
[info]                  p0.99:              0,008 s/op
[info]                  p0.999:             0,008 s/op
[info]                  p0.9999:            0,008 s/op
[info]                  p1.00:              0,008 s/op
[info] Iteration   2: 0,007 ±(99.9%) 0,001 s/op
[info]                  client.cpu:         9,544 ms/batch
[info]                  gc.alloc.rate:      54,917 MB/sec
[info]                  gc.alloc.rate.norm: 428737,956 B/op
[info]                  gc.count:           ≈ 0 counts
[info]                  p0.00:              0,006 s/op
[info]                  p0.50:              0,007 s/op
[info]                  p0.90:              0,008 s/op
[info]                  p0.95:              0,008 s/op
[info]                  p0.99:              0,008 s/op
[info]                  p0.999:             0,008 s/op
[info]                  p0.9999:            0,008 s/op
[info]                  p1.00:              0,008 s/op
[info] Iteration   3: 0,007 ±(99.9%) 0,001 s/op
[info]                  client.cpu:         9,487 ms/batch
[info]                  gc.alloc.rate:      56,195 MB/sec
[info]                  gc.alloc.rate.norm: 427550,273 B/op
[info]                  gc.count:           ≈ 0 counts
[info]                  p0.00:              0,006 s/op
[info]                  p0.50:              0,007 s/op
[info]                  p0.90:              0,008 s/op
[info]                  p0.95:              0,008 s/op
[info]                  p0.99:              0,008 s/op
[info]                  p0.999:             0,008 s/op
[info]                  p0.9999:            0,008 s/op
[info]                  p1.00:              0,008 s/op
[info] Iteration   4: 0,007 ±(99.9%) 0,001 s/op
[info]                  client.cpu:         9,434 ms/batch
[info]                  gc.alloc.rate:      54,801 MB/sec
[info]                  gc.alloc.rate.norm: 427845,570 B/op
[info]                  gc.count:           1,000 counts
[info]                  gc.time:            1,000 ms
[info]                  p0.00:              0,006 s/op
[info]                  p0.50:              0,007 s/op
[info]                  p0.90:              0,008 s/op
[info]                  p0.95:              0,008 s/op
[info]                  p0.99:              0,009 s/op
[info]                  p0.999:             0,009 s/op
[info]                  p0.9999:            0,009 s/op
[info]                  p1.00:              0,009 s/op
[info] Iteration   5: 0,007 ±(99.9%) 0,001 s/op
[info]                  client.cpu:         9,859 ms/batch
[info]                  gc.alloc.rate:      42,258 MB/sec
[info]                  gc.alloc.rate.norm: 428163,626 B/op
[info]                  gc.count:           ≈ 0 counts
[info]                  p0.00:              0,006 s/op
[info]                  p0.50:              0,007 s/op
[info]                  p0.90:              0,008 s/op
[info]                  p0.95:              0,008 s/op
[info]                  p0.99:              0,009 s/op
[info]                  p0.999:             0,009 s/op
[info]                  p0.9999:            0,009 s/op
[info]                  p1.00:              0,009 s/op
[info] # Run progress: 92,71% complete, ETA 00:02:27
[info] # Fork: 3 of 3
[info] WARNING: A terminally deprecated method in sun.misc.Unsafe has been called
[info] WARNING: sun.misc.Unsafe::objectFieldOffset has been called by org.openjdk.jmh.util.Utils (file:/Users/stas/projects/scala-effect-bench/target/bg-jobs/sbt_ec168a1a/target/ec0caa91/1296d6b9/jmh-core-1.37.jar)
[info] WARNING: Please consider reporting this to the maintainers of class org.openjdk.jmh.util.Utils
[info] WARNING: sun.misc.Unsafe::objectFieldOffset will be removed in a future release
[info] # Warmup Iteration   1: 0,007 ±(99.9%) 0,001 s/op
[info] # Warmup Iteration   2: 0,007 ±(99.9%) 0,001 s/op
[info] # Warmup Iteration   3: 0,007 ±(99.9%) 0,001 s/op
[info] # Warmup Iteration   4: 0,007 ±(99.9%) 0,001 s/op
[info] # Warmup Iteration   5: 0,007 ±(99.9%) 0,001 s/op
[info] # Warmup Iteration   6: 0,007 ±(99.9%) 0,001 s/op
[info] # Warmup Iteration   7: 0,008 ±(99.9%) 0,001 s/op
[info] # Warmup Iteration   8: 0,008 ±(99.9%) 0,001 s/op
[info] # Warmup Iteration   9: 0,007 ±(99.9%) 0,001 s/op
[info] # Warmup Iteration  10: 0,007 ±(99.9%) 0,001 s/op
[info] Iteration   1: 0,007 ±(99.9%) 0,001 s/op
[info]                  client.cpu:         9,609 ms/batch
[info]                  gc.alloc.rate:      55,463 MB/sec
[info]                  gc.alloc.rate.norm: 424875,942 B/op
[info]                  gc.count:           ≈ 0 counts
[info]                  p0.00:              0,006 s/op
[info]                  p0.50:              0,007 s/op
[info]                  p0.90:              0,008 s/op
[info]                  p0.95:              0,008 s/op
[info]                  p0.99:              0,008 s/op
[info]                  p0.999:             0,008 s/op
[info]                  p0.9999:            0,008 s/op
[info]                  p1.00:              0,008 s/op
[info] Iteration   2: 0,007 ±(99.9%) 0,001 s/op
[info]                  client.cpu:         9,459 ms/batch
[info]                  gc.alloc.rate:      54,628 MB/sec
[info]                  gc.alloc.rate.norm: 424489,882 B/op
[info]                  gc.count:           ≈ 0 counts
[info]                  p0.00:              0,006 s/op
[info]                  p0.50:              0,007 s/op
[info]                  p0.90:              0,008 s/op
[info]                  p0.95:              0,008 s/op
[info]                  p0.99:              0,014 s/op
[info]                  p0.999:             0,017 s/op
[info]                  p0.9999:            0,017 s/op
[info]                  p1.00:              0,017 s/op
[info] Iteration   3: 0,007 ±(99.9%) 0,001 s/op
[info]                  client.cpu:         9,727 ms/batch
[info]                  gc.alloc.rate:      55,854 MB/sec
[info]                  gc.alloc.rate.norm: 424132,547 B/op
[info]                  gc.count:           ≈ 0 counts
[info]                  p0.00:              0,006 s/op
[info]                  p0.50:              0,007 s/op
[info]                  p0.90:              0,008 s/op
[info]                  p0.95:              0,008 s/op
[info]                  p0.99:              0,008 s/op
[info]                  p0.999:             0,008 s/op
[info]                  p0.9999:            0,008 s/op
[info]                  p1.00:              0,008 s/op
[info] Iteration   4: 0,007 ±(99.9%) 0,001 s/op
[info]                  client.cpu:         9,725 ms/batch
[info]                  gc.alloc.rate:      56,843 MB/sec
[info]                  gc.alloc.rate.norm: 423571,858 B/op
[info]                  gc.count:           ≈ 0 counts
[info]                  p0.00:              0,006 s/op
[info]                  p0.50:              0,007 s/op
[info]                  p0.90:              0,008 s/op
[info]                  p0.95:              0,008 s/op
[info]                  p0.99:              0,008 s/op
[info]                  p0.999:             0,008 s/op
[info]                  p0.9999:            0,008 s/op
[info]                  p1.00:              0,008 s/op
[info] Iteration   5: 0,007 ±(99.9%) 0,001 s/op
[info]                  client.cpu:         9,481 ms/batch
[info]                  gc.alloc.rate:      41,773 MB/sec
[info]                  gc.alloc.rate.norm: 424811,652 B/op
[info]                  gc.count:           ≈ 0 counts
[info]                  p0.00:              0,006 s/op
[info]                  p0.50:              0,007 s/op
[info]                  p0.90:              0,008 s/op
[info]                  p0.95:              0,008 s/op
[info]                  p0.99:              0,008 s/op
[info]                  p0.999:             0,008 s/op
[info]                  p0.9999:            0,008 s/op
[info]                  p1.00:              0,008 s/op
[info] Result "bench.io.IoBench.requests":
[info]   N = 2071
[info]   mean =      0,007 ±(99.9%) 0,001 s/op
[info]   Histogram, s/op:
[info]     [0,000, 0,001) = 0 
[info]     [0,001, 0,003) = 0 
[info]     [0,003, 0,004) = 0 
[info]     [0,004, 0,005) = 0 
[info]     [0,005, 0,006) = 87 
[info]     [0,006, 0,008) = 1244 
[info]     [0,008, 0,009) = 737 
[info]     [0,009, 0,010) = 2 
[info]     [0,010, 0,011) = 0 
[info]     [0,011, 0,013) = 0 
[info]     [0,013, 0,014) = 0 
[info]     [0,014, 0,015) = 0 
[info]     [0,015, 0,016) = 0 
[info]     [0,016, 0,018) = 1 
[info]     [0,018, 0,019) = 0 
[info]   Percentiles, s/op:
[info]       p(0,0000) =      0,006 s/op
[info]      p(50,0000) =      0,007 s/op
[info]      p(90,0000) =      0,008 s/op
[info]      p(95,0000) =      0,008 s/op
[info]      p(99,0000) =      0,008 s/op
[info]      p(99,9000) =      0,009 s/op
[info]      p(99,9900) =      0,017 s/op
[info]      p(99,9990) =      0,017 s/op
[info]      p(99,9999) =      0,017 s/op
[info]     p(100,0000) =      0,017 s/op
[info] Secondary result "bench.io.IoBench.requests:client.cpu":
[info]   9,498 ±(99.9%) 0,186 ms/batch [Average]
[info]   (min, avg, max) = (9,202, 9,498, 9,859), stdev = 0,174
[info]   CI (99.9%): [9,312, 9,685] (assumes normal distribution)
[info] Secondary result "bench.io.IoBench.requests:gc.alloc.rate":
[info]   53,044 ±(99.9%) 6,118 MB/sec [Average]
[info]   (min, avg, max) = (41,773, 53,044, 56,981), stdev = 5,723
[info]   CI (99.9%): [46,926, 59,162] (assumes normal distribution)
[info] Secondary result "bench.io.IoBench.requests:gc.alloc.rate.norm":
[info]   426927,390 ±(99.9%) 2066,961 B/op [Average]
[info]   (min, avg, max) = (423571,858, 426927,390, 428940,812), stdev = 1933,437
[info]   CI (99.9%): [424860,429, 428994,350] (assumes normal distribution)
[info] Secondary result "bench.io.IoBench.requests:gc.count":
[info]   1,000 ±(99.9%) 0,001 counts [Sum]
[info]   (min, avg, max) = (≈ 0, 0,067, 1,000), stdev = 0,258
[info]   CI (99.9%): [1,000, 1,000] (assumes normal distribution)
[info] Secondary result "bench.io.IoBench.requests:gc.time":
[info]   1,000 ±(99.9%) 0,001 ms [Sum]
[info]   (min, avg, max) = (≈ 0, 0,067, 1,000), stdev = 0,258
[info]   CI (99.9%): [1,000, 1,000] (assumes normal distribution)
[info] # JMH version: 1.37
[info] # VM version: JDK 25.0.3, Java HotSpot(TM) 64-Bit Server VM, 25.0.3+9-LTS-195
[info] # VM invoker: /Users/stas/.sdkman/candidates/java/25.0.3-oracle/bin/java
[info] # VM options: --add-opens=java.base/java.lang=ALL-UNNAMED -Xms2g -Xmx2g -XX:+UseG1GC --add-opens=java.base/java.lang=ALL-UNNAMED -Xms2g -Xmx2g -XX:+UseG1GC
[info] # Blackhole mode: compiler (auto-detected, use -Djmh.blackhole.autoDetect=false to disable)
[info] # Warmup: 10 iterations, 1 s each
[info] # Measurement: 5 iterations, 1 s each
[info] # Timeout: 10 min per iteration
[info] # Threads: 1 thread, will synchronize iterations
[info] # Benchmark mode: Sampling time
[info] # Benchmark: bench.io.IoBench.requests
[info] # Parameters: (delayMicros = 1000, parallelism = 64, runtime = ox, size = 256, transport = blocking)
[info] # Run progress: 93,75% complete, ETA 00:02:06
[info] # Fork: 1 of 3
[info] WARNING: A terminally deprecated method in sun.misc.Unsafe has been called
[info] WARNING: sun.misc.Unsafe::objectFieldOffset has been called by org.openjdk.jmh.util.Utils (file:/Users/stas/projects/scala-effect-bench/target/bg-jobs/sbt_ec168a1a/target/ec0caa91/1296d6b9/jmh-core-1.37.jar)
[info] WARNING: Please consider reporting this to the maintainers of class org.openjdk.jmh.util.Utils
[info] WARNING: sun.misc.Unsafe::objectFieldOffset will be removed in a future release
[info] # Warmup Iteration   1: 0,008 ±(99.9%) 0,001 s/op
[info] # Warmup Iteration   2: 0,007 ±(99.9%) 0,001 s/op
[info] # Warmup Iteration   3: 0,007 ±(99.9%) 0,001 s/op
[info] # Warmup Iteration   4: 0,007 ±(99.9%) 0,001 s/op
[info] # Warmup Iteration   5: 0,007 ±(99.9%) 0,001 s/op
[info] # Warmup Iteration   6: 0,008 ±(99.9%) 0,001 s/op
[info] # Warmup Iteration   7: 0,007 ±(99.9%) 0,001 s/op
[info] # Warmup Iteration   8: 0,007 ±(99.9%) 0,001 s/op
[info] # Warmup Iteration   9: 0,007 ±(99.9%) 0,001 s/op
[info] # Warmup Iteration  10: 0,007 ±(99.9%) 0,001 s/op
[info] Iteration   1: 0,008 ±(99.9%) 0,001 s/op
[info]                  client.cpu:         10,756 ms/batch
[info]                  gc.alloc.rate:      15,410 MB/sec
[info]                  gc.alloc.rate.norm: 134951,279 B/op
[info]                  gc.count:           ≈ 0 counts
[info]                  p0.00:              0,006 s/op
[info]                  p0.50:              0,008 s/op
[info]                  p0.90:              0,011 s/op
[info]                  p0.95:              0,011 s/op
[info]                  p0.99:              0,017 s/op
[info]                  p0.999:             0,017 s/op
[info]                  p0.9999:            0,017 s/op
[info]                  p1.00:              0,017 s/op
[info] Iteration   2: 0,007 ±(99.9%) 0,001 s/op
[info]                  client.cpu:         11,223 ms/batch
[info]                  gc.alloc.rate:      17,857 MB/sec
[info]                  gc.alloc.rate.norm: 134703,143 B/op
[info]                  gc.count:           ≈ 0 counts
[info]                  p0.00:              0,006 s/op
[info]                  p0.50:              0,007 s/op
[info]                  p0.90:              0,008 s/op
[info]                  p0.95:              0,008 s/op
[info]                  p0.99:              0,011 s/op
[info]                  p0.999:             0,012 s/op
[info]                  p0.9999:            0,012 s/op
[info]                  p1.00:              0,012 s/op
[info] Iteration   3: 0,007 ±(99.9%) 0,001 s/op
[info]                  client.cpu:         10,911 ms/batch
[info]                  gc.alloc.rate:      18,057 MB/sec
[info]                  gc.alloc.rate.norm: 134634,254 B/op
[info]                  gc.count:           ≈ 0 counts
[info]                  p0.00:              0,006 s/op
[info]                  p0.50:              0,007 s/op
[info]                  p0.90:              0,008 s/op
[info]                  p0.95:              0,008 s/op
[info]                  p0.99:              0,009 s/op
[info]                  p0.999:             0,009 s/op
[info]                  p0.9999:            0,009 s/op
[info]                  p1.00:              0,009 s/op
[info] Iteration   4: 0,008 ±(99.9%) 0,001 s/op
[info]                  client.cpu:         11,574 ms/batch
[info]                  gc.alloc.rate:      16,076 MB/sec
[info]                  gc.alloc.rate.norm: 134586,984 B/op
[info]                  gc.count:           ≈ 0 counts
[info]                  p0.00:              0,006 s/op
[info]                  p0.50:              0,007 s/op
[info]                  p0.90:              0,010 s/op
[info]                  p0.95:              0,011 s/op
[info]                  p0.99:              0,016 s/op
[info]                  p0.999:             0,017 s/op
[info]                  p0.9999:            0,017 s/op
[info]                  p1.00:              0,017 s/op
[info] Iteration   5: 0,007 ±(99.9%) 0,001 s/op
[info]                  client.cpu:         11,792 ms/batch
[info]                  gc.alloc.rate:      14,185 MB/sec
[info]                  gc.alloc.rate.norm: 135427,917 B/op
[info]                  gc.count:           ≈ 0 counts
[info]                  p0.00:              0,006 s/op
[info]                  p0.50:              0,007 s/op
[info]                  p0.90:              0,008 s/op
[info]                  p0.95:              0,008 s/op
[info]                  p0.99:              0,008 s/op
[info]                  p0.999:             0,008 s/op
[info]                  p0.9999:            0,008 s/op
[info]                  p1.00:              0,008 s/op
[info] # Run progress: 94,79% complete, ETA 00:01:45
[info] # Fork: 2 of 3
[info] WARNING: A terminally deprecated method in sun.misc.Unsafe has been called
[info] WARNING: sun.misc.Unsafe::objectFieldOffset has been called by org.openjdk.jmh.util.Utils (file:/Users/stas/projects/scala-effect-bench/target/bg-jobs/sbt_ec168a1a/target/ec0caa91/1296d6b9/jmh-core-1.37.jar)
[info] WARNING: Please consider reporting this to the maintainers of class org.openjdk.jmh.util.Utils
[info] WARNING: sun.misc.Unsafe::objectFieldOffset will be removed in a future release
[info] # Warmup Iteration   1: 0,008 ±(99.9%) 0,001 s/op
[info] # Warmup Iteration   2: 0,007 ±(99.9%) 0,001 s/op
[info] # Warmup Iteration   3: 0,007 ±(99.9%) 0,001 s/op
[info] # Warmup Iteration   4: 0,007 ±(99.9%) 0,001 s/op
[info] # Warmup Iteration   5: 0,007 ±(99.9%) 0,001 s/op
[info] # Warmup Iteration   6: 0,007 ±(99.9%) 0,001 s/op
[info] # Warmup Iteration   7: 0,007 ±(99.9%) 0,001 s/op
[info] # Warmup Iteration   8: 0,008 ±(99.9%) 0,001 s/op
[info] # Warmup Iteration   9: 0,008 ±(99.9%) 0,001 s/op
[info] # Warmup Iteration  10: 0,007 ±(99.9%) 0,001 s/op
[info] Iteration   1: 0,008 ±(99.9%) 0,001 s/op
[info]                  client.cpu:         11,778 ms/batch
[info]                  gc.alloc.rate:      16,008 MB/sec
[info]                  gc.alloc.rate.norm: 138099,016 B/op
[info]                  gc.count:           ≈ 0 counts
[info]                  p0.00:              0,006 s/op
[info]                  p0.50:              0,008 s/op
[info]                  p0.90:              0,010 s/op
[info]                  p0.95:              0,012 s/op
[info]                  p0.99:              0,022 s/op
[info]                  p0.999:             0,024 s/op
[info]                  p0.9999:            0,024 s/op
[info]                  p1.00:              0,024 s/op
[info] Iteration   2: 0,007 ±(99.9%) 0,001 s/op
[info]                  client.cpu:         12,366 ms/batch
[info]                  gc.alloc.rate:      18,076 MB/sec
[info]                  gc.alloc.rate.norm: 137794,551 B/op
[info]                  gc.count:           ≈ 0 counts
[info]                  p0.00:              0,006 s/op
[info]                  p0.50:              0,007 s/op
[info]                  p0.90:              0,008 s/op
[info]                  p0.95:              0,008 s/op
[info]                  p0.99:              0,008 s/op
[info]                  p0.999:             0,008 s/op
[info]                  p0.9999:            0,008 s/op
[info]                  p1.00:              0,008 s/op
[info] Iteration   3: 0,007 ±(99.9%) 0,001 s/op
[info]                  client.cpu:         11,794 ms/batch
[info]                  gc.alloc.rate:      18,179 MB/sec
[info]                  gc.alloc.rate.norm: 137621,583 B/op
[info]                  gc.count:           ≈ 0 counts
[info]                  p0.00:              0,006 s/op
[info]                  p0.50:              0,007 s/op
[info]                  p0.90:              0,008 s/op
[info]                  p0.95:              0,008 s/op
[info]                  p0.99:              0,008 s/op
[info]                  p0.999:             0,008 s/op
[info]                  p0.9999:            0,008 s/op
[info]                  p1.00:              0,008 s/op
[info] Iteration   4: 0,007 ±(99.9%) 0,001 s/op
[info]                  client.cpu:         11,410 ms/batch
[info]                  gc.alloc.rate:      17,880 MB/sec
[info]                  gc.alloc.rate.norm: 137788,672 B/op
[info]                  gc.count:           ≈ 0 counts
[info]                  p0.00:              0,006 s/op
[info]                  p0.50:              0,007 s/op
[info]                  p0.90:              0,008 s/op
[info]                  p0.95:              0,008 s/op
[info]                  p0.99:              0,009 s/op
[info]                  p0.999:             0,009 s/op
[info]                  p0.9999:            0,009 s/op
[info]                  p1.00:              0,009 s/op
[info] Iteration   5: 0,008 ±(99.9%) 0,001 s/op
[info]                  client.cpu:         11,462 ms/batch
[info]                  gc.alloc.rate:      12,994 MB/sec
[info]                  gc.alloc.rate.norm: 138578,992 B/op
[info]                  gc.count:           ≈ 0 counts
[info]                  p0.00:              0,006 s/op
[info]                  p0.50:              0,007 s/op
[info]                  p0.90:              0,009 s/op
[info]                  p0.95:              0,010 s/op
[info]                  p0.99:              0,020 s/op
[info]                  p0.999:             0,020 s/op
[info]                  p0.9999:            0,020 s/op
[info]                  p1.00:              0,020 s/op
[info] # Run progress: 95,83% complete, ETA 00:01:24
[info] # Fork: 3 of 3
[info] WARNING: A terminally deprecated method in sun.misc.Unsafe has been called
[info] WARNING: sun.misc.Unsafe::objectFieldOffset has been called by org.openjdk.jmh.util.Utils (file:/Users/stas/projects/scala-effect-bench/target/bg-jobs/sbt_ec168a1a/target/ec0caa91/1296d6b9/jmh-core-1.37.jar)
[info] WARNING: Please consider reporting this to the maintainers of class org.openjdk.jmh.util.Utils
[info] WARNING: sun.misc.Unsafe::objectFieldOffset will be removed in a future release
[info] # Warmup Iteration   1: 0,007 ±(99.9%) 0,001 s/op
[info] # Warmup Iteration   2: 0,007 ±(99.9%) 0,001 s/op
[info] # Warmup Iteration   3: 0,007 ±(99.9%) 0,001 s/op
[info] # Warmup Iteration   4: 0,007 ±(99.9%) 0,001 s/op
[info] # Warmup Iteration   5: 0,008 ±(99.9%) 0,001 s/op
[info] # Warmup Iteration   6: 0,008 ±(99.9%) 0,001 s/op
[info] # Warmup Iteration   7: 0,008 ±(99.9%) 0,001 s/op
[info] # Warmup Iteration   8: 0,008 ±(99.9%) 0,001 s/op
[info] # Warmup Iteration   9: 0,008 ±(99.9%) 0,001 s/op
[info] # Warmup Iteration  10: 0,007 ±(99.9%) 0,001 s/op
[info] Iteration   1: 0,008 ±(99.9%) 0,001 s/op
[info]                  client.cpu:         12,971 ms/batch
[info]                  gc.alloc.rate:      16,590 MB/sec
[info]                  gc.alloc.rate.norm: 134816,123 B/op
[info]                  gc.count:           ≈ 0 counts
[info]                  p0.00:              0,006 s/op
[info]                  p0.50:              0,008 s/op
[info]                  p0.90:              0,008 s/op
[info]                  p0.95:              0,008 s/op
[info]                  p0.99:              0,009 s/op
[info]                  p0.999:             0,009 s/op
[info]                  p0.9999:            0,009 s/op
[info]                  p1.00:              0,009 s/op
[info] Iteration   2: 0,007 ±(99.9%) 0,001 s/op
[info]                  client.cpu:         11,166 ms/batch
[info]                  gc.alloc.rate:      18,979 MB/sec
[info]                  gc.alloc.rate.norm: 134717,351 B/op
[info]                  gc.count:           ≈ 0 counts
[info]                  p0.00:              0,006 s/op
[info]                  p0.50:              0,006 s/op
[info]                  p0.90:              0,008 s/op
[info]                  p0.95:              0,008 s/op
[info]                  p0.99:              0,008 s/op
[info]                  p0.999:             0,008 s/op
[info]                  p0.9999:            0,008 s/op
[info]                  p1.00:              0,008 s/op
[info] Iteration   3: 0,007 ±(99.9%) 0,001 s/op
[info]                  client.cpu:         11,804 ms/batch
[info]                  gc.alloc.rate:      17,795 MB/sec
[info]                  gc.alloc.rate.norm: 134796,489 B/op
[info]                  gc.count:           ≈ 0 counts
[info]                  p0.00:              0,006 s/op
[info]                  p0.50:              0,007 s/op
[info]                  p0.90:              0,008 s/op
[info]                  p0.95:              0,008 s/op
[info]                  p0.99:              0,010 s/op
[info]                  p0.999:             0,010 s/op
[info]                  p0.9999:            0,010 s/op
[info]                  p1.00:              0,010 s/op
[info] Iteration   4: 0,007 ±(99.9%) 0,001 s/op
[info]                  client.cpu:         12,390 ms/batch
[info]                  gc.alloc.rate:      17,464 MB/sec
[info]                  gc.alloc.rate.norm: 134888,059 B/op
[info]                  gc.count:           ≈ 0 counts
[info]                  p0.00:              0,006 s/op
[info]                  p0.50:              0,007 s/op
[info]                  p0.90:              0,008 s/op
[info]                  p0.95:              0,008 s/op
[info]                  p0.99:              0,009 s/op
[info]                  p0.999:             0,009 s/op
[info]                  p0.9999:            0,009 s/op
[info]                  p1.00:              0,009 s/op
[info] Iteration   5: 0,007 ±(99.9%) 0,001 s/op
[info]                  client.cpu:         11,404 ms/batch
[info]                  gc.alloc.rate:      14,047 MB/sec
[info]                  gc.alloc.rate.norm: 135316,083 B/op
[info]                  gc.count:           ≈ 0 counts
[info]                  p0.00:              0,006 s/op
[info]                  p0.50:              0,007 s/op
[info]                  p0.90:              0,008 s/op
[info]                  p0.95:              0,008 s/op
[info]                  p0.99:              0,010 s/op
[info]                  p0.999:             0,012 s/op
[info]                  p0.9999:            0,012 s/op
[info]                  p1.00:              0,012 s/op
[info] Result "bench.io.IoBench.requests":
[info]   N = 2040
[info]   mean =      0,007 ±(99.9%) 0,001 s/op
[info]   Histogram, s/op:
[info]     [0,000, 0,003) = 0 
[info]     [0,003, 0,005) = 0 
[info]     [0,005, 0,008) = 1194 
[info]     [0,008, 0,010) = 791 
[info]     [0,010, 0,013) = 43 
[info]     [0,013, 0,015) = 4 
[info]     [0,015, 0,018) = 5 
[info]     [0,018, 0,020) = 1 
[info]     [0,020, 0,023) = 1 
[info]     [0,023, 0,025) = 1 
[info]     [0,025, 0,028) = 0 
[info]   Percentiles, s/op:
[info]       p(0,0000) =      0,006 s/op
[info]      p(50,0000) =      0,007 s/op
[info]      p(90,0000) =      0,008 s/op
[info]      p(95,0000) =      0,009 s/op
[info]      p(99,0000) =      0,012 s/op
[info]      p(99,9000) =      0,020 s/op
[info]      p(99,9900) =      0,024 s/op
[info]      p(99,9990) =      0,024 s/op
[info]      p(99,9999) =      0,024 s/op
[info]     p(100,0000) =      0,024 s/op
[info] Secondary result "bench.io.IoBench.requests:client.cpu":
[info]   11,653 ±(99.9%) 0,626 ms/batch [Average]
[info]   (min, avg, max) = (10,756, 11,653, 12,971), stdev = 0,586
[info]   CI (99.9%): [11,027, 12,280] (assumes normal distribution)
[info] Secondary result "bench.io.IoBench.requests:gc.alloc.rate":
[info]   16,640 ±(99.9%) 1,921 MB/sec [Average]
[info]   (min, avg, max) = (12,994, 16,640, 18,979), stdev = 1,797
[info]   CI (99.9%): [14,719, 18,561] (assumes normal distribution)
[info] Secondary result "bench.io.IoBench.requests:gc.alloc.rate.norm":
[info]   135914,700 ±(99.9%) 1645,485 B/op [Average]
[info]   (min, avg, max) = (134586,984, 135914,700, 138578,992), stdev = 1539,188
[info]   CI (99.9%): [134269,215, 137560,185] (assumes normal distribution)
[info] Secondary result "bench.io.IoBench.requests:gc.count":
[info]   ≈ 0 counts
[info] # JMH version: 1.37
[info] # VM version: JDK 25.0.3, Java HotSpot(TM) 64-Bit Server VM, 25.0.3+9-LTS-195
[info] # VM invoker: /Users/stas/.sdkman/candidates/java/25.0.3-oracle/bin/java
[info] # VM options: --add-opens=java.base/java.lang=ALL-UNNAMED -Xms2g -Xmx2g -XX:+UseG1GC --add-opens=java.base/java.lang=ALL-UNNAMED -Xms2g -Xmx2g -XX:+UseG1GC
[info] # Blackhole mode: compiler (auto-detected, use -Djmh.blackhole.autoDetect=false to disable)
[info] # Warmup: 10 iterations, 1 s each
[info] # Measurement: 5 iterations, 1 s each
[info] # Timeout: 10 min per iteration
[info] # Threads: 1 thread, will synchronize iterations
[info] # Benchmark mode: Sampling time
[info] # Benchmark: bench.io.IoBench.requests
[info] # Parameters: (delayMicros = 1000, parallelism = 64, runtime = ox, size = 256, transport = nonblocking)
[info] # Run progress: 96,88% complete, ETA 00:01:03
[info] # Fork: 1 of 3
[info] WARNING: A terminally deprecated method in sun.misc.Unsafe has been called
[info] WARNING: sun.misc.Unsafe::objectFieldOffset has been called by org.openjdk.jmh.util.Utils (file:/Users/stas/projects/scala-effect-bench/target/bg-jobs/sbt_ec168a1a/target/ec0caa91/1296d6b9/jmh-core-1.37.jar)
[info] WARNING: Please consider reporting this to the maintainers of class org.openjdk.jmh.util.Utils
[info] WARNING: sun.misc.Unsafe::objectFieldOffset will be removed in a future release
[info] # Warmup Iteration   1: 0,008 ±(99.9%) 0,001 s/op
[info] # Warmup Iteration   2: 0,007 ±(99.9%) 0,001 s/op
[info] # Warmup Iteration   3: 0,007 ±(99.9%) 0,001 s/op
[info] # Warmup Iteration   4: 0,007 ±(99.9%) 0,001 s/op
[info] # Warmup Iteration   5: 0,007 ±(99.9%) 0,001 s/op
[info] # Warmup Iteration   6: 0,007 ±(99.9%) 0,001 s/op
[info] # Warmup Iteration   7: 0,008 ±(99.9%) 0,001 s/op
[info] # Warmup Iteration   8: 0,007 ±(99.9%) 0,001 s/op
[info] # Warmup Iteration   9: 0,007 ±(99.9%) 0,001 s/op
[info] # Warmup Iteration  10: 0,007 ±(99.9%) 0,001 s/op
[info] Iteration   1: 0,008 ±(99.9%) 0,001 s/op
[info]                  client.cpu:         9,219 ms/batch
[info]                  gc.alloc.rate:      33,465 MB/sec
[info]                  gc.alloc.rate.norm: 263611,701 B/op
[info]                  gc.count:           ≈ 0 counts
[info]                  p0.00:              0,007 s/op
[info]                  p0.50:              0,008 s/op
[info]                  p0.90:              0,008 s/op
[info]                  p0.95:              0,008 s/op
[info]                  p0.99:              0,008 s/op
[info]                  p0.999:             0,008 s/op
[info]                  p0.9999:            0,008 s/op
[info]                  p1.00:              0,008 s/op
[info] Iteration   2: 0,008 ±(99.9%) 0,001 s/op
[info]                  client.cpu:         9,151 ms/batch
[info]                  gc.alloc.rate:      33,408 MB/sec
[info]                  gc.alloc.rate.norm: 263204,418 B/op
[info]                  gc.count:           ≈ 0 counts
[info]                  p0.00:              0,007 s/op
[info]                  p0.50:              0,008 s/op
[info]                  p0.90:              0,008 s/op
[info]                  p0.95:              0,008 s/op
[info]                  p0.99:              0,008 s/op
[info]                  p0.999:             0,008 s/op
[info]                  p0.9999:            0,008 s/op
[info]                  p1.00:              0,008 s/op
[info] Iteration   3: 0,007 ±(99.9%) 0,001 s/op
[info]                  client.cpu:         9,337 ms/batch
[info]                  gc.alloc.rate:      33,709 MB/sec
[info]                  gc.alloc.rate.norm: 263254,222 B/op
[info]                  gc.count:           ≈ 0 counts
[info]                  p0.00:              0,006 s/op
[info]                  p0.50:              0,007 s/op
[info]                  p0.90:              0,008 s/op
[info]                  p0.95:              0,008 s/op
[info]                  p0.99:              0,008 s/op
[info]                  p0.999:             0,008 s/op
[info]                  p0.9999:            0,008 s/op
[info]                  p1.00:              0,008 s/op
[info] Iteration   4: 0,007 ±(99.9%) 0,001 s/op
[info]                  client.cpu:         9,149 ms/batch
[info]                  gc.alloc.rate:      33,914 MB/sec
[info]                  gc.alloc.rate.norm: 262759,176 B/op
[info]                  gc.count:           ≈ 0 counts
[info]                  p0.00:              0,006 s/op
[info]                  p0.50:              0,007 s/op
[info]                  p0.90:              0,008 s/op
[info]                  p0.95:              0,008 s/op
[info]                  p0.99:              0,008 s/op
[info]                  p0.999:             0,008 s/op
[info]                  p0.9999:            0,008 s/op
[info]                  p1.00:              0,008 s/op
[info] Iteration   5: 0,007 ±(99.9%) 0,001 s/op
[info]                  client.cpu:         9,221 ms/batch
[info]                  gc.alloc.rate:      25,419 MB/sec
[info]                  gc.alloc.rate.norm: 263234,370 B/op
[info]                  gc.count:           ≈ 0 counts
[info]                  p0.00:              0,006 s/op
[info]                  p0.50:              0,008 s/op
[info]                  p0.90:              0,008 s/op
[info]                  p0.95:              0,008 s/op
[info]                  p0.99:              0,008 s/op
[info]                  p0.999:             0,008 s/op
[info]                  p0.9999:            0,008 s/op
[info]                  p1.00:              0,008 s/op
[info] # Run progress: 97,92% complete, ETA 00:00:42
[info] # Fork: 2 of 3
[info] WARNING: A terminally deprecated method in sun.misc.Unsafe has been called
[info] WARNING: sun.misc.Unsafe::objectFieldOffset has been called by org.openjdk.jmh.util.Utils (file:/Users/stas/projects/scala-effect-bench/target/bg-jobs/sbt_ec168a1a/target/ec0caa91/1296d6b9/jmh-core-1.37.jar)
[info] WARNING: Please consider reporting this to the maintainers of class org.openjdk.jmh.util.Utils
[info] WARNING: sun.misc.Unsafe::objectFieldOffset will be removed in a future release
[info] # Warmup Iteration   1: 0,008 ±(99.9%) 0,001 s/op
[info] # Warmup Iteration   2: 0,008 ±(99.9%) 0,001 s/op
[info] # Warmup Iteration   3: 0,008 ±(99.9%) 0,001 s/op
[info] # Warmup Iteration   4: 0,008 ±(99.9%) 0,001 s/op
[info] # Warmup Iteration   5: 0,007 ±(99.9%) 0,001 s/op
[info] # Warmup Iteration   6: 0,007 ±(99.9%) 0,001 s/op
[info] # Warmup Iteration   7: 0,007 ±(99.9%) 0,001 s/op
[info] # Warmup Iteration   8: 0,007 ±(99.9%) 0,001 s/op
[info] # Warmup Iteration   9: 0,007 ±(99.9%) 0,001 s/op
[info] # Warmup Iteration  10: 0,007 ±(99.9%) 0,001 s/op
[info] Iteration   1: 0,008 ±(99.9%) 0,001 s/op
[info]                  client.cpu:         8,876 ms/batch
[info]                  gc.alloc.rate:      33,255 MB/sec
[info]                  gc.alloc.rate.norm: 263822,677 B/op
[info]                  gc.count:           ≈ 0 counts
[info]                  p0.00:              0,006 s/op
[info]                  p0.50:              0,008 s/op
[info]                  p0.90:              0,008 s/op
[info]                  p0.95:              0,008 s/op
[info]                  p0.99:              0,008 s/op
[info]                  p0.999:             0,008 s/op
[info]                  p0.9999:            0,008 s/op
[info]                  p1.00:              0,008 s/op
[info] Iteration   2: 0,007 ±(99.9%) 0,001 s/op
[info]                  client.cpu:         8,922 ms/batch
[info]                  gc.alloc.rate:      33,716 MB/sec
[info]                  gc.alloc.rate.norm: 263260,741 B/op
[info]                  gc.count:           ≈ 0 counts
[info]                  p0.00:              0,006 s/op
[info]                  p0.50:              0,007 s/op
[info]                  p0.90:              0,008 s/op
[info]                  p0.95:              0,008 s/op
[info]                  p0.99:              0,008 s/op
[info]                  p0.999:             0,008 s/op
[info]                  p0.9999:            0,008 s/op
[info]                  p1.00:              0,008 s/op
[info] Iteration   3: 0,007 ±(99.9%) 0,001 s/op
[info]                  client.cpu:         8,641 ms/batch
[info]                  gc.alloc.rate:      34,428 MB/sec
[info]                  gc.alloc.rate.norm: 263203,072 B/op
[info]                  gc.count:           ≈ 0 counts
[info]                  p0.00:              0,006 s/op
[info]                  p0.50:              0,007 s/op
[info]                  p0.90:              0,008 s/op
[info]                  p0.95:              0,008 s/op
[info]                  p0.99:              0,008 s/op
[info]                  p0.999:             0,008 s/op
[info]                  p0.9999:            0,008 s/op
[info]                  p1.00:              0,008 s/op
[info] Iteration   4: 0,008 ±(99.9%) 0,001 s/op
[info]                  client.cpu:         9,099 ms/batch
[info]                  gc.alloc.rate:      33,355 MB/sec
[info]                  gc.alloc.rate.norm: 263791,820 B/op
[info]                  gc.count:           ≈ 0 counts
[info]                  p0.00:              0,006 s/op
[info]                  p0.50:              0,008 s/op
[info]                  p0.90:              0,008 s/op
[info]                  p0.95:              0,008 s/op
[info]                  p0.99:              0,008 s/op
[info]                  p0.999:             0,008 s/op
[info]                  p0.9999:            0,008 s/op
[info]                  p1.00:              0,008 s/op
[info] Iteration   5: 0,007 ±(99.9%) 0,001 s/op
[info]                  client.cpu:         8,872 ms/batch
[info]                  gc.alloc.rate:      25,674 MB/sec
[info]                  gc.alloc.rate.norm: 264489,600 B/op
[info]                  gc.count:           ≈ 0 counts
[info]                  p0.00:              0,006 s/op
[info]                  p0.50:              0,007 s/op
[info]                  p0.90:              0,008 s/op
[info]                  p0.95:              0,008 s/op
[info]                  p0.99:              0,008 s/op
[info]                  p0.999:             0,008 s/op
[info]                  p0.9999:            0,008 s/op
[info]                  p1.00:              0,008 s/op
[info] # Run progress: 98,96% complete, ETA 00:00:21
[info] # Fork: 3 of 3
[info] WARNING: A terminally deprecated method in sun.misc.Unsafe has been called
[info] WARNING: sun.misc.Unsafe::objectFieldOffset has been called by org.openjdk.jmh.util.Utils (file:/Users/stas/projects/scala-effect-bench/target/bg-jobs/sbt_ec168a1a/target/ec0caa91/1296d6b9/jmh-core-1.37.jar)
[info] WARNING: Please consider reporting this to the maintainers of class org.openjdk.jmh.util.Utils
[info] WARNING: sun.misc.Unsafe::objectFieldOffset will be removed in a future release
[info] # Warmup Iteration   1: 0,008 ±(99.9%) 0,001 s/op
[info] # Warmup Iteration   2: 0,008 ±(99.9%) 0,001 s/op
[info] # Warmup Iteration   3: 0,008 ±(99.9%) 0,001 s/op
[info] # Warmup Iteration   4: 0,007 ±(99.9%) 0,001 s/op
[info] # Warmup Iteration   5: 0,007 ±(99.9%) 0,001 s/op
[info] # Warmup Iteration   6: 0,008 ±(99.9%) 0,001 s/op
[info] # Warmup Iteration   7: 0,007 ±(99.9%) 0,001 s/op
[info] # Warmup Iteration   8: 0,007 ±(99.9%) 0,001 s/op
[info] # Warmup Iteration   9: 0,008 ±(99.9%) 0,001 s/op
[info] # Warmup Iteration  10: 0,008 ±(99.9%) 0,001 s/op
[info] Iteration   1: 0,007 ±(99.9%) 0,001 s/op
[info]                  client.cpu:         9,306 ms/batch
[info]                  gc.alloc.rate:      33,882 MB/sec
[info]                  gc.alloc.rate.norm: 266194,866 B/op
[info]                  gc.count:           ≈ 0 counts
[info]                  p0.00:              0,006 s/op
[info]                  p0.50:              0,008 s/op
[info]                  p0.90:              0,008 s/op
[info]                  p0.95:              0,008 s/op
[info]                  p0.99:              0,009 s/op
[info]                  p0.999:             0,009 s/op
[info]                  p0.9999:            0,009 s/op
[info]                  p1.00:              0,009 s/op
[info] Iteration   2: 0,007 ±(99.9%) 0,001 s/op
[info]                  client.cpu:         8,785 ms/batch
[info]                  gc.alloc.rate:      34,060 MB/sec
[info]                  gc.alloc.rate.norm: 265790,104 B/op
[info]                  gc.count:           ≈ 0 counts
[info]                  p0.00:              0,006 s/op
[info]                  p0.50:              0,007 s/op
[info]                  p0.90:              0,008 s/op
[info]                  p0.95:              0,008 s/op
[info]                  p0.99:              0,008 s/op
[info]                  p0.999:             0,008 s/op
[info]                  p0.9999:            0,008 s/op
[info]                  p1.00:              0,008 s/op
[info] Iteration   3: 0,007 ±(99.9%) 0,001 s/op
[info]                  client.cpu:         9,040 ms/batch
[info]                  gc.alloc.rate:      34,016 MB/sec
[info]                  gc.alloc.rate.norm: 265416,948 B/op
[info]                  gc.count:           ≈ 0 counts
[info]                  p0.00:              0,006 s/op
[info]                  p0.50:              0,008 s/op
[info]                  p0.90:              0,008 s/op
[info]                  p0.95:              0,008 s/op
[info]                  p0.99:              0,008 s/op
[info]                  p0.999:             0,008 s/op
[info]                  p0.9999:            0,008 s/op
[info]                  p1.00:              0,008 s/op
[info] Iteration   4: 0,007 ±(99.9%) 0,001 s/op
[info]                  client.cpu:         9,220 ms/batch
[info]                  gc.alloc.rate:      34,024 MB/sec
[info]                  gc.alloc.rate.norm: 267032,418 B/op
[info]                  gc.count:           ≈ 0 counts
[info]                  p0.00:              0,006 s/op
[info]                  p0.50:              0,007 s/op
[info]                  p0.90:              0,008 s/op
[info]                  p0.95:              0,008 s/op
[info]                  p0.99:              0,008 s/op
[info]                  p0.999:             0,008 s/op
[info]                  p0.9999:            0,008 s/op
[info]                  p1.00:              0,008 s/op
[info] Iteration   5: 0,007 ±(99.9%) 0,001 s/op
[info]                  client.cpu:         9,516 ms/batch
[info]                  gc.alloc.rate:      26,371 MB/sec
[info]                  gc.alloc.rate.norm: 270686,353 B/op
[info]                  gc.count:           ≈ 0 counts
[info]                  p0.00:              0,006 s/op
[info]                  p0.50:              0,007 s/op
[info]                  p0.90:              0,008 s/op
[info]                  p0.95:              0,009 s/op
[info]                  p0.99:              0,018 s/op
[info]                  p0.999:             0,020 s/op
[info]                  p0.9999:            0,020 s/op
[info]                  p1.00:              0,020 s/op
[info] Result "bench.io.IoBench.requests":
[info]   N = 2022
[info]   mean =      0,007 ±(99.9%) 0,001 s/op
[info]   Histogram, s/op:
[info]     [0,000, 0,003) = 0 
[info]     [0,003, 0,005) = 0 
[info]     [0,005, 0,008) = 1039 
[info]     [0,008, 0,010) = 981 
[info]     [0,010, 0,013) = 0 
[info]     [0,013, 0,015) = 1 
[info]     [0,015, 0,018) = 0 
[info]     [0,018, 0,020) = 0 
[info]     [0,020, 0,023) = 1 
[info]     [0,023, 0,025) = 0 
[info]     [0,025, 0,028) = 0 
[info]   Percentiles, s/op:
[info]       p(0,0000) =      0,006 s/op
[info]      p(50,0000) =      0,007 s/op
[info]      p(90,0000) =      0,008 s/op
[info]      p(95,0000) =      0,008 s/op
[info]      p(99,0000) =      0,008 s/op
[info]      p(99,9000) =      0,013 s/op
[info]      p(99,9900) =      0,020 s/op
[info]      p(99,9990) =      0,020 s/op
[info]      p(99,9999) =      0,020 s/op
[info]     p(100,0000) =      0,020 s/op
[info] Secondary result "bench.io.IoBench.requests:client.cpu":
[info]   9,090 ±(99.9%) 0,250 ms/batch [Average]
[info]   (min, avg, max) = (8,641, 9,090, 9,516), stdev = 0,234
[info]   CI (99.9%): [8,840, 9,340] (assumes normal distribution)
[info] Secondary result "bench.io.IoBench.requests:gc.alloc.rate":
[info]   32,180 ±(99.9%) 3,539 MB/sec [Average]
[info]   (min, avg, max) = (25,419, 32,180, 34,428), stdev = 3,311
[info]   CI (99.9%): [28,640, 35,719] (assumes normal distribution)
[info] Secondary result "bench.io.IoBench.requests:gc.alloc.rate.norm":
[info]   264650,166 ±(99.9%) 2259,772 B/op [Average]
[info]   (min, avg, max) = (262759,176, 264650,166, 270686,353), stdev = 2113,792
[info]   CI (99.9%): [262390,394, 266909,937] (assumes normal distribution)
[info] Secondary result "bench.io.IoBench.requests:gc.count":
[info]   ≈ 0 counts
[info] # Run complete. Total time: 00:33:43
[info] REMEMBER: The numbers below are just data. To gain reusable insights, you need to follow up on
[info] why the numbers are the way they are. Use profilers (see -prof, -lprof), design factorial
[info] experiments, perform baseline and negative tests that provide experimental control, make sure
[info] the benchmarking environment is safe on JVM/OS/HW level, ask for reviews from the domain experts.
[info] Do not assume the numbers tell you what you want them to tell.
[info] NOTE: Current JVM experimentally supports Compiler Blackholes, and they are in use. Please exercise
[info] extra caution when trusting the results, look into the generated code to check the benchmark still
[info] works, and factor in a small probability of new VM bugs. Additionally, while comparisons between
[info] different JVMs are already problematic, the performance difference caused by different Blackhole
[info] modes can be very significant. Please make sure you use the consistent Blackhole mode for comparisons.
[info] Benchmark                            (delayMicros)  (parallelism)  (runtime)  (size)  (transport)    Mode   Cnt       Score      Error     Units
[info] IoBench.requests                              1000              8         ce     256     blocking   thrpt    15      22,004 ±    0,231     ops/s
[info] IoBench.requests:client.cpu                   1000              8         ce     256     blocking   thrpt    15       6,473 ±    0,665  ms/batch
[info] IoBench.requests:gc.alloc.rate                1000              8         ce     256     blocking   thrpt    15       2,121 ±    0,217    MB/sec
[info] IoBench.requests:gc.alloc.rate.norm           1000              8         ce     256     blocking   thrpt    15  106227,738 ± 1571,794      B/op
[info] IoBench.requests:gc.count                     1000              8         ce     256     blocking   thrpt    15         ≈ 0               counts
[info] IoBench.requests                              1000              8         ce     256  nonblocking   thrpt    15      20,572 ±    1,214     ops/s
[info] IoBench.requests:client.cpu                   1000              8         ce     256  nonblocking   thrpt    15       9,552 ±    2,250  ms/batch
[info] IoBench.requests:gc.alloc.rate                1000              8         ce     256  nonblocking   thrpt    15       6,278 ±    0,789    MB/sec
[info] IoBench.requests:gc.alloc.rate.norm           1000              8         ce     256  nonblocking   thrpt    15  336268,371 ± 2420,721      B/op
[info] IoBench.requests:gc.count                     1000              8         ce     256  nonblocking   thrpt    15         ≈ 0               counts
[info] IoBench.requests                              1000              8        kyo     256     blocking   thrpt    15      18,313 ±    0,184     ops/s
[info] IoBench.requests:client.cpu                   1000              8        kyo     256     blocking   thrpt    15       8,147 ±    0,719  ms/batch
[info] IoBench.requests:gc.alloc.rate                1000              8        kyo     256     blocking   thrpt    15       2,264 ±    0,224    MB/sec
[info] IoBench.requests:gc.alloc.rate.norm           1000              8        kyo     256     blocking   thrpt    15  136237,726 ± 2267,859      B/op
[info] IoBench.requests:gc.count                     1000              8        kyo     256     blocking   thrpt    15         ≈ 0               counts
[info] IoBench.requests                              1000              8        kyo     256  nonblocking   thrpt    15      23,044 ±    0,137     ops/s
[info] IoBench.requests:client.cpu                   1000              8        kyo     256  nonblocking   thrpt    15       8,790 ±    0,407  ms/batch
[info] IoBench.requests:gc.alloc.rate                1000              8        kyo     256  nonblocking   thrpt    15       8,305 ±    0,888    MB/sec
[info] IoBench.requests:gc.alloc.rate.norm           1000              8        kyo     256  nonblocking   thrpt    15  396870,966 ± 2190,760      B/op
[info] IoBench.requests:gc.count                     1000              8        kyo     256  nonblocking   thrpt    15         ≈ 0               counts
[info] IoBench.requests                              1000              8      gears     256     blocking   thrpt    15      21,058 ±    0,559     ops/s
[info] IoBench.requests:client.cpu                   1000              8      gears     256     blocking   thrpt    15      10,503 ±    1,287  ms/batch
[info] IoBench.requests:gc.alloc.rate                1000              8      gears     256     blocking   thrpt    15       1,595 ±    0,172    MB/sec
[info] IoBench.requests:gc.alloc.rate.norm           1000              8      gears     256     blocking   thrpt    15   83435,380 ± 1286,850      B/op
[info] IoBench.requests:gc.count                     1000              8      gears     256     blocking   thrpt    15         ≈ 0               counts
[info] IoBench.requests                              1000              8      gears     256  nonblocking   thrpt    15      20,264 ±    1,057     ops/s
[info] IoBench.requests:client.cpu                   1000              8      gears     256  nonblocking   thrpt    15      11,729 ±    1,278  ms/batch
[info] IoBench.requests:gc.alloc.rate                1000              8      gears     256  nonblocking   thrpt    15       6,003 ±    0,551    MB/sec
[info] IoBench.requests:gc.alloc.rate.norm           1000              8      gears     256  nonblocking   thrpt    15  327122,321 ± 5411,846      B/op
[info] IoBench.requests:gc.count                     1000              8      gears     256  nonblocking   thrpt    15       2,000               counts
[info] IoBench.requests:gc.time                      1000              8      gears     256  nonblocking   thrpt    15      10,000                   ms
[info] IoBench.requests                              1000              8         ox     256     blocking   thrpt    15      21,316 ±    1,454     ops/s
[info] IoBench.requests:client.cpu                   1000              8         ox     256     blocking   thrpt    15      10,202 ±    1,268  ms/batch
[info] IoBench.requests:gc.alloc.rate                1000              8         ox     256     blocking   thrpt    15       1,367 ±    0,155    MB/sec
[info] IoBench.requests:gc.alloc.rate.norm           1000              8         ox     256     blocking   thrpt    15   70781,159 ± 1859,701      B/op
[info] IoBench.requests:gc.count                     1000              8         ox     256     blocking   thrpt    15         ≈ 0               counts
[info] IoBench.requests                              1000              8         ox     256  nonblocking   thrpt    15      21,905 ±    0,146     ops/s
[info] IoBench.requests:client.cpu                   1000              8         ox     256  nonblocking   thrpt    15       9,581 ±    0,590  ms/batch
[info] IoBench.requests:gc.alloc.rate                1000              8         ox     256  nonblocking   thrpt    15       4,075 ±    0,412    MB/sec
[info] IoBench.requests:gc.alloc.rate.norm           1000              8         ox     256  nonblocking   thrpt    15  205083,318 ± 2276,297      B/op
[info] IoBench.requests:gc.count                     1000              8         ox     256  nonblocking   thrpt    15         ≈ 0               counts
[info] IoBench.requests                              1000             64         ce     256     blocking   thrpt    15     149,004 ±    2,927     ops/s
[info] IoBench.requests:client.cpu                   1000             64         ce     256     blocking   thrpt    15       8,752 ±    0,639  ms/batch
[info] IoBench.requests:gc.alloc.rate                1000             64         ce     256     blocking   thrpt    15      50,557 ±    5,599    MB/sec
[info] IoBench.requests:gc.alloc.rate.norm           1000             64         ce     256     blocking   thrpt    15  373992,861 ± 1657,954      B/op
[info] IoBench.requests:gc.count                     1000             64         ce     256     blocking   thrpt    15       2,000               counts
[info] IoBench.requests:gc.time                      1000             64         ce     256     blocking   thrpt    15       4,000                   ms
[info] IoBench.requests                              1000             64         ce     256  nonblocking   thrpt    15     141,772 ±    1,829     ops/s
[info] IoBench.requests:client.cpu                   1000             64         ce     256  nonblocking   thrpt    15       5,865 ±    0,241  ms/batch
[info] IoBench.requests:gc.alloc.rate                1000             64         ce     256  nonblocking   thrpt    15      76,286 ±    8,785    MB/sec
[info] IoBench.requests:gc.alloc.rate.norm           1000             64         ce     256  nonblocking   thrpt    15  593045,009 ±  361,718      B/op
[info] IoBench.requests:gc.count                     1000             64         ce     256  nonblocking   thrpt    15       2,000               counts
[info] IoBench.requests:gc.time                      1000             64         ce     256  nonblocking   thrpt    15       4,000                   ms
[info] IoBench.requests                              1000             64        kyo     256     blocking   thrpt    15       4,965 ±    0,020     ops/s
[info] IoBench.requests:client.cpu                   1000             64        kyo     256     blocking   thrpt    15      14,405 ±    2,358  ms/batch
[info] IoBench.requests:gc.alloc.rate                1000             64        kyo     256     blocking   thrpt    15       1,347 ±    0,118    MB/sec
[info] IoBench.requests:gc.alloc.rate.norm           1000             64        kyo     256     blocking   thrpt    15  299566,613 ± 8384,990      B/op
[info] IoBench.requests:gc.count                     1000             64        kyo     256     blocking   thrpt    15         ≈ 0               counts
[info] IoBench.requests                              1000             64        kyo     256  nonblocking   thrpt    15     137,079 ±    0,846     ops/s
[info] IoBench.requests:client.cpu                   1000             64        kyo     256  nonblocking   thrpt    15       7,715 ±    0,155  ms/batch
[info] IoBench.requests:gc.alloc.rate                1000             64        kyo     256  nonblocking   thrpt    15      68,732 ±    7,727    MB/sec
[info] IoBench.requests:gc.alloc.rate.norm           1000             64        kyo     256  nonblocking   thrpt    15  552349,893 ±  794,556      B/op
[info] IoBench.requests:gc.count                     1000             64        kyo     256  nonblocking   thrpt    15       3,000               counts
[info] IoBench.requests:gc.time                      1000             64        kyo     256  nonblocking   thrpt    15       6,000                   ms
[info] IoBench.requests                              1000             64      gears     256     blocking   thrpt    15     138,621 ±    5,817     ops/s
[info] IoBench.requests:client.cpu                   1000             64      gears     256     blocking   thrpt    15      12,079 ±    0,631  ms/batch
[info] IoBench.requests:gc.alloc.rate                1000             64      gears     256     blocking   thrpt    15      23,275 ±    2,805    MB/sec
[info] IoBench.requests:gc.alloc.rate.norm           1000             64      gears     256     blocking   thrpt    15  185123,504 ± 3894,861      B/op
[info] IoBench.requests:gc.count                     1000             64      gears     256     blocking   thrpt    15         ≈ 0               counts
[info] IoBench.requests                              1000             64      gears     256  nonblocking   thrpt    15     136,581 ±    1,272     ops/s
[info] IoBench.requests:client.cpu                   1000             64      gears     256  nonblocking   thrpt    15       9,408 ±    0,167  ms/batch
[info] IoBench.requests:gc.alloc.rate                1000             64      gears     256  nonblocking   thrpt    15      53,188 ±    6,073    MB/sec
[info] IoBench.requests:gc.alloc.rate.norm           1000             64      gears     256  nonblocking   thrpt    15  429093,790 ± 4361,264      B/op
[info] IoBench.requests:gc.count                     1000             64      gears     256  nonblocking   thrpt    15       1,000               counts
[info] IoBench.requests:gc.time                      1000             64      gears     256  nonblocking   thrpt    15       2,000                   ms
[info] IoBench.requests                              1000             64         ox     256     blocking   thrpt    15     139,402 ±    5,379     ops/s
[info] IoBench.requests:client.cpu                   1000             64         ox     256     blocking   thrpt    15      11,580 ±    0,707  ms/batch
[info] IoBench.requests:gc.alloc.rate                1000             64         ox     256     blocking   thrpt    15      17,230 ±    2,274    MB/sec
[info] IoBench.requests:gc.alloc.rate.norm           1000             64         ox     256     blocking   thrpt    15  136170,253 ± 6976,813      B/op
[info] IoBench.requests:gc.count                     1000             64         ox     256     blocking   thrpt    15         ≈ 0               counts
[info] IoBench.requests                              1000             64         ox     256  nonblocking   thrpt    15     133,898 ±    2,848     ops/s
[info] IoBench.requests:client.cpu                   1000             64         ox     256  nonblocking   thrpt    15       8,964 ±    0,221  ms/batch
[info] IoBench.requests:gc.alloc.rate                1000             64         ox     256  nonblocking   thrpt    15      32,414 ±    3,771    MB/sec
[info] IoBench.requests:gc.alloc.rate.norm           1000             64         ox     256  nonblocking   thrpt    15  267033,679 ± 1313,022      B/op
[info] IoBench.requests:gc.count                     1000             64         ox     256  nonblocking   thrpt    15         ≈ 0               counts
[info] IoBench.requests                              1000              8         ce     256     blocking  sample   321       0,048 ±    0,001      s/op
[info] IoBench.requests:client.cpu                   1000              8         ce     256     blocking  sample    15       7,974 ±    1,805  ms/batch
[info] IoBench.requests:gc.alloc.rate                1000              8         ce     256     blocking  sample    15       2,039 ±    0,238    MB/sec
[info] IoBench.requests:gc.alloc.rate.norm           1000              8         ce     256     blocking  sample    15  108413,497 ± 2005,051      B/op
[info] IoBench.requests:gc.count                     1000              8         ce     256     blocking  sample    15         ≈ 0               counts
[info] IoBench.requests:p0.00                        1000              8         ce     256     blocking  sample             0,043                 s/op
[info] IoBench.requests:p0.50                        1000              8         ce     256     blocking  sample             0,046                 s/op
[info] IoBench.requests:p0.90                        1000              8         ce     256     blocking  sample             0,059                 s/op
[info] IoBench.requests:p0.95                        1000              8         ce     256     blocking  sample             0,065                 s/op
[info] IoBench.requests:p0.99                        1000              8         ce     256     blocking  sample             0,076                 s/op
[info] IoBench.requests:p0.999                       1000              8         ce     256     blocking  sample             0,078                 s/op
[info] IoBench.requests:p0.9999                      1000              8         ce     256     blocking  sample             0,078                 s/op
[info] IoBench.requests:p1.00                        1000              8         ce     256     blocking  sample             0,078                 s/op
[info] IoBench.requests                              1000              8         ce     256  nonblocking  sample   339       0,045 ±    0,001      s/op
[info] IoBench.requests:client.cpu                   1000              8         ce     256  nonblocking  sample    15       7,106 ±    0,977  ms/batch
[info] IoBench.requests:gc.alloc.rate                1000              8         ce     256  nonblocking  sample    15       6,740 ±    0,733    MB/sec
[info] IoBench.requests:gc.alloc.rate.norm           1000              8         ce     256  nonblocking  sample    15  337457,887 ± 2298,579      B/op
[info] IoBench.requests:gc.count                     1000              8         ce     256  nonblocking  sample    15         ≈ 0               counts
[info] IoBench.requests:p0.00                        1000              8         ce     256  nonblocking  sample             0,044                 s/op
[info] IoBench.requests:p0.50                        1000              8         ce     256  nonblocking  sample             0,045                 s/op
[info] IoBench.requests:p0.90                        1000              8         ce     256  nonblocking  sample             0,047                 s/op
[info] IoBench.requests:p0.95                        1000              8         ce     256  nonblocking  sample             0,048                 s/op
[info] IoBench.requests:p0.99                        1000              8         ce     256  nonblocking  sample             0,048                 s/op
[info] IoBench.requests:p0.999                       1000              8         ce     256  nonblocking  sample             0,049                 s/op
[info] IoBench.requests:p0.9999                      1000              8         ce     256  nonblocking  sample             0,049                 s/op
[info] IoBench.requests:p1.00                        1000              8         ce     256  nonblocking  sample             0,049                 s/op
[info] IoBench.requests                              1000              8        kyo     256     blocking  sample   285       0,054 ±    0,001      s/op
[info] IoBench.requests:client.cpu                   1000              8        kyo     256     blocking  sample    15       7,612 ±    0,376  ms/batch
[info] IoBench.requests:gc.alloc.rate                1000              8        kyo     256     blocking  sample    15       2,304 ±    0,220    MB/sec
[info] IoBench.requests:gc.alloc.rate.norm           1000              8        kyo     256     blocking  sample    15  137446,007 ± 2279,994      B/op
[info] IoBench.requests:gc.count                     1000              8        kyo     256     blocking  sample    15         ≈ 0               counts
[info] IoBench.requests:p0.00                        1000              8        kyo     256     blocking  sample             0,051                 s/op
[info] IoBench.requests:p0.50                        1000              8        kyo     256     blocking  sample             0,053                 s/op
[info] IoBench.requests:p0.90                        1000              8        kyo     256     blocking  sample             0,055                 s/op
[info] IoBench.requests:p0.95                        1000              8        kyo     256     blocking  sample             0,064                 s/op
[info] IoBench.requests:p0.99                        1000              8        kyo     256     blocking  sample             0,070                 s/op
[info] IoBench.requests:p0.999                       1000              8        kyo     256     blocking  sample             0,070                 s/op
[info] IoBench.requests:p0.9999                      1000              8        kyo     256     blocking  sample             0,070                 s/op
[info] IoBench.requests:p1.00                        1000              8        kyo     256     blocking  sample             0,070                 s/op
[info] IoBench.requests                              1000              8        kyo     256  nonblocking  sample   358       0,043 ±    0,001      s/op
[info] IoBench.requests:client.cpu                   1000              8        kyo     256  nonblocking  sample    15       8,583 ±    0,510  ms/batch
[info] IoBench.requests:gc.alloc.rate                1000              8        kyo     256  nonblocking  sample    15       8,339 ±    0,858    MB/sec
[info] IoBench.requests:gc.alloc.rate.norm           1000              8        kyo     256  nonblocking  sample    15  398165,852 ± 2156,578      B/op
[info] IoBench.requests:gc.count                     1000              8        kyo     256  nonblocking  sample    15         ≈ 0               counts
[info] IoBench.requests:p0.00                        1000              8        kyo     256  nonblocking  sample             0,041                 s/op
[info] IoBench.requests:p0.50                        1000              8        kyo     256  nonblocking  sample             0,043                 s/op
[info] IoBench.requests:p0.90                        1000              8        kyo     256  nonblocking  sample             0,044                 s/op
[info] IoBench.requests:p0.95                        1000              8        kyo     256  nonblocking  sample             0,044                 s/op
[info] IoBench.requests:p0.99                        1000              8        kyo     256  nonblocking  sample             0,045                 s/op
[info] IoBench.requests:p0.999                       1000              8        kyo     256  nonblocking  sample             0,046                 s/op
[info] IoBench.requests:p0.9999                      1000              8        kyo     256  nonblocking  sample             0,046                 s/op
[info] IoBench.requests:p1.00                        1000              8        kyo     256  nonblocking  sample             0,046                 s/op
[info] IoBench.requests                              1000              8      gears     256     blocking  sample   312       0,049 ±    0,001      s/op
[info] IoBench.requests:client.cpu                   1000              8      gears     256     blocking  sample    15      12,627 ±    1,369  ms/batch
[info] IoBench.requests:gc.alloc.rate                1000              8      gears     256     blocking  sample    15       1,588 ±    0,169    MB/sec
[info] IoBench.requests:gc.alloc.rate.norm           1000              8      gears     256     blocking  sample    15   86448,518 ± 2065,246      B/op
[info] IoBench.requests:gc.count                     1000              8      gears     256     blocking  sample    15         ≈ 0               counts
[info] IoBench.requests:p0.00                        1000              8      gears     256     blocking  sample             0,043                 s/op
[info] IoBench.requests:p0.50                        1000              8      gears     256     blocking  sample             0,046                 s/op
[info] IoBench.requests:p0.90                        1000              8      gears     256     blocking  sample             0,062                 s/op
[info] IoBench.requests:p0.95                        1000              8      gears     256     blocking  sample             0,067                 s/op
[info] IoBench.requests:p0.99                        1000              8      gears     256     blocking  sample             0,076                 s/op
[info] IoBench.requests:p0.999                       1000              8      gears     256     blocking  sample             0,090                 s/op
[info] IoBench.requests:p0.9999                      1000              8      gears     256     blocking  sample             0,090                 s/op
[info] IoBench.requests:p1.00                        1000              8      gears     256     blocking  sample             0,090                 s/op
[info] IoBench.requests                              1000              8      gears     256  nonblocking  sample   311       0,049 ±    0,001      s/op
[info] IoBench.requests:client.cpu                   1000              8      gears     256  nonblocking  sample    15      12,668 ±    1,319  ms/batch
[info] IoBench.requests:gc.alloc.rate                1000              8      gears     256  nonblocking  sample    15       6,075 ±    0,675    MB/sec
[info] IoBench.requests:gc.alloc.rate.norm           1000              8      gears     256  nonblocking  sample    15  331720,450 ± 5294,531      B/op
[info] IoBench.requests:gc.count                     1000              8      gears     256  nonblocking  sample    15       2,000               counts
[info] IoBench.requests:gc.time                      1000              8      gears     256  nonblocking  sample    15      12,000                   ms
[info] IoBench.requests:p0.00                        1000              8      gears     256  nonblocking  sample             0,043                 s/op
[info] IoBench.requests:p0.50                        1000              8      gears     256  nonblocking  sample             0,046                 s/op
[info] IoBench.requests:p0.90                        1000              8      gears     256  nonblocking  sample             0,060                 s/op
[info] IoBench.requests:p0.95                        1000              8      gears     256  nonblocking  sample             0,067                 s/op
[info] IoBench.requests:p0.99                        1000              8      gears     256  nonblocking  sample             0,076                 s/op
[info] IoBench.requests:p0.999                       1000              8      gears     256  nonblocking  sample             0,082                 s/op
[info] IoBench.requests:p0.9999                      1000              8      gears     256  nonblocking  sample             0,082                 s/op
[info] IoBench.requests:p1.00                        1000              8      gears     256  nonblocking  sample             0,082                 s/op
[info] IoBench.requests                              1000              8         ox     256     blocking  sample   311       0,050 ±    0,002      s/op
[info] IoBench.requests:client.cpu                   1000              8         ox     256     blocking  sample    15      11,545 ±    1,428  ms/batch
[info] IoBench.requests:gc.alloc.rate                1000              8         ox     256     blocking  sample    15       1,339 ±    0,165    MB/sec
[info] IoBench.requests:gc.alloc.rate.norm           1000              8         ox     256     blocking  sample    15   73514,755 ± 2371,650      B/op
[info] IoBench.requests:gc.count                     1000              8         ox     256     blocking  sample    15         ≈ 0               counts
[info] IoBench.requests:p0.00                        1000              8         ox     256     blocking  sample             0,043                 s/op
[info] IoBench.requests:p0.50                        1000              8         ox     256     blocking  sample             0,046                 s/op
[info] IoBench.requests:p0.90                        1000              8         ox     256     blocking  sample             0,064                 s/op
[info] IoBench.requests:p0.95                        1000              8         ox     256     blocking  sample             0,070                 s/op
[info] IoBench.requests:p0.99                        1000              8         ox     256     blocking  sample             0,088                 s/op
[info] IoBench.requests:p0.999                       1000              8         ox     256     blocking  sample             0,091                 s/op
[info] IoBench.requests:p0.9999                      1000              8         ox     256     blocking  sample             0,091                 s/op
[info] IoBench.requests:p1.00                        1000              8         ox     256     blocking  sample             0,091                 s/op
[info] IoBench.requests                              1000              8         ox     256  nonblocking  sample   299       0,051 ±    0,002      s/op
[info] IoBench.requests:client.cpu                   1000              8         ox     256  nonblocking  sample    15      12,832 ±    1,936  ms/batch
[info] IoBench.requests:gc.alloc.rate                1000              8         ox     256  nonblocking  sample    15       3,683 ±    0,405    MB/sec
[info] IoBench.requests:gc.alloc.rate.norm           1000              8         ox     256  nonblocking  sample    15  208570,451 ± 2779,498      B/op
[info] IoBench.requests:gc.count                     1000              8         ox     256  nonblocking  sample    15         ≈ 0               counts
[info] IoBench.requests:p0.00                        1000              8         ox     256  nonblocking  sample             0,044                 s/op
[info] IoBench.requests:p0.50                        1000              8         ox     256  nonblocking  sample             0,048                 s/op
[info] IoBench.requests:p0.90                        1000              8         ox     256  nonblocking  sample             0,068                 s/op
[info] IoBench.requests:p0.95                        1000              8         ox     256  nonblocking  sample             0,073                 s/op
[info] IoBench.requests:p0.99                        1000              8         ox     256  nonblocking  sample             0,080                 s/op
[info] IoBench.requests:p0.999                       1000              8         ox     256  nonblocking  sample             0,082                 s/op
[info] IoBench.requests:p0.9999                      1000              8         ox     256  nonblocking  sample             0,082                 s/op
[info] IoBench.requests:p1.00                        1000              8         ox     256  nonblocking  sample             0,082                 s/op
[info] IoBench.requests                              1000             64         ce     256     blocking  sample  2268       0,007 ±    0,001      s/op
[info] IoBench.requests:client.cpu                   1000             64         ce     256     blocking  sample    15       8,431 ±    0,770  ms/batch
[info] IoBench.requests:gc.alloc.rate                1000             64         ce     256     blocking  sample    15      51,128 ±    6,092    MB/sec
[info] IoBench.requests:gc.alloc.rate.norm           1000             64         ce     256     blocking  sample    15  374321,687 ± 1595,774      B/op
[info] IoBench.requests:gc.count                     1000             64         ce     256     blocking  sample    15       3,000               counts
[info] IoBench.requests:gc.time                      1000             64         ce     256     blocking  sample    15       6,000                   ms
[info] IoBench.requests:p0.00                        1000             64         ce     256     blocking  sample             0,006                 s/op
[info] IoBench.requests:p0.50                        1000             64         ce     256     blocking  sample             0,007                 s/op
[info] IoBench.requests:p0.90                        1000             64         ce     256     blocking  sample             0,007                 s/op
[info] IoBench.requests:p0.95                        1000             64         ce     256     blocking  sample             0,007                 s/op
[info] IoBench.requests:p0.99                        1000             64         ce     256     blocking  sample             0,008                 s/op
[info] IoBench.requests:p0.999                       1000             64         ce     256     blocking  sample             0,008                 s/op
[info] IoBench.requests:p0.9999                      1000             64         ce     256     blocking  sample             0,009                 s/op
[info] IoBench.requests:p1.00                        1000             64         ce     256     blocking  sample             0,009                 s/op
[info] IoBench.requests                              1000             64         ce     256  nonblocking  sample  2110       0,007 ±    0,001      s/op
[info] IoBench.requests:client.cpu                   1000             64         ce     256  nonblocking  sample    15       5,677 ±    0,239  ms/batch
[info] IoBench.requests:gc.alloc.rate                1000             64         ce     256  nonblocking  sample    15      75,273 ±    8,393    MB/sec
[info] IoBench.requests:gc.alloc.rate.norm           1000             64         ce     256  nonblocking  sample    15  593179,769 ±  367,991      B/op
[info] IoBench.requests:gc.count                     1000             64         ce     256  nonblocking  sample    15       1,000               counts
[info] IoBench.requests:gc.time                      1000             64         ce     256  nonblocking  sample    15       2,000                   ms
[info] IoBench.requests:p0.00                        1000             64         ce     256  nonblocking  sample             0,006                 s/op
[info] IoBench.requests:p0.50                        1000             64         ce     256  nonblocking  sample             0,007                 s/op
[info] IoBench.requests:p0.90                        1000             64         ce     256  nonblocking  sample             0,008                 s/op
[info] IoBench.requests:p0.95                        1000             64         ce     256  nonblocking  sample             0,008                 s/op
[info] IoBench.requests:p0.99                        1000             64         ce     256  nonblocking  sample             0,008                 s/op
[info] IoBench.requests:p0.999                       1000             64         ce     256  nonblocking  sample             0,009                 s/op
[info] IoBench.requests:p0.9999                      1000             64         ce     256  nonblocking  sample             0,010                 s/op
[info] IoBench.requests:p1.00                        1000             64         ce     256  nonblocking  sample             0,010                 s/op
[info] IoBench.requests                              1000             64        kyo     256     blocking  sample    75       0,201 ±    0,001      s/op
[info] IoBench.requests:client.cpu                   1000             64        kyo     256     blocking  sample    15      15,469 ±    2,909  ms/batch
[info] IoBench.requests:gc.alloc.rate                1000             64        kyo     256     blocking  sample    15       1,379 ±    0,124    MB/sec
[info] IoBench.requests:gc.alloc.rate.norm           1000             64        kyo     256     blocking  sample    15  306792,533 ± 8022,676      B/op
[info] IoBench.requests:gc.count                     1000             64        kyo     256     blocking  sample    15         ≈ 0               counts
[info] IoBench.requests:p0.00                        1000             64        kyo     256     blocking  sample             0,197                 s/op
[info] IoBench.requests:p0.50                        1000             64        kyo     256     blocking  sample             0,201                 s/op
[info] IoBench.requests:p0.90                        1000             64        kyo     256     blocking  sample             0,204                 s/op
[info] IoBench.requests:p0.95                        1000             64        kyo     256     blocking  sample             0,204                 s/op
[info] IoBench.requests:p0.99                        1000             64        kyo     256     blocking  sample             0,206                 s/op
[info] IoBench.requests:p0.999                       1000             64        kyo     256     blocking  sample             0,206                 s/op
[info] IoBench.requests:p0.9999                      1000             64        kyo     256     blocking  sample             0,206                 s/op
[info] IoBench.requests:p1.00                        1000             64        kyo     256     blocking  sample             0,206                 s/op
[info] IoBench.requests                              1000             64        kyo     256  nonblocking  sample  2078       0,007 ±    0,001      s/op
[info] IoBench.requests:client.cpu                   1000             64        kyo     256  nonblocking  sample    15       7,852 ±    0,259  ms/batch
[info] IoBench.requests:gc.alloc.rate                1000             64        kyo     256  nonblocking  sample    15      69,285 ±    7,868    MB/sec
[info] IoBench.requests:gc.alloc.rate.norm           1000             64        kyo     256  nonblocking  sample    15  553822,310 ± 1449,119      B/op
[info] IoBench.requests:gc.count                     1000             64        kyo     256  nonblocking  sample    15       3,000               counts
[info] IoBench.requests:gc.time                      1000             64        kyo     256  nonblocking  sample    15       6,000                   ms
[info] IoBench.requests:p0.00                        1000             64        kyo     256  nonblocking  sample             0,006                 s/op
[info] IoBench.requests:p0.50                        1000             64        kyo     256  nonblocking  sample             0,007                 s/op
[info] IoBench.requests:p0.90                        1000             64        kyo     256  nonblocking  sample             0,008                 s/op
[info] IoBench.requests:p0.95                        1000             64        kyo     256  nonblocking  sample             0,008                 s/op
[info] IoBench.requests:p0.99                        1000             64        kyo     256  nonblocking  sample             0,008                 s/op
[info] IoBench.requests:p0.999                       1000             64        kyo     256  nonblocking  sample             0,010                 s/op
[info] IoBench.requests:p0.9999                      1000             64        kyo     256  nonblocking  sample             0,010                 s/op
[info] IoBench.requests:p1.00                        1000             64        kyo     256  nonblocking  sample             0,010                 s/op
[info] IoBench.requests                              1000             64      gears     256     blocking  sample  2133       0,007 ±    0,001      s/op
[info] IoBench.requests:client.cpu                   1000             64      gears     256     blocking  sample    15      11,773 ±    0,736  ms/batch
[info] IoBench.requests:gc.alloc.rate                1000             64      gears     256     blocking  sample    15      23,895 ±    3,029    MB/sec
[info] IoBench.requests:gc.alloc.rate.norm           1000             64      gears     256     blocking  sample    15  186265,220 ± 4069,755      B/op
[info] IoBench.requests:gc.count                     1000             64      gears     256     blocking  sample    15         ≈ 0               counts
[info] IoBench.requests:p0.00                        1000             64      gears     256     blocking  sample             0,006                 s/op
[info] IoBench.requests:p0.50                        1000             64      gears     256     blocking  sample             0,007                 s/op
[info] IoBench.requests:p0.90                        1000             64      gears     256     blocking  sample             0,008                 s/op
[info] IoBench.requests:p0.95                        1000             64      gears     256     blocking  sample             0,008                 s/op
[info] IoBench.requests:p0.99                        1000             64      gears     256     blocking  sample             0,008                 s/op
[info] IoBench.requests:p0.999                       1000             64      gears     256     blocking  sample             0,009                 s/op
[info] IoBench.requests:p0.9999                      1000             64      gears     256     blocking  sample             0,009                 s/op
[info] IoBench.requests:p1.00                        1000             64      gears     256     blocking  sample             0,009                 s/op
[info] IoBench.requests                              1000             64      gears     256  nonblocking  sample  2071       0,007 ±    0,001      s/op
[info] IoBench.requests:client.cpu                   1000             64      gears     256  nonblocking  sample    15       9,498 ±    0,186  ms/batch
[info] IoBench.requests:gc.alloc.rate                1000             64      gears     256  nonblocking  sample    15      53,044 ±    6,118    MB/sec
[info] IoBench.requests:gc.alloc.rate.norm           1000             64      gears     256  nonblocking  sample    15  426927,390 ± 2066,961      B/op
[info] IoBench.requests:gc.count                     1000             64      gears     256  nonblocking  sample    15       1,000               counts
[info] IoBench.requests:gc.time                      1000             64      gears     256  nonblocking  sample    15       1,000                   ms
[info] IoBench.requests:p0.00                        1000             64      gears     256  nonblocking  sample             0,006                 s/op
[info] IoBench.requests:p0.50                        1000             64      gears     256  nonblocking  sample             0,007                 s/op
[info] IoBench.requests:p0.90                        1000             64      gears     256  nonblocking  sample             0,008                 s/op
[info] IoBench.requests:p0.95                        1000             64      gears     256  nonblocking  sample             0,008                 s/op
[info] IoBench.requests:p0.99                        1000             64      gears     256  nonblocking  sample             0,008                 s/op
[info] IoBench.requests:p0.999                       1000             64      gears     256  nonblocking  sample             0,009                 s/op
[info] IoBench.requests:p0.9999                      1000             64      gears     256  nonblocking  sample             0,017                 s/op
[info] IoBench.requests:p1.00                        1000             64      gears     256  nonblocking  sample             0,017                 s/op
[info] IoBench.requests                              1000             64         ox     256     blocking  sample  2040       0,007 ±    0,001      s/op
[info] IoBench.requests:client.cpu                   1000             64         ox     256     blocking  sample    15      11,653 ±    0,626  ms/batch
[info] IoBench.requests:gc.alloc.rate                1000             64         ox     256     blocking  sample    15      16,640 ±    1,921    MB/sec
[info] IoBench.requests:gc.alloc.rate.norm           1000             64         ox     256     blocking  sample    15  135914,700 ± 1645,485      B/op
[info] IoBench.requests:gc.count                     1000             64         ox     256     blocking  sample    15         ≈ 0               counts
[info] IoBench.requests:p0.00                        1000             64         ox     256     blocking  sample             0,006                 s/op
[info] IoBench.requests:p0.50                        1000             64         ox     256     blocking  sample             0,007                 s/op
[info] IoBench.requests:p0.90                        1000             64         ox     256     blocking  sample             0,008                 s/op
[info] IoBench.requests:p0.95                        1000             64         ox     256     blocking  sample             0,009                 s/op
[info] IoBench.requests:p0.99                        1000             64         ox     256     blocking  sample             0,012                 s/op
[info] IoBench.requests:p0.999                       1000             64         ox     256     blocking  sample             0,020                 s/op
[info] IoBench.requests:p0.9999                      1000             64         ox     256     blocking  sample             0,024                 s/op
[info] IoBench.requests:p1.00                        1000             64         ox     256     blocking  sample             0,024                 s/op
[info] IoBench.requests                              1000             64         ox     256  nonblocking  sample  2022       0,007 ±    0,001      s/op
[info] IoBench.requests:client.cpu                   1000             64         ox     256  nonblocking  sample    15       9,090 ±    0,250  ms/batch
[info] IoBench.requests:gc.alloc.rate                1000             64         ox     256  nonblocking  sample    15      32,180 ±    3,539    MB/sec
[info] IoBench.requests:gc.alloc.rate.norm           1000             64         ox     256  nonblocking  sample    15  264650,166 ± 2259,772      B/op
[info] IoBench.requests:gc.count                     1000             64         ox     256  nonblocking  sample    15         ≈ 0               counts
[info] IoBench.requests:p0.00                        1000             64         ox     256  nonblocking  sample             0,006                 s/op
[info] IoBench.requests:p0.50                        1000             64         ox     256  nonblocking  sample             0,007                 s/op
[info] IoBench.requests:p0.90                        1000             64         ox     256  nonblocking  sample             0,008                 s/op
[info] IoBench.requests:p0.95                        1000             64         ox     256  nonblocking  sample             0,008                 s/op
[info] IoBench.requests:p0.99                        1000             64         ox     256  nonblocking  sample             0,008                 s/op
[info] IoBench.requests:p0.999                       1000             64         ox     256  nonblocking  sample             0,013                 s/op
[info] IoBench.requests:p0.9999                      1000             64         ox     256  nonblocking  sample             0,020                 s/op
[info] IoBench.requests:p1.00                        1000             64         ox     256  nonblocking  sample             0,020                 s/op
[info] Benchmark result is saved to /Users/stas/projects/scala-effect-bench/results/four-io-measured/default.json
[success] Total time: 2024 s (0:33:44.0), completed 6 Sept 2026, 18:46:33
[info] running (fork) org.openjdk.jmh.Main -i 5 -wi 10 -f 3 -t 1 -r 1s -w 1s -foe true -prof gc -prof bench.io.ClientCpuProfiler -rf json -p size=256 -p delayMicros=1000 -rff /Users/stas/projects/scala-effect-bench/results/four-io-measured/controls.json -p runtime=ceVirtual,kyoFlush -p transport=blocking -p parallelism=64 .*bench.io.IoBench.requests
[error] WARNING: A terminally deprecated method in sun.misc.Unsafe has been called
[error] WARNING: sun.misc.Unsafe::objectFieldOffset has been called by org.openjdk.jmh.util.Utils (file:/Users/stas/projects/scala-effect-bench/target/bg-jobs/sbt_ec168a1a/target/ec0caa91/1296d6b9/jmh-core-1.37.jar)
[error] WARNING: Please consider reporting this to the maintainers of class org.openjdk.jmh.util.Utils
[error] WARNING: sun.misc.Unsafe::objectFieldOffset will be removed in a future release
[info] # JMH version: 1.37
[info] # VM version: JDK 25.0.3, Java HotSpot(TM) 64-Bit Server VM, 25.0.3+9-LTS-195
[info] # VM invoker: /Users/stas/.sdkman/candidates/java/25.0.3-oracle/bin/java
[info] # VM options: --add-opens=java.base/java.lang=ALL-UNNAMED -Xms2g -Xmx2g -XX:+UseG1GC --add-opens=java.base/java.lang=ALL-UNNAMED -Xms2g -Xmx2g -XX:+UseG1GC
[info] # Blackhole mode: compiler (auto-detected, use -Djmh.blackhole.autoDetect=false to disable)
[info] # Warmup: 10 iterations, 1 s each
[info] # Measurement: 5 iterations, 1 s each
[info] # Timeout: 10 min per iteration
[info] # Threads: 1 thread, will synchronize iterations
[info] # Benchmark mode: Throughput, ops/time
[info] # Benchmark: bench.io.IoBench.requests
[info] # Parameters: (delayMicros = 1000, parallelism = 64, runtime = ceVirtual, size = 256, transport = blocking)
[info] # Run progress: 0,00% complete, ETA 00:03:00
[info] # Fork: 1 of 3
[info] WARNING: A terminally deprecated method in sun.misc.Unsafe has been called
[info] WARNING: sun.misc.Unsafe::objectFieldOffset has been called by org.openjdk.jmh.util.Utils (file:/Users/stas/projects/scala-effect-bench/target/bg-jobs/sbt_ec168a1a/target/ec0caa91/1296d6b9/jmh-core-1.37.jar)
[info] WARNING: Please consider reporting this to the maintainers of class org.openjdk.jmh.util.Utils
[info] WARNING: sun.misc.Unsafe::objectFieldOffset will be removed in a future release
[info] # Warmup Iteration   1: 133,200 ops/s
[info] # Warmup Iteration   2: 143,900 ops/s
[info] # Warmup Iteration   3: 137,892 ops/s
[info] # Warmup Iteration   4: 124,704 ops/s
[info] # Warmup Iteration   5: 134,510 ops/s
[info] # Warmup Iteration   6: 137,005 ops/s
[info] # Warmup Iteration   7: 131,500 ops/s
[info] # Warmup Iteration   8: 132,033 ops/s
[info] # Warmup Iteration   9: 133,006 ops/s
[info] # Warmup Iteration  10: 131,777 ops/s
[info] Iteration   1: 140,789 ops/s
[info]                  client.cpu:         13,247 ms/batch
[info]                  gc.alloc.rate:      63,479 MB/sec
[info]                  gc.alloc.rate.norm: 472850,254 B/op
[info]                  gc.count:           ≈ 0 counts
[info] Iteration   2: 126,718 ops/s
[info]                  client.cpu:         13,985 ms/batch
[info]                  gc.alloc.rate:      57,102 MB/sec
[info]                  gc.alloc.rate.norm: 472577,008 B/op
[info]                  gc.count:           ≈ 0 counts
[info] Iteration   3: 133,488 ops/s
[info]                  client.cpu:         13,335 ms/batch
[info]                  gc.alloc.rate:      60,194 MB/sec
[info]                  gc.alloc.rate.norm: 472899,881 B/op
[info]                  gc.count:           1,000 counts
[info]                  gc.time:            2,000 ms
[info] Iteration   4: 142,346 ops/s
[info]                  client.cpu:         12,662 ms/batch
[info]                  gc.alloc.rate:      64,203 MB/sec
[info]                  gc.alloc.rate.norm: 473008,111 B/op
[info]                  gc.count:           ≈ 0 counts
[info] Iteration   5: 128,716 ops/s
[info]                  client.cpu:         13,800 ms/batch
[info]                  gc.alloc.rate:      43,973 MB/sec
[info]                  gc.alloc.rate.norm: 473877,643 B/op
[info]                  gc.count:           ≈ 0 counts
[info] # Run progress: 8,33% complete, ETA 00:03:53
[info] # Fork: 2 of 3
[info] WARNING: A terminally deprecated method in sun.misc.Unsafe has been called
[info] WARNING: sun.misc.Unsafe::objectFieldOffset has been called by org.openjdk.jmh.util.Utils (file:/Users/stas/projects/scala-effect-bench/target/bg-jobs/sbt_ec168a1a/target/ec0caa91/1296d6b9/jmh-core-1.37.jar)
[info] WARNING: Please consider reporting this to the maintainers of class org.openjdk.jmh.util.Utils
[info] WARNING: sun.misc.Unsafe::objectFieldOffset will be removed in a future release
[info] # Warmup Iteration   1: 123,457 ops/s
[info] # Warmup Iteration   2: 135,759 ops/s
[info] # Warmup Iteration   3: 133,819 ops/s
[info] # Warmup Iteration   4: 130,496 ops/s
[info] # Warmup Iteration   5: 134,339 ops/s
[info] # Warmup Iteration   6: 141,427 ops/s
[info] # Warmup Iteration   7: 136,732 ops/s
[info] # Warmup Iteration   8: 133,285 ops/s
[info] # Warmup Iteration   9: 138,894 ops/s
[info] # Warmup Iteration  10: 129,359 ops/s
[info] Iteration   1: 132,645 ops/s
[info]                  client.cpu:         13,845 ms/batch
[info]                  gc.alloc.rate:      59,787 MB/sec
[info]                  gc.alloc.rate.norm: 472674,045 B/op
[info]                  gc.count:           ≈ 0 counts
[info] Iteration   2: 132,554 ops/s
[info]                  client.cpu:         14,378 ms/batch
[info]                  gc.alloc.rate:      59,755 MB/sec
[info]                  gc.alloc.rate.norm: 472754,226 B/op
[info]                  gc.count:           1,000 counts
[info]                  gc.time:            2,000 ms
[info] Iteration   3: 126,974 ops/s
[info]                  client.cpu:         14,228 ms/batch
[info]                  gc.alloc.rate:      57,239 MB/sec
[info]                  gc.alloc.rate.norm: 472761,750 B/op
[info]                  gc.count:           ≈ 0 counts
[info] Iteration   4: 136,011 ops/s
[info]                  client.cpu:         13,659 ms/batch
[info]                  gc.alloc.rate:      61,302 MB/sec
[info]                  gc.alloc.rate.norm: 472682,161 B/op
[info]                  gc.count:           ≈ 0 counts
[info] Iteration   5: 133,501 ops/s
[info]                  client.cpu:         13,851 ms/batch
[info]                  gc.alloc.rate:      45,848 MB/sec
[info]                  gc.alloc.rate.norm: 473286,627 B/op
[info]                  gc.count:           ≈ 0 counts
[info] # Run progress: 16,67% complete, ETA 00:03:32
[info] # Fork: 3 of 3
[info] WARNING: A terminally deprecated method in sun.misc.Unsafe has been called
[info] WARNING: sun.misc.Unsafe::objectFieldOffset has been called by org.openjdk.jmh.util.Utils (file:/Users/stas/projects/scala-effect-bench/target/bg-jobs/sbt_ec168a1a/target/ec0caa91/1296d6b9/jmh-core-1.37.jar)
[info] WARNING: Please consider reporting this to the maintainers of class org.openjdk.jmh.util.Utils
[info] WARNING: sun.misc.Unsafe::objectFieldOffset will be removed in a future release
[info] # Warmup Iteration   1: 126,136 ops/s
[info] # Warmup Iteration   2: 139,911 ops/s
[info] # Warmup Iteration   3: 135,377 ops/s
[info] # Warmup Iteration   4: 127,730 ops/s
[info] # Warmup Iteration   5: 131,235 ops/s
[info] # Warmup Iteration   6: 135,850 ops/s
[info] # Warmup Iteration   7: 127,962 ops/s
[info] # Warmup Iteration   8: 135,213 ops/s
[info] # Warmup Iteration   9: 129,321 ops/s
[info] # Warmup Iteration  10: 135,914 ops/s
[info] Iteration   1: 136,681 ops/s
[info]                  client.cpu:         12,753 ms/batch
[info]                  gc.alloc.rate:      62,365 MB/sec
[info]                  gc.alloc.rate.norm: 478509,139 B/op
[info]                  gc.count:           ≈ 0 counts
[info] Iteration   2: 131,872 ops/s
[info]                  client.cpu:         13,352 ms/batch
[info]                  gc.alloc.rate:      60,150 MB/sec
[info]                  gc.alloc.rate.norm: 478349,455 B/op
[info]                  gc.count:           ≈ 0 counts
[info] Iteration   3: 129,833 ops/s
[info]                  client.cpu:         13,677 ms/batch
[info]                  gc.alloc.rate:      59,248 MB/sec
[info]                  gc.alloc.rate.norm: 478564,275 B/op
[info]                  gc.count:           1,000 counts
[info]                  gc.time:            2,000 ms
[info] Iteration   4: 130,293 ops/s
[info]                  client.cpu:         13,552 ms/batch
[info]                  gc.alloc.rate:      59,436 MB/sec
[info]                  gc.alloc.rate.norm: 478406,962 B/op
[info]                  gc.count:           ≈ 0 counts
[info] Iteration   5: 136,398 ops/s
[info]                  client.cpu:         11,864 ms/batch
[info]                  gc.alloc.rate:      47,218 MB/sec
[info]                  gc.alloc.rate.norm: 480025,577 B/op
[info]                  gc.count:           ≈ 0 counts
[info] Result "bench.io.IoBench.requests":
[info]   133,255 ±(99.9%) 4,906 ops/s [Average]
[info]   (min, avg, max) = (126,718, 133,255, 142,346), stdev = 4,589
[info]   CI (99.9%): [128,349, 138,160] (assumes normal distribution)
[info] Secondary result "bench.io.IoBench.requests:client.cpu":
[info]   13,479 ±(99.9%) 0,698 ms/batch [Average]
[info]   (min, avg, max) = (11,864, 13,479, 14,378), stdev = 0,653
[info]   CI (99.9%): [12,781, 14,177] (assumes normal distribution)
[info] Secondary result "bench.io.IoBench.requests:gc.alloc.rate":
[info]   57,420 ±(99.9%) 6,850 MB/sec [Average]
[info]   (min, avg, max) = (43,973, 57,420, 64,203), stdev = 6,408
[info]   CI (99.9%): [50,570, 64,270] (assumes normal distribution)
[info] Secondary result "bench.io.IoBench.requests:gc.alloc.rate.norm":
[info]   474881,807 ±(99.9%) 3087,779 B/op [Average]
[info]   (min, avg, max) = (472577,008, 474881,807, 480025,577), stdev = 2888,310
[info]   CI (99.9%): [471794,029, 477969,586] (assumes normal distribution)
[info] Secondary result "bench.io.IoBench.requests:gc.count":
[info]   3,000 ±(99.9%) 0,001 counts [Sum]
[info]   (min, avg, max) = (≈ 0, 0,200, 1,000), stdev = 0,414
[info]   CI (99.9%): [3,000, 3,000] (assumes normal distribution)
[info] Secondary result "bench.io.IoBench.requests:gc.time":
[info]   6,000 ±(99.9%) 0,001 ms [Sum]
[info]   (min, avg, max) = (≈ 0, 0,400, 2,000), stdev = 0,828
[info]   CI (99.9%): [6,000, 6,000] (assumes normal distribution)
[info] # JMH version: 1.37
[info] # VM version: JDK 25.0.3, Java HotSpot(TM) 64-Bit Server VM, 25.0.3+9-LTS-195
[info] # VM invoker: /Users/stas/.sdkman/candidates/java/25.0.3-oracle/bin/java
[info] # VM options: --add-opens=java.base/java.lang=ALL-UNNAMED -Xms2g -Xmx2g -XX:+UseG1GC --add-opens=java.base/java.lang=ALL-UNNAMED -Xms2g -Xmx2g -XX:+UseG1GC
[info] # Blackhole mode: compiler (auto-detected, use -Djmh.blackhole.autoDetect=false to disable)
[info] # Warmup: 10 iterations, 1 s each
[info] # Measurement: 5 iterations, 1 s each
[info] # Timeout: 10 min per iteration
[info] # Threads: 1 thread, will synchronize iterations
[info] # Benchmark mode: Throughput, ops/time
[info] # Benchmark: bench.io.IoBench.requests
[info] # Parameters: (delayMicros = 1000, parallelism = 64, runtime = kyoFlush, size = 256, transport = blocking)
[info] # Run progress: 25,00% complete, ETA 00:03:10
[info] # Fork: 1 of 3
[info] WARNING: A terminally deprecated method in sun.misc.Unsafe has been called
[info] WARNING: sun.misc.Unsafe::objectFieldOffset has been called by org.openjdk.jmh.util.Utils (file:/Users/stas/projects/scala-effect-bench/target/bg-jobs/sbt_ec168a1a/target/ec0caa91/1296d6b9/jmh-core-1.37.jar)
[info] WARNING: Please consider reporting this to the maintainers of class org.openjdk.jmh.util.Utils
[info] WARNING: sun.misc.Unsafe::objectFieldOffset will be removed in a future release
[info] # Warmup Iteration   1: 33,466 ops/s
[info] # Warmup Iteration   2: 44,721 ops/s
[info] # Warmup Iteration   3: 44,901 ops/s
[info] # Warmup Iteration   4: 44,427 ops/s
[info] # Warmup Iteration   5: 51,174 ops/s
[info] # Warmup Iteration   6: 58,143 ops/s
[info] # Warmup Iteration   7: 58,243 ops/s
[info] # Warmup Iteration   8: 71,585 ops/s
[info] # Warmup Iteration   9: 84,303 ops/s
[info] # Warmup Iteration  10: 87,410 ops/s
[info] Iteration   1: 88,679 ops/s
[info]                  client.cpu:         9,218 ms/batch
[info]                  gc.alloc.rate:      25,270 MB/sec
[info]                  gc.alloc.rate.norm: 298842,157 B/op
[info]                  gc.count:           ≈ 0 counts
[info] Iteration   2: 88,789 ops/s
[info]                  client.cpu:         9,340 ms/batch
[info]                  gc.alloc.rate:      25,091 MB/sec
[info]                  gc.alloc.rate.norm: 296359,461 B/op
[info]                  gc.count:           ≈ 0 counts
[info] Iteration   3: 89,732 ops/s
[info]                  client.cpu:         8,436 ms/batch
[info]                  gc.alloc.rate:      25,331 MB/sec
[info]                  gc.alloc.rate.norm: 296057,067 B/op
[info]                  gc.count:           ≈ 0 counts
[info] Iteration   4: 89,963 ops/s
[info]                  client.cpu:         9,077 ms/batch
[info]                  gc.alloc.rate:      25,382 MB/sec
[info]                  gc.alloc.rate.norm: 295881,407 B/op
[info]                  gc.count:           ≈ 0 counts
[info] Iteration   5: 89,463 ops/s
[info]                  client.cpu:         8,324 ms/batch
[info]                  gc.alloc.rate:      19,191 MB/sec
[info]                  gc.alloc.rate.norm: 296631,467 B/op
[info]                  gc.count:           ≈ 0 counts
[info] # Run progress: 33,33% complete, ETA 00:02:49
[info] # Fork: 2 of 3
[info] WARNING: A terminally deprecated method in sun.misc.Unsafe has been called
[info] WARNING: sun.misc.Unsafe::objectFieldOffset has been called by org.openjdk.jmh.util.Utils (file:/Users/stas/projects/scala-effect-bench/target/bg-jobs/sbt_ec168a1a/target/ec0caa91/1296d6b9/jmh-core-1.37.jar)
[info] WARNING: Please consider reporting this to the maintainers of class org.openjdk.jmh.util.Utils
[info] WARNING: sun.misc.Unsafe::objectFieldOffset will be removed in a future release
[info] # Warmup Iteration   1: 34,365 ops/s
[info] # Warmup Iteration   2: 44,877 ops/s
[info] # Warmup Iteration   3: 44,887 ops/s
[info] # Warmup Iteration   4: 44,653 ops/s
[info] # Warmup Iteration   5: 51,073 ops/s
[info] # Warmup Iteration   6: 57,982 ops/s
[info] # Warmup Iteration   7: 57,893 ops/s
[info] # Warmup Iteration   8: 71,643 ops/s
[info] # Warmup Iteration   9: 83,968 ops/s
[info] # Warmup Iteration  10: 86,623 ops/s
[info] Iteration   1: 87,669 ops/s
[info]                  client.cpu:         8,867 ms/batch
[info]                  gc.alloc.rate:      24,927 MB/sec
[info]                  gc.alloc.rate.norm: 298203,909 B/op
[info]                  gc.count:           ≈ 0 counts
[info] Iteration   2: 89,964 ops/s
[info]                  client.cpu:         9,491 ms/batch
[info]                  gc.alloc.rate:      25,427 MB/sec
[info]                  gc.alloc.rate.norm: 296419,077 B/op
[info]                  gc.count:           ≈ 0 counts
[info] Iteration   3: 93,699 ops/s
[info]                  client.cpu:         9,350 ms/batch
[info]                  gc.alloc.rate:      25,972 MB/sec
[info]                  gc.alloc.rate.norm: 290698,947 B/op
[info]                  gc.count:           ≈ 0 counts
[info] Iteration   4: 114,529 ops/s
[info]                  client.cpu:         9,181 ms/batch
[info]                  gc.alloc.rate:      31,665 MB/sec
[info]                  gc.alloc.rate.norm: 289950,052 B/op
[info]                  gc.count:           ≈ 0 counts
[info] Iteration   5: 128,728 ops/s
[info]                  client.cpu:         9,694 ms/batch
[info]                  gc.alloc.rate:      27,132 MB/sec
[info]                  gc.alloc.rate.norm: 289805,169 B/op
[info]                  gc.count:           ≈ 0 counts
[info] # Run progress: 41,67% complete, ETA 00:02:27
[info] # Fork: 3 of 3
[info] WARNING: A terminally deprecated method in sun.misc.Unsafe has been called
[info] WARNING: sun.misc.Unsafe::objectFieldOffset has been called by org.openjdk.jmh.util.Utils (file:/Users/stas/projects/scala-effect-bench/target/bg-jobs/sbt_ec168a1a/target/ec0caa91/1296d6b9/jmh-core-1.37.jar)
[info] WARNING: Please consider reporting this to the maintainers of class org.openjdk.jmh.util.Utils
[info] WARNING: sun.misc.Unsafe::objectFieldOffset will be removed in a future release
[info] # Warmup Iteration   1: 38,168 ops/s
[info] # Warmup Iteration   2: 44,415 ops/s
[info] # Warmup Iteration   3: 44,944 ops/s
[info] # Warmup Iteration   4: 45,178 ops/s
[info] # Warmup Iteration   5: 44,718 ops/s
[info] # Warmup Iteration   6: 44,928 ops/s
[info] # Warmup Iteration   7: 44,785 ops/s
[info] # Warmup Iteration   8: 45,120 ops/s
[info] # Warmup Iteration   9: 45,459 ops/s
[info] # Warmup Iteration  10: 45,293 ops/s
[info] Iteration   1: 45,492 ops/s
[info]                  client.cpu:         8,648 ms/batch
[info]                  gc.alloc.rate:      13,373 MB/sec
[info]                  gc.alloc.rate.norm: 308271,130 B/op
[info]                  gc.count:           ≈ 0 counts
[info] Iteration   2: 46,310 ops/s
[info]                  client.cpu:         9,649 ms/batch
[info]                  gc.alloc.rate:      13,578 MB/sec
[info]                  gc.alloc.rate.norm: 307470,809 B/op
[info]                  gc.count:           ≈ 0 counts
[info] Iteration   3: 58,503 ops/s
[info]                  client.cpu:         9,288 ms/batch
[info]                  gc.alloc.rate:      17,134 MB/sec
[info]                  gc.alloc.rate.norm: 307145,627 B/op
[info]                  gc.count:           ≈ 0 counts
[info] Iteration   4: 58,125 ops/s
[info]                  client.cpu:         10,376 ms/batch
[info]                  gc.alloc.rate:      17,006 MB/sec
[info]                  gc.alloc.rate.norm: 306830,508 B/op
[info]                  gc.count:           ≈ 0 counts
[info] Iteration   5: 58,193 ops/s
[info]                  client.cpu:         10,365 ms/batch
[info]                  gc.alloc.rate:      13,053 MB/sec
[info]                  gc.alloc.rate.norm: 308555,390 B/op
[info]                  gc.count:           ≈ 0 counts
[info] Result "bench.io.IoBench.requests":
[info]   81,856 ±(99.9%) 25,617 ops/s [Average]
[info]   (min, avg, max) = (45,492, 81,856, 128,728), stdev = 23,963
[info]   CI (99.9%): [56,238, 107,473] (assumes normal distribution)
[info] Secondary result "bench.io.IoBench.requests:client.cpu":
[info]   9,287 ±(99.9%) 0,638 ms/batch [Average]
[info]   (min, avg, max) = (8,324, 9,287, 10,376), stdev = 0,597
[info]   CI (99.9%): [8,649, 9,925] (assumes normal distribution)
[info] Secondary result "bench.io.IoBench.requests:gc.alloc.rate":
[info]   21,969 ±(99.9%) 6,263 MB/sec [Average]
[info]   (min, avg, max) = (13,053, 21,969, 31,665), stdev = 5,859
[info]   CI (99.9%): [15,706, 28,232] (assumes normal distribution)
[info] Secondary result "bench.io.IoBench.requests:gc.alloc.rate.norm":
[info]   299141,478 ±(99.9%) 7284,558 B/op [Average]
[info]   (min, avg, max) = (289805,169, 299141,478, 308555,390), stdev = 6813,980
[info]   CI (99.9%): [291856,921, 306426,036] (assumes normal distribution)
[info] Secondary result "bench.io.IoBench.requests:gc.count":
[info]   ≈ 0 counts
[info] # JMH version: 1.37
[info] # VM version: JDK 25.0.3, Java HotSpot(TM) 64-Bit Server VM, 25.0.3+9-LTS-195
[info] # VM invoker: /Users/stas/.sdkman/candidates/java/25.0.3-oracle/bin/java
[info] # VM options: --add-opens=java.base/java.lang=ALL-UNNAMED -Xms2g -Xmx2g -XX:+UseG1GC --add-opens=java.base/java.lang=ALL-UNNAMED -Xms2g -Xmx2g -XX:+UseG1GC
[info] # Blackhole mode: compiler (auto-detected, use -Djmh.blackhole.autoDetect=false to disable)
[info] # Warmup: 10 iterations, 1 s each
[info] # Measurement: 5 iterations, 1 s each
[info] # Timeout: 10 min per iteration
[info] # Threads: 1 thread, will synchronize iterations
[info] # Benchmark mode: Sampling time
[info] # Benchmark: bench.io.IoBench.requests
[info] # Parameters: (delayMicros = 1000, parallelism = 64, runtime = ceVirtual, size = 256, transport = blocking)
[info] # Run progress: 50,00% complete, ETA 00:02:06
[info] # Fork: 1 of 3
[info] WARNING: A terminally deprecated method in sun.misc.Unsafe has been called
[info] WARNING: sun.misc.Unsafe::objectFieldOffset has been called by org.openjdk.jmh.util.Utils (file:/Users/stas/projects/scala-effect-bench/target/bg-jobs/sbt_ec168a1a/target/ec0caa91/1296d6b9/jmh-core-1.37.jar)
[info] WARNING: Please consider reporting this to the maintainers of class org.openjdk.jmh.util.Utils
[info] WARNING: sun.misc.Unsafe::objectFieldOffset will be removed in a future release
[info] # Warmup Iteration   1: 0,008 ±(99.9%) 0,005 s/op
[info] # Warmup Iteration   2: 0,007 ±(99.9%) 0,001 s/op
[info] # Warmup Iteration   3: 0,008 ±(99.9%) 0,001 s/op
[info] # Warmup Iteration   4: 0,008 ±(99.9%) 0,001 s/op
[info] # Warmup Iteration   5: 0,007 ±(99.9%) 0,001 s/op
[info] # Warmup Iteration   6: 0,008 ±(99.9%) 0,001 s/op
[info] # Warmup Iteration   7: 0,008 ±(99.9%) 0,001 s/op
[info] # Warmup Iteration   8: 0,008 ±(99.9%) 0,001 s/op
[info] # Warmup Iteration   9: 0,008 ±(99.9%) 0,001 s/op
[info] # Warmup Iteration  10: 0,007 ±(99.9%) 0,001 s/op
[info] Iteration   1: 0,008 ±(99.9%) 0,001 s/op
[info]                  client.cpu:         14,344 ms/batch
[info]                  gc.alloc.rate:      59,530 MB/sec
[info]                  gc.alloc.rate.norm: 473669,091 B/op
[info]                  gc.count:           ≈ 0 counts
[info]                  p0.00:              0,006 s/op
[info]                  p0.50:              0,008 s/op
[info]                  p0.90:              0,009 s/op
[info]                  p0.95:              0,009 s/op
[info]                  p0.99:              0,009 s/op
[info]                  p0.999:             0,009 s/op
[info]                  p0.9999:            0,009 s/op
[info]                  p1.00:              0,009 s/op
[info] Iteration   2: 0,007 ±(99.9%) 0,001 s/op
[info]                  client.cpu:         14,032 ms/batch
[info]                  gc.alloc.rate:      60,628 MB/sec
[info]                  gc.alloc.rate.norm: 473528,237 B/op
[info]                  gc.count:           1,000 counts
[info]                  gc.time:            2,000 ms
[info]                  p0.00:              0,006 s/op
[info]                  p0.50:              0,007 s/op
[info]                  p0.90:              0,008 s/op
[info]                  p0.95:              0,009 s/op
[info]                  p0.99:              0,010 s/op
[info]                  p0.999:             0,010 s/op
[info]                  p0.9999:            0,010 s/op
[info]                  p1.00:              0,010 s/op
[info] Iteration   3: 0,007 ±(99.9%) 0,001 s/op
[info]                  client.cpu:         14,230 ms/batch
[info]                  gc.alloc.rate:      60,260 MB/sec
[info]                  gc.alloc.rate.norm: 473314,090 B/op
[info]                  gc.count:           ≈ 0 counts
[info]                  p0.00:              0,006 s/op
[info]                  p0.50:              0,008 s/op
[info]                  p0.90:              0,008 s/op
[info]                  p0.95:              0,009 s/op
[info]                  p0.99:              0,009 s/op
[info]                  p0.999:             0,009 s/op
[info]                  p0.9999:            0,009 s/op
[info]                  p1.00:              0,009 s/op
[info] Iteration   4: 0,007 ±(99.9%) 0,001 s/op
[info]                  client.cpu:         13,980 ms/batch
[info]                  gc.alloc.rate:      60,435 MB/sec
[info]                  gc.alloc.rate.norm: 473316,148 B/op
[info]                  gc.count:           ≈ 0 counts
[info]                  p0.00:              0,006 s/op
[info]                  p0.50:              0,008 s/op
[info]                  p0.90:              0,008 s/op
[info]                  p0.95:              0,009 s/op
[info]                  p0.99:              0,009 s/op
[info]                  p0.999:             0,009 s/op
[info]                  p0.9999:            0,009 s/op
[info]                  p1.00:              0,009 s/op
[info] Iteration   5: 0,008 ±(99.9%) 0,001 s/op
[info]                  client.cpu:         14,164 ms/batch
[info]                  gc.alloc.rate:      44,234 MB/sec
[info]                  gc.alloc.rate.norm: 474203,692 B/op
[info]                  gc.count:           ≈ 0 counts
[info]                  p0.00:              0,007 s/op
[info]                  p0.50:              0,008 s/op
[info]                  p0.90:              0,008 s/op
[info]                  p0.95:              0,009 s/op
[info]                  p0.99:              0,009 s/op
[info]                  p0.999:             0,009 s/op
[info]                  p0.9999:            0,009 s/op
[info]                  p1.00:              0,009 s/op
[info] # Run progress: 58,33% complete, ETA 00:01:45
[info] # Fork: 2 of 3
[info] WARNING: A terminally deprecated method in sun.misc.Unsafe has been called
[info] WARNING: sun.misc.Unsafe::objectFieldOffset has been called by org.openjdk.jmh.util.Utils (file:/Users/stas/projects/scala-effect-bench/target/bg-jobs/sbt_ec168a1a/target/ec0caa91/1296d6b9/jmh-core-1.37.jar)
[info] WARNING: Please consider reporting this to the maintainers of class org.openjdk.jmh.util.Utils
[info] WARNING: sun.misc.Unsafe::objectFieldOffset will be removed in a future release
[info] # Warmup Iteration   1: 0,008 ±(99.9%) 0,005 s/op
[info] # Warmup Iteration   2: 0,007 ±(99.9%) 0,001 s/op
[info] # Warmup Iteration   3: 0,008 ±(99.9%) 0,001 s/op
[info] # Warmup Iteration   4: 0,007 ±(99.9%) 0,001 s/op
[info] # Warmup Iteration   5: 0,007 ±(99.9%) 0,001 s/op
[info] # Warmup Iteration   6: 0,008 ±(99.9%) 0,001 s/op
[info] # Warmup Iteration   7: 0,007 ±(99.9%) 0,001 s/op
[info] # Warmup Iteration   8: 0,008 ±(99.9%) 0,001 s/op
[info] # Warmup Iteration   9: 0,008 ±(99.9%) 0,001 s/op
[info] # Warmup Iteration  10: 0,008 ±(99.9%) 0,001 s/op
[info] Iteration   1: 0,008 ±(99.9%) 0,001 s/op
[info]                  client.cpu:         14,366 ms/batch
[info]                  gc.alloc.rate:      58,120 MB/sec
[info]                  gc.alloc.rate.norm: 473366,277 B/op
[info]                  gc.count:           ≈ 0 counts
[info]                  p0.00:              0,006 s/op
[info]                  p0.50:              0,008 s/op
[info]                  p0.90:              0,008 s/op
[info]                  p0.95:              0,009 s/op
[info]                  p0.99:              0,009 s/op
[info]                  p0.999:             0,009 s/op
[info]                  p0.9999:            0,009 s/op
[info]                  p1.00:              0,009 s/op
[info] Iteration   2: 0,007 ±(99.9%) 0,001 s/op
[info]                  client.cpu:         12,355 ms/batch
[info]                  gc.alloc.rate:      64,260 MB/sec
[info]                  gc.alloc.rate.norm: 473054,825 B/op
[info]                  gc.count:           ≈ 0 counts
[info]                  p0.00:              0,006 s/op
[info]                  p0.50:              0,007 s/op
[info]                  p0.90:              0,008 s/op
[info]                  p0.95:              0,008 s/op
[info]                  p0.99:              0,009 s/op
[info]                  p0.999:             0,009 s/op
[info]                  p0.9999:            0,009 s/op
[info]                  p1.00:              0,009 s/op
[info] Iteration   3: 0,009 ±(99.9%) 0,001 s/op
[info]                  client.cpu:         9,663 ms/batch
[info]                  gc.alloc.rate:      52,514 MB/sec
[info]                  gc.alloc.rate.norm: 472803,077 B/op
[info]                  gc.count:           1,000 counts
[info]                  gc.time:            6,000 ms
[info]                  p0.00:              0,006 s/op
[info]                  p0.50:              0,008 s/op
[info]                  p0.90:              0,011 s/op
[info]                  p0.95:              0,012 s/op
[info]                  p0.99:              0,017 s/op
[info]                  p0.999:             0,017 s/op
[info]                  p0.9999:            0,017 s/op
[info]                  p1.00:              0,017 s/op
[info] Iteration   4: 0,007 ±(99.9%) 0,001 s/op
[info]                  client.cpu:         13,313 ms/batch
[info]                  gc.alloc.rate:      60,920 MB/sec
[info]                  gc.alloc.rate.norm: 472929,235 B/op
[info]                  gc.count:           ≈ 0 counts
[info]                  p0.00:              0,006 s/op
[info]                  p0.50:              0,007 s/op
[info]                  p0.90:              0,008 s/op
[info]                  p0.95:              0,008 s/op
[info]                  p0.99:              0,009 s/op
[info]                  p0.999:             0,009 s/op
[info]                  p0.9999:            0,009 s/op
[info]                  p1.00:              0,009 s/op
[info] Iteration   5: 0,008 ±(99.9%) 0,001 s/op
[info]                  client.cpu:         13,394 ms/batch
[info]                  gc.alloc.rate:      45,387 MB/sec
[info]                  gc.alloc.rate.norm: 473533,075 B/op
[info]                  gc.count:           ≈ 0 counts
[info]                  p0.00:              0,006 s/op
[info]                  p0.50:              0,008 s/op
[info]                  p0.90:              0,008 s/op
[info]                  p0.95:              0,008 s/op
[info]                  p0.99:              0,009 s/op
[info]                  p0.999:             0,009 s/op
[info]                  p0.9999:            0,009 s/op
[info]                  p1.00:              0,009 s/op
[info] # Run progress: 66,67% complete, ETA 00:01:24
[info] # Fork: 3 of 3
[info] WARNING: A terminally deprecated method in sun.misc.Unsafe has been called
[info] WARNING: sun.misc.Unsafe::objectFieldOffset has been called by org.openjdk.jmh.util.Utils (file:/Users/stas/projects/scala-effect-bench/target/bg-jobs/sbt_ec168a1a/target/ec0caa91/1296d6b9/jmh-core-1.37.jar)
[info] WARNING: Please consider reporting this to the maintainers of class org.openjdk.jmh.util.Utils
[info] WARNING: sun.misc.Unsafe::objectFieldOffset will be removed in a future release
[info] # Warmup Iteration   1: 0,008 ±(99.9%) 0,005 s/op
[info] # Warmup Iteration   2: 0,008 ±(99.9%) 0,001 s/op
[info] # Warmup Iteration   3: 0,008 ±(99.9%) 0,001 s/op
[info] # Warmup Iteration   4: 0,008 ±(99.9%) 0,001 s/op
[info] # Warmup Iteration   5: 0,008 ±(99.9%) 0,001 s/op
[info] # Warmup Iteration   6: 0,007 ±(99.9%) 0,001 s/op
[info] # Warmup Iteration   7: 0,008 ±(99.9%) 0,001 s/op
[info] # Warmup Iteration   8: 0,008 ±(99.9%) 0,001 s/op
[info] # Warmup Iteration   9: 0,008 ±(99.9%) 0,001 s/op
[info] # Warmup Iteration  10: 0,008 ±(99.9%) 0,001 s/op
[info] Iteration   1: 0,008 ±(99.9%) 0,001 s/op
[info]                  client.cpu:         14,475 ms/batch
[info]                  gc.alloc.rate:      57,759 MB/sec
[info]                  gc.alloc.rate.norm: 476915,063 B/op
[info]                  gc.count:           ≈ 0 counts
[info]                  p0.00:              0,006 s/op
[info]                  p0.50:              0,008 s/op
[info]                  p0.90:              0,009 s/op
[info]                  p0.95:              0,009 s/op
[info]                  p0.99:              0,009 s/op
[info]                  p0.999:             0,009 s/op
[info]                  p0.9999:            0,009 s/op
[info]                  p1.00:              0,009 s/op
[info] Iteration   2: 0,007 ±(99.9%) 0,001 s/op
[info]                  client.cpu:         12,393 ms/batch
[info]                  gc.alloc.rate:      64,205 MB/sec
[info]                  gc.alloc.rate.norm: 477036,845 B/op
[info]                  gc.count:           1,000 counts
[info]                  gc.time:            2,000 ms
[info]                  p0.00:              0,006 s/op
[info]                  p0.50:              0,007 s/op
[info]                  p0.90:              0,008 s/op
[info]                  p0.95:              0,009 s/op
[info]                  p0.99:              0,009 s/op
[info]                  p0.999:             0,010 s/op
[info]                  p0.9999:            0,010 s/op
[info]                  p1.00:              0,010 s/op
[info] Iteration   3: 0,008 ±(99.9%) 0,001 s/op
[info]                  client.cpu:         14,116 ms/batch
[info]                  gc.alloc.rate:      58,863 MB/sec
[info]                  gc.alloc.rate.norm: 476959,446 B/op
[info]                  gc.count:           ≈ 0 counts
[info]                  p0.00:              0,006 s/op
[info]                  p0.50:              0,008 s/op
[info]                  p0.90:              0,008 s/op
[info]                  p0.95:              0,009 s/op
[info]                  p0.99:              0,009 s/op
[info]                  p0.999:             0,009 s/op
[info]                  p0.9999:            0,009 s/op
[info]                  p1.00:              0,009 s/op
[info] Iteration   4: 0,007 ±(99.9%) 0,001 s/op
[info]                  client.cpu:         13,268 ms/batch
[info]                  gc.alloc.rate:      63,148 MB/sec
[info]                  gc.alloc.rate.norm: 477066,187 B/op
[info]                  gc.count:           ≈ 0 counts
[info]                  p0.00:              0,006 s/op
[info]                  p0.50:              0,007 s/op
[info]                  p0.90:              0,008 s/op
[info]                  p0.95:              0,009 s/op
[info]                  p0.99:              0,009 s/op
[info]                  p0.999:             0,009 s/op
[info]                  p0.9999:            0,009 s/op
[info]                  p1.00:              0,009 s/op
[info] Iteration   5: 0,007 ±(99.9%) 0,001 s/op
[info]                  client.cpu:         12,869 ms/batch
[info]                  gc.alloc.rate:      47,115 MB/sec
[info]                  gc.alloc.rate.norm: 477507,768 B/op
[info]                  gc.count:           ≈ 0 counts
[info]                  p0.00:              0,006 s/op
[info]                  p0.50:              0,007 s/op
[info]                  p0.90:              0,008 s/op
[info]                  p0.95:              0,009 s/op
[info]                  p0.99:              0,009 s/op
[info]                  p0.999:             0,009 s/op
[info]                  p0.9999:            0,009 s/op
[info]                  p1.00:              0,009 s/op
[info] Result "bench.io.IoBench.requests":
[info]   N = 2003
[info]   mean =      0,008 ±(99.9%) 0,001 s/op
[info]   Histogram, s/op:
[info]     [0,000, 0,001) = 0 
[info]     [0,001, 0,003) = 0 
[info]     [0,003, 0,004) = 0 
[info]     [0,004, 0,005) = 0 
[info]     [0,005, 0,006) = 83 
[info]     [0,006, 0,008) = 860 
[info]     [0,008, 0,009) = 1011 
[info]     [0,009, 0,010) = 25 
[info]     [0,010, 0,011) = 16 
[info]     [0,011, 0,013) = 4 
[info]     [0,013, 0,014) = 1 
[info]     [0,014, 0,015) = 1 
[info]     [0,015, 0,016) = 1 
[info]     [0,016, 0,018) = 1 
[info]     [0,018, 0,019) = 0 
[info]   Percentiles, s/op:
[info]       p(0,0000) =      0,006 s/op
[info]      p(50,0000) =      0,008 s/op
[info]      p(90,0000) =      0,008 s/op
[info]      p(95,0000) =      0,009 s/op
[info]      p(99,0000) =      0,010 s/op
[info]      p(99,9000) =      0,016 s/op
[info]      p(99,9900) =      0,017 s/op
[info]      p(99,9990) =      0,017 s/op
[info]      p(99,9999) =      0,017 s/op
[info]     p(100,0000) =      0,017 s/op
[info] Secondary result "bench.io.IoBench.requests:client.cpu":
[info]   13,397 ±(99.9%) 1,337 ms/batch [Average]
[info]   (min, avg, max) = (9,663, 13,397, 14,475), stdev = 1,250
[info]   CI (99.9%): [12,061, 14,734] (assumes normal distribution)
[info] Secondary result "bench.io.IoBench.requests:gc.alloc.rate":
[info]   57,159 ±(99.9%) 7,116 MB/sec [Average]
[info]   (min, avg, max) = (44,234, 57,159, 64,260), stdev = 6,657
[info]   CI (99.9%): [50,042, 64,275] (assumes normal distribution)
[info] Secondary result "bench.io.IoBench.requests:gc.alloc.rate.norm":
[info]   474613,537 ±(99.9%) 1978,313 B/op [Average]
[info]   (min, avg, max) = (472803,077, 474613,537, 477507,768), stdev = 1850,515
[info]   CI (99.9%): [472635,224, 476591,850] (assumes normal distribution)
[info] Secondary result "bench.io.IoBench.requests:gc.count":
[info]   3,000 ±(99.9%) 0,001 counts [Sum]
[info]   (min, avg, max) = (≈ 0, 0,200, 1,000), stdev = 0,414
[info]   CI (99.9%): [3,000, 3,000] (assumes normal distribution)
[info] Secondary result "bench.io.IoBench.requests:gc.time":
[info]   10,000 ±(99.9%) 0,001 ms [Sum]
[info]   (min, avg, max) = (≈ 0, 0,667, 6,000), stdev = 1,633
[info]   CI (99.9%): [10,000, 10,000] (assumes normal distribution)
[info] # JMH version: 1.37
[info] # VM version: JDK 25.0.3, Java HotSpot(TM) 64-Bit Server VM, 25.0.3+9-LTS-195
[info] # VM invoker: /Users/stas/.sdkman/candidates/java/25.0.3-oracle/bin/java
[info] # VM options: --add-opens=java.base/java.lang=ALL-UNNAMED -Xms2g -Xmx2g -XX:+UseG1GC --add-opens=java.base/java.lang=ALL-UNNAMED -Xms2g -Xmx2g -XX:+UseG1GC
[info] # Blackhole mode: compiler (auto-detected, use -Djmh.blackhole.autoDetect=false to disable)
[info] # Warmup: 10 iterations, 1 s each
[info] # Measurement: 5 iterations, 1 s each
[info] # Timeout: 10 min per iteration
[info] # Threads: 1 thread, will synchronize iterations
[info] # Benchmark mode: Sampling time
[info] # Benchmark: bench.io.IoBench.requests
[info] # Parameters: (delayMicros = 1000, parallelism = 64, runtime = kyoFlush, size = 256, transport = blocking)
[info] # Run progress: 75,00% complete, ETA 00:01:03
[info] # Fork: 1 of 3
[info] WARNING: A terminally deprecated method in sun.misc.Unsafe has been called
[info] WARNING: sun.misc.Unsafe::objectFieldOffset has been called by org.openjdk.jmh.util.Utils (file:/Users/stas/projects/scala-effect-bench/target/bg-jobs/sbt_ec168a1a/target/ec0caa91/1296d6b9/jmh-core-1.37.jar)
[info] WARNING: Please consider reporting this to the maintainers of class org.openjdk.jmh.util.Utils
[info] WARNING: sun.misc.Unsafe::objectFieldOffset will be removed in a future release
[info] # Warmup Iteration   1: 0,027 ±(99.9%) 0,014 s/op
[info] # Warmup Iteration   2: 0,023 ±(99.9%) 0,001 s/op
[info] # Warmup Iteration   3: 0,023 ±(99.9%) 0,001 s/op
[info] # Warmup Iteration   4: 0,023 ±(99.9%) 0,001 s/op
[info] # Warmup Iteration   5: 0,020 ±(99.9%) 0,001 s/op
[info] # Warmup Iteration   6: 0,017 ±(99.9%) 0,001 s/op
[info] # Warmup Iteration   7: 0,017 ±(99.9%) 0,001 s/op
[info] # Warmup Iteration   8: 0,014 ±(99.9%) 0,001 s/op
[info] # Warmup Iteration   9: 0,012 ±(99.9%) 0,001 s/op
[info] # Warmup Iteration  10: 0,012 ±(99.9%) 0,001 s/op
[info] Iteration   1: 0,012 ±(99.9%) 0,001 s/op
[info]                  client.cpu:         9,646 ms/batch
[info]                  gc.alloc.rate:      25,008 MB/sec
[info]                  gc.alloc.rate.norm: 303604,782 B/op
[info]                  gc.count:           ≈ 0 counts
[info]                  p0.00:              0,010 s/op
[info]                  p0.50:              0,011 s/op
[info]                  p0.90:              0,013 s/op
[info]                  p0.95:              0,013 s/op
[info]                  p0.99:              0,018 s/op
[info]                  p0.999:             0,018 s/op
[info]                  p0.9999:            0,018 s/op
[info]                  p1.00:              0,018 s/op
[info] Iteration   2: 0,011 ±(99.9%) 0,001 s/op
[info]                  client.cpu:         9,496 ms/batch
[info]                  gc.alloc.rate:      25,077 MB/sec
[info]                  gc.alloc.rate.norm: 299996,818 B/op
[info]                  gc.count:           ≈ 0 counts
[info]                  p0.00:              0,010 s/op
[info]                  p0.50:              0,011 s/op
[info]                  p0.90:              0,012 s/op
[info]                  p0.95:              0,013 s/op
[info]                  p0.99:              0,013 s/op
[info]                  p0.999:             0,013 s/op
[info]                  p0.9999:            0,013 s/op
[info]                  p1.00:              0,013 s/op
[info] Iteration   3: 0,011 ±(99.9%) 0,001 s/op
[info]                  client.cpu:         9,080 ms/batch
[info]                  gc.alloc.rate:      25,019 MB/sec
[info]                  gc.alloc.rate.norm: 299648,270 B/op
[info]                  gc.count:           ≈ 0 counts
[info]                  p0.00:              0,010 s/op
[info]                  p0.50:              0,011 s/op
[info]                  p0.90:              0,012 s/op
[info]                  p0.95:              0,013 s/op
[info]                  p0.99:              0,013 s/op
[info]                  p0.999:             0,013 s/op
[info]                  p0.9999:            0,013 s/op
[info]                  p1.00:              0,013 s/op
[info] Iteration   4: 0,011 ±(99.9%) 0,001 s/op
[info]                  client.cpu:         8,530 ms/batch
[info]                  gc.alloc.rate:      25,147 MB/sec
[info]                  gc.alloc.rate.norm: 299642,517 B/op
[info]                  gc.count:           ≈ 0 counts
[info]                  p0.00:              0,010 s/op
[info]                  p0.50:              0,011 s/op
[info]                  p0.90:              0,012 s/op
[info]                  p0.95:              0,013 s/op
[info]                  p0.99:              0,013 s/op
[info]                  p0.999:             0,013 s/op
[info]                  p0.9999:            0,013 s/op
[info]                  p1.00:              0,013 s/op
[info] Iteration   5: 0,011 ±(99.9%) 0,001 s/op
[info]                  client.cpu:         9,158 ms/batch
[info]                  gc.alloc.rate:      19,022 MB/sec
[info]                  gc.alloc.rate.norm: 300703,455 B/op
[info]                  gc.count:           ≈ 0 counts
[info]                  p0.00:              0,010 s/op
[info]                  p0.50:              0,011 s/op
[info]                  p0.90:              0,013 s/op
[info]                  p0.95:              0,013 s/op
[info]                  p0.99:              0,013 s/op
[info]                  p0.999:             0,013 s/op
[info]                  p0.9999:            0,013 s/op
[info]                  p1.00:              0,013 s/op
[info] # Run progress: 83,33% complete, ETA 00:00:42
[info] # Fork: 2 of 3
[info] WARNING: A terminally deprecated method in sun.misc.Unsafe has been called
[info] WARNING: sun.misc.Unsafe::objectFieldOffset has been called by org.openjdk.jmh.util.Utils (file:/Users/stas/projects/scala-effect-bench/target/bg-jobs/sbt_ec168a1a/target/ec0caa91/1296d6b9/jmh-core-1.37.jar)
[info] WARNING: Please consider reporting this to the maintainers of class org.openjdk.jmh.util.Utils
[info] WARNING: sun.misc.Unsafe::objectFieldOffset will be removed in a future release
[info] # Warmup Iteration   1: 0,029 ±(99.9%) 0,021 s/op
[info] # Warmup Iteration   2: 0,022 ±(99.9%) 0,001 s/op
[info] # Warmup Iteration   3: 0,022 ±(99.9%) 0,001 s/op
[info] # Warmup Iteration   4: 0,022 ±(99.9%) 0,001 s/op
[info] # Warmup Iteration   5: 0,019 ±(99.9%) 0,001 s/op
[info] # Warmup Iteration   6: 0,017 ±(99.9%) 0,001 s/op
[info] # Warmup Iteration   7: 0,017 ±(99.9%) 0,001 s/op
[info] # Warmup Iteration   8: 0,014 ±(99.9%) 0,001 s/op
[info] # Warmup Iteration   9: 0,012 ±(99.9%) 0,001 s/op
[info] # Warmup Iteration  10: 0,012 ±(99.9%) 0,001 s/op
[info] Iteration   1: 0,011 ±(99.9%) 0,001 s/op
[info]                  client.cpu:         8,904 ms/batch
[info]                  gc.alloc.rate:      25,684 MB/sec
[info]                  gc.alloc.rate.norm: 300452,089 B/op
[info]                  gc.count:           ≈ 0 counts
[info]                  p0.00:              0,010 s/op
[info]                  p0.50:              0,011 s/op
[info]                  p0.90:              0,012 s/op
[info]                  p0.95:              0,013 s/op
[info]                  p0.99:              0,013 s/op
[info]                  p0.999:             0,013 s/op
[info]                  p0.9999:            0,013 s/op
[info]                  p1.00:              0,013 s/op
[info] Iteration   2: 0,011 ±(99.9%) 0,001 s/op
[info]                  client.cpu:         9,343 ms/batch
[info]                  gc.alloc.rate:      25,632 MB/sec
[info]                  gc.alloc.rate.norm: 298796,220 B/op
[info]                  gc.count:           ≈ 0 counts
[info]                  p0.00:              0,010 s/op
[info]                  p0.50:              0,011 s/op
[info]                  p0.90:              0,012 s/op
[info]                  p0.95:              0,013 s/op
[info]                  p0.99:              0,013 s/op
[info]                  p0.999:             0,013 s/op
[info]                  p0.9999:            0,013 s/op
[info]                  p1.00:              0,013 s/op
[info] Iteration   3: 0,011 ±(99.9%) 0,001 s/op
[info]                  client.cpu:         9,330 ms/batch
[info]                  gc.alloc.rate:      26,324 MB/sec
[info]                  gc.alloc.rate.norm: 293085,053 B/op
[info]                  gc.count:           ≈ 0 counts
[info]                  p0.00:              0,010 s/op
[info]                  p0.50:              0,010 s/op
[info]                  p0.90:              0,012 s/op
[info]                  p0.95:              0,013 s/op
[info]                  p0.99:              0,013 s/op
[info]                  p0.999:             0,013 s/op
[info]                  p0.9999:            0,013 s/op
[info]                  p1.00:              0,013 s/op
[info] Iteration   4: 0,010 ±(99.9%) 0,001 s/op
[info]                  client.cpu:         8,863 ms/batch
[info]                  gc.alloc.rate:      26,564 MB/sec
[info]                  gc.alloc.rate.norm: 292667,250 B/op
[info]                  gc.count:           ≈ 0 counts
[info]                  p0.00:              0,009 s/op
[info]                  p0.50:              0,010 s/op
[info]                  p0.90:              0,011 s/op
[info]                  p0.95:              0,012 s/op
[info]                  p0.99:              0,013 s/op
[info]                  p0.999:             0,013 s/op
[info]                  p0.9999:            0,013 s/op
[info]                  p1.00:              0,013 s/op
[info] Iteration   5: 0,011 ±(99.9%) 0,001 s/op
[info]                  client.cpu:         9,675 ms/batch
[info]                  gc.alloc.rate:      20,271 MB/sec
[info]                  gc.alloc.rate.norm: 293923,750 B/op
[info]                  gc.count:           ≈ 0 counts
[info]                  p0.00:              0,008 s/op
[info]                  p0.50:              0,010 s/op
[info]                  p0.90:              0,012 s/op
[info]                  p0.95:              0,012 s/op
[info]                  p0.99:              0,013 s/op
[info]                  p0.999:             0,013 s/op
[info]                  p0.9999:            0,013 s/op
[info]                  p1.00:              0,013 s/op
[info] # Run progress: 91,67% complete, ETA 00:00:21
[info] # Fork: 3 of 3
[info] WARNING: A terminally deprecated method in sun.misc.Unsafe has been called
[info] WARNING: sun.misc.Unsafe::objectFieldOffset has been called by org.openjdk.jmh.util.Utils (file:/Users/stas/projects/scala-effect-bench/target/bg-jobs/sbt_ec168a1a/target/ec0caa91/1296d6b9/jmh-core-1.37.jar)
[info] WARNING: Please consider reporting this to the maintainers of class org.openjdk.jmh.util.Utils
[info] WARNING: sun.misc.Unsafe::objectFieldOffset will be removed in a future release
[info] # Warmup Iteration   1: 0,030 ±(99.9%) 0,024 s/op
[info] # Warmup Iteration   2: 0,023 ±(99.9%) 0,001 s/op
[info] # Warmup Iteration   3: 0,022 ±(99.9%) 0,001 s/op
[info] # Warmup Iteration   4: 0,022 ±(99.9%) 0,001 s/op
[info] # Warmup Iteration   5: 0,019 ±(99.9%) 0,001 s/op
[info] # Warmup Iteration   6: 0,017 ±(99.9%) 0,001 s/op
[info] # Warmup Iteration   7: 0,017 ±(99.9%) 0,001 s/op
[info] # Warmup Iteration   8: 0,014 ±(99.9%) 0,001 s/op
[info] # Warmup Iteration   9: 0,012 ±(99.9%) 0,001 s/op
[info] # Warmup Iteration  10: 0,012 ±(99.9%) 0,001 s/op
[info] Iteration   1: 0,011 ±(99.9%) 0,001 s/op
[info]                  client.cpu:         8,769 ms/batch
[info]                  gc.alloc.rate:      25,173 MB/sec
[info]                  gc.alloc.rate.norm: 300475,506 B/op
[info]                  gc.count:           ≈ 0 counts
[info]                  p0.00:              0,010 s/op
[info]                  p0.50:              0,011 s/op
[info]                  p0.90:              0,012 s/op
[info]                  p0.95:              0,013 s/op
[info]                  p0.99:              0,013 s/op
[info]                  p0.999:             0,013 s/op
[info]                  p0.9999:            0,013 s/op
[info]                  p1.00:              0,013 s/op
[info] Iteration   2: 0,011 ±(99.9%) 0,001 s/op
[info]                  client.cpu:         9,111 ms/batch
[info]                  gc.alloc.rate:      25,535 MB/sec
[info]                  gc.alloc.rate.norm: 298931,516 B/op
[info]                  gc.count:           ≈ 0 counts
[info]                  p0.00:              0,010 s/op
[info]                  p0.50:              0,011 s/op
[info]                  p0.90:              0,012 s/op
[info]                  p0.95:              0,013 s/op
[info]                  p0.99:              0,013 s/op
[info]                  p0.999:             0,013 s/op
[info]                  p0.9999:            0,013 s/op
[info]                  p1.00:              0,013 s/op
[info] Iteration   3: 0,011 ±(99.9%) 0,001 s/op
[info]                  client.cpu:         9,725 ms/batch
[info]                  gc.alloc.rate:      25,929 MB/sec
[info]                  gc.alloc.rate.norm: 293126,538 B/op
[info]                  gc.count:           ≈ 0 counts
[info]                  p0.00:              0,010 s/op
[info]                  p0.50:              0,010 s/op
[info]                  p0.90:              0,012 s/op
[info]                  p0.95:              0,013 s/op
[info]                  p0.99:              0,013 s/op
[info]                  p0.999:             0,013 s/op
[info]                  p0.9999:            0,013 s/op
[info]                  p1.00:              0,013 s/op
[info] Iteration   4: 0,008 ±(99.9%) 0,001 s/op
[info]                  client.cpu:         8,157 ms/batch
[info]                  gc.alloc.rate:      32,963 MB/sec
[info]                  gc.alloc.rate.norm: 292499,630 B/op
[info]                  gc.count:           ≈ 0 counts
[info]                  p0.00:              0,006 s/op
[info]                  p0.50:              0,008 s/op
[info]                  p0.90:              0,010 s/op
[info]                  p0.95:              0,011 s/op
[info]                  p0.99:              0,012 s/op
[info]                  p0.999:             0,012 s/op
[info]                  p0.9999:            0,012 s/op
[info]                  p1.00:              0,012 s/op
[info] Iteration   5: 0,008 ±(99.9%) 0,001 s/op
[info]                  client.cpu:         8,931 ms/batch
[info]                  gc.alloc.rate:      27,911 MB/sec
[info]                  gc.alloc.rate.norm: 292219,333 B/op
[info]                  gc.count:           ≈ 0 counts
[info]                  p0.00:              0,006 s/op
[info]                  p0.50:              0,008 s/op
[info]                  p0.90:              0,009 s/op
[info]                  p0.95:              0,009 s/op
[info]                  p0.99:              0,011 s/op
[info]                  p0.999:             0,011 s/op
[info]                  p0.9999:            0,011 s/op
[info]                  p1.00:              0,011 s/op
[info] Result "bench.io.IoBench.requests":
[info]   N = 1433
[info]   mean =      0,011 ±(99.9%) 0,001 s/op
[info]   Histogram, s/op:
[info]     [0,000, 0,001) = 0 
[info]     [0,001, 0,003) = 0 
[info]     [0,003, 0,004) = 0 
[info]     [0,004, 0,005) = 0 
[info]     [0,005, 0,006) = 6 
[info]     [0,006, 0,008) = 96 
[info]     [0,008, 0,009) = 84 
[info]     [0,009, 0,010) = 124 
[info]     [0,010, 0,011) = 669 
[info]     [0,011, 0,013) = 376 
[info]     [0,013, 0,014) = 75 
[info]     [0,014, 0,015) = 1 
[info]     [0,015, 0,016) = 0 
[info]     [0,016, 0,018) = 0 
[info]     [0,018, 0,019) = 2 
[info]   Percentiles, s/op:
[info]       p(0,0000) =      0,006 s/op
[info]      p(50,0000) =      0,011 s/op
[info]      p(90,0000) =      0,012 s/op
[info]      p(95,0000) =      0,013 s/op
[info]      p(99,0000) =      0,013 s/op
[info]      p(99,9000) =      0,018 s/op
[info]      p(99,9900) =      0,018 s/op
[info]      p(99,9990) =      0,018 s/op
[info]      p(99,9999) =      0,018 s/op
[info]     p(100,0000) =      0,018 s/op
[info] Secondary result "bench.io.IoBench.requests:client.cpu":
[info]   9,115 ±(99.9%) 0,473 ms/batch [Average]
[info]   (min, avg, max) = (8,157, 9,115, 9,725), stdev = 0,442
[info]   CI (99.9%): [8,642, 9,587] (assumes normal distribution)
[info] Secondary result "bench.io.IoBench.requests:gc.alloc.rate":
[info]   25,417 ±(99.9%) 3,303 MB/sec [Average]
[info]   (min, avg, max) = (19,022, 25,417, 32,963), stdev = 3,090
[info]   CI (99.9%): [22,114, 28,720] (assumes normal distribution)
[info] Secondary result "bench.io.IoBench.requests:gc.alloc.rate.norm":
[info]   297318,182 ±(99.9%) 4154,480 B/op [Average]
[info]   (min, avg, max) = (292219,333, 297318,182, 303604,782), stdev = 3886,103
[info]   CI (99.9%): [293163,702, 301472,661] (assumes normal distribution)
[info] Secondary result "bench.io.IoBench.requests:gc.count":
[info]   ≈ 0 counts
[info] # Run complete. Total time: 00:04:12
[info] REMEMBER: The numbers below are just data. To gain reusable insights, you need to follow up on
[info] why the numbers are the way they are. Use profilers (see -prof, -lprof), design factorial
[info] experiments, perform baseline and negative tests that provide experimental control, make sure
[info] the benchmarking environment is safe on JVM/OS/HW level, ask for reviews from the domain experts.
[info] Do not assume the numbers tell you what you want them to tell.
[info] NOTE: Current JVM experimentally supports Compiler Blackholes, and they are in use. Please exercise
[info] extra caution when trusting the results, look into the generated code to check the benchmark still
[info] works, and factor in a small probability of new VM bugs. Additionally, while comparisons between
[info] different JVMs are already problematic, the performance difference caused by different Blackhole
[info] modes can be very significant. Please make sure you use the consistent Blackhole mode for comparisons.
[info] Benchmark                            (delayMicros)  (parallelism)  (runtime)  (size)  (transport)    Mode   Cnt       Score      Error     Units
[info] IoBench.requests                              1000             64  ceVirtual     256     blocking   thrpt    15     133,255 ±    4,906     ops/s
[info] IoBench.requests:client.cpu                   1000             64  ceVirtual     256     blocking   thrpt    15      13,479 ±    0,698  ms/batch
[info] IoBench.requests:gc.alloc.rate                1000             64  ceVirtual     256     blocking   thrpt    15      57,420 ±    6,850    MB/sec
[info] IoBench.requests:gc.alloc.rate.norm           1000             64  ceVirtual     256     blocking   thrpt    15  474881,807 ± 3087,779      B/op
[info] IoBench.requests:gc.count                     1000             64  ceVirtual     256     blocking   thrpt    15       3,000               counts
[info] IoBench.requests:gc.time                      1000             64  ceVirtual     256     blocking   thrpt    15       6,000                   ms
[info] IoBench.requests                              1000             64   kyoFlush     256     blocking   thrpt    15      81,856 ±   25,617     ops/s
[info] IoBench.requests:client.cpu                   1000             64   kyoFlush     256     blocking   thrpt    15       9,287 ±    0,638  ms/batch
[info] IoBench.requests:gc.alloc.rate                1000             64   kyoFlush     256     blocking   thrpt    15      21,969 ±    6,263    MB/sec
[info] IoBench.requests:gc.alloc.rate.norm           1000             64   kyoFlush     256     blocking   thrpt    15  299141,478 ± 7284,558      B/op
[info] IoBench.requests:gc.count                     1000             64   kyoFlush     256     blocking   thrpt    15         ≈ 0               counts
[info] IoBench.requests                              1000             64  ceVirtual     256     blocking  sample  2003       0,008 ±    0,001      s/op
[info] IoBench.requests:client.cpu                   1000             64  ceVirtual     256     blocking  sample    15      13,397 ±    1,337  ms/batch
[info] IoBench.requests:gc.alloc.rate                1000             64  ceVirtual     256     blocking  sample    15      57,159 ±    7,116    MB/sec
[info] IoBench.requests:gc.alloc.rate.norm           1000             64  ceVirtual     256     blocking  sample    15  474613,537 ± 1978,313      B/op
[info] IoBench.requests:gc.count                     1000             64  ceVirtual     256     blocking  sample    15       3,000               counts
[info] IoBench.requests:gc.time                      1000             64  ceVirtual     256     blocking  sample    15      10,000                   ms
[info] IoBench.requests:p0.00                        1000             64  ceVirtual     256     blocking  sample             0,006                 s/op
[info] IoBench.requests:p0.50                        1000             64  ceVirtual     256     blocking  sample             0,008                 s/op
[info] IoBench.requests:p0.90                        1000             64  ceVirtual     256     blocking  sample             0,008                 s/op
[info] IoBench.requests:p0.95                        1000             64  ceVirtual     256     blocking  sample             0,009                 s/op
[info] IoBench.requests:p0.99                        1000             64  ceVirtual     256     blocking  sample             0,010                 s/op
[info] IoBench.requests:p0.999                       1000             64  ceVirtual     256     blocking  sample             0,016                 s/op
[info] IoBench.requests:p0.9999                      1000             64  ceVirtual     256     blocking  sample             0,017                 s/op
[info] IoBench.requests:p1.00                        1000             64  ceVirtual     256     blocking  sample             0,017                 s/op
[info] IoBench.requests                              1000             64   kyoFlush     256     blocking  sample  1433       0,011 ±    0,001      s/op
[info] IoBench.requests:client.cpu                   1000             64   kyoFlush     256     blocking  sample    15       9,115 ±    0,473  ms/batch
[info] IoBench.requests:gc.alloc.rate                1000             64   kyoFlush     256     blocking  sample    15      25,417 ±    3,303    MB/sec
[info] IoBench.requests:gc.alloc.rate.norm           1000             64   kyoFlush     256     blocking  sample    15  297318,182 ± 4154,480      B/op
[info] IoBench.requests:gc.count                     1000             64   kyoFlush     256     blocking  sample    15         ≈ 0               counts
[info] IoBench.requests:p0.00                        1000             64   kyoFlush     256     blocking  sample             0,006                 s/op
[info] IoBench.requests:p0.50                        1000             64   kyoFlush     256     blocking  sample             0,011                 s/op
[info] IoBench.requests:p0.90                        1000             64   kyoFlush     256     blocking  sample             0,012                 s/op
[info] IoBench.requests:p0.95                        1000             64   kyoFlush     256     blocking  sample             0,013                 s/op
[info] IoBench.requests:p0.99                        1000             64   kyoFlush     256     blocking  sample             0,013                 s/op
[info] IoBench.requests:p0.999                       1000             64   kyoFlush     256     blocking  sample             0,018                 s/op
[info] IoBench.requests:p0.9999                      1000             64   kyoFlush     256     blocking  sample             0,018                 s/op
[info] IoBench.requests:p1.00                        1000             64   kyoFlush     256     blocking  sample             0,018                 s/op
[info] Benchmark result is saved to /Users/stas/projects/scala-effect-bench/results/four-io-measured/controls.json
[success] Total time: 253 s (0:04:13.0), completed 6 Sept 2026, 18:50:46
[info] running (fork) org.openjdk.jmh.Main -i 5 -wi 10 -f 3 -t 1 -r 1s -w 1s -foe true -prof gc -prof bench.io.ClientCpuProfiler -rf json -p size=256 -p delayMicros=1000 -rff /Users/stas/projects/scala-effect-bench/results/four-io-measured/kyo-tuned.json -p runtime=kyoTuned -p transport=blocking -p parallelism=64 -jvmArgsAppend "-Dkyo.scheduler.coreWorkers=64 -Dkyo.scheduler.maxWorkers=64 -Dkyo.scheduler.minWorkers=64 -Dkyo.scheduler.scheduleStride=64" .*bench.io.IoBench.requests
[error] WARNING: A terminally deprecated method in sun.misc.Unsafe has been called
[error] WARNING: sun.misc.Unsafe::objectFieldOffset has been called by org.openjdk.jmh.util.Utils (file:/Users/stas/projects/scala-effect-bench/target/bg-jobs/sbt_ec168a1a/target/ec0caa91/1296d6b9/jmh-core-1.37.jar)
[error] WARNING: Please consider reporting this to the maintainers of class org.openjdk.jmh.util.Utils
[error] WARNING: sun.misc.Unsafe::objectFieldOffset will be removed in a future release
[info] # JMH version: 1.37
[info] # VM version: JDK 25.0.3, Java HotSpot(TM) 64-Bit Server VM, 25.0.3+9-LTS-195
[info] # VM invoker: /Users/stas/.sdkman/candidates/java/25.0.3-oracle/bin/java
[info] # VM options: --add-opens=java.base/java.lang=ALL-UNNAMED -Xms2g -Xmx2g -XX:+UseG1GC --add-opens=java.base/java.lang=ALL-UNNAMED -Xms2g -Xmx2g -XX:+UseG1GC -Dkyo.scheduler.coreWorkers=64 -Dkyo.scheduler.maxWorkers=64 -Dkyo.scheduler.minWorkers=64 -Dkyo.scheduler.scheduleStride=64
[info] # Blackhole mode: compiler (auto-detected, use -Djmh.blackhole.autoDetect=false to disable)
[info] # Warmup: 10 iterations, 1 s each
[info] # Measurement: 5 iterations, 1 s each
[info] # Timeout: 10 min per iteration
[info] # Threads: 1 thread, will synchronize iterations
[info] # Benchmark mode: Throughput, ops/time
[info] # Benchmark: bench.io.IoBench.requests
[info] # Parameters: (delayMicros = 1000, parallelism = 64, runtime = kyoTuned, size = 256, transport = blocking)
[info] # Run progress: 0,00% complete, ETA 00:01:30
[info] # Fork: 1 of 3
[info] WARNING: A terminally deprecated method in sun.misc.Unsafe has been called
[info] WARNING: sun.misc.Unsafe::objectFieldOffset has been called by org.openjdk.jmh.util.Utils (file:/Users/stas/projects/scala-effect-bench/target/bg-jobs/sbt_ec168a1a/target/ec0caa91/1296d6b9/jmh-core-1.37.jar)
[info] WARNING: Please consider reporting this to the maintainers of class org.openjdk.jmh.util.Utils
[info] WARNING: sun.misc.Unsafe::objectFieldOffset will be removed in a future release
[info] # Warmup Iteration   1: 108,174 ops/s
[info] # Warmup Iteration   2: 146,554 ops/s
[info] # Warmup Iteration   3: 146,594 ops/s
[info] # Warmup Iteration   4: 148,087 ops/s
[info] # Warmup Iteration   5: 148,464 ops/s
[info] # Warmup Iteration   6: 146,526 ops/s
[info] # Warmup Iteration   7: 149,383 ops/s
[info] # Warmup Iteration   8: 152,383 ops/s
[info] # Warmup Iteration   9: 148,435 ops/s
[info] # Warmup Iteration  10: 145,766 ops/s
[info] Iteration   1: 147,791 ops/s
[info]                  client.cpu:         8,022 ms/batch
[info]                  gc.alloc.rate:      40,987 MB/sec
[info]                  gc.alloc.rate.norm: 290849,342 B/op
[info]                  gc.count:           ≈ 0 counts
[info] Iteration   2: 142,397 ops/s
[info]                  client.cpu:         9,396 ms/batch
[info]                  gc.alloc.rate:      39,491 MB/sec
[info]                  gc.alloc.rate.norm: 290845,147 B/op
[info]                  gc.count:           ≈ 0 counts
[info] Iteration   3: 144,181 ops/s
[info]                  client.cpu:         9,820 ms/batch
[info]                  gc.alloc.rate:      39,987 MB/sec
[info]                  gc.alloc.rate.norm: 290863,559 B/op
[info]                  gc.count:           ≈ 0 counts
[info] Iteration   4: 144,724 ops/s
[info]                  client.cpu:         8,751 ms/batch
[info]                  gc.alloc.rate:      40,141 MB/sec
[info]                  gc.alloc.rate.norm: 290873,821 B/op
[info]                  gc.count:           ≈ 0 counts
[info] Iteration   5: 149,738 ops/s
[info]                  client.cpu:         6,839 ms/batch
[info]                  gc.alloc.rate:      31,411 MB/sec
[info]                  gc.alloc.rate.norm: 291448,907 B/op
[info]                  gc.count:           ≈ 0 counts
[info] # Run progress: 16,67% complete, ETA 00:01:44
[info] # Fork: 2 of 3
[info] WARNING: A terminally deprecated method in sun.misc.Unsafe has been called
[info] WARNING: sun.misc.Unsafe::objectFieldOffset has been called by org.openjdk.jmh.util.Utils (file:/Users/stas/projects/scala-effect-bench/target/bg-jobs/sbt_ec168a1a/target/ec0caa91/1296d6b9/jmh-core-1.37.jar)
[info] WARNING: Please consider reporting this to the maintainers of class org.openjdk.jmh.util.Utils
[info] WARNING: sun.misc.Unsafe::objectFieldOffset will be removed in a future release
[info] # Warmup Iteration   1: 104,752 ops/s
[info] # Warmup Iteration   2: 144,068 ops/s
[info] # Warmup Iteration   3: 143,757 ops/s
[info] # Warmup Iteration   4: 145,651 ops/s
[info] # Warmup Iteration   5: 144,287 ops/s
[info] # Warmup Iteration   6: 145,787 ops/s
[info] # Warmup Iteration   7: 141,886 ops/s
[info] # Warmup Iteration   8: 148,256 ops/s
[info] # Warmup Iteration   9: 149,080 ops/s
[info] # Warmup Iteration  10: 144,568 ops/s
[info] Iteration   1: 144,836 ops/s
[info]                  client.cpu:         9,248 ms/batch
[info]                  gc.alloc.rate:      39,881 MB/sec
[info]                  gc.alloc.rate.norm: 288766,521 B/op
[info]                  gc.count:           ≈ 0 counts
[info] Iteration   2: 147,372 ops/s
[info]                  client.cpu:         8,066 ms/batch
[info]                  gc.alloc.rate:      40,577 MB/sec
[info]                  gc.alloc.rate.norm: 288753,027 B/op
[info]                  gc.count:           ≈ 0 counts
[info] Iteration   3: 142,958 ops/s
[info]                  client.cpu:         9,554 ms/batch
[info]                  gc.alloc.rate:      39,367 MB/sec
[info]                  gc.alloc.rate.norm: 288799,278 B/op
[info]                  gc.count:           ≈ 0 counts
[info] Iteration   4: 144,313 ops/s
[info]                  client.cpu:         9,600 ms/batch
[info]                  gc.alloc.rate:      39,744 MB/sec
[info]                  gc.alloc.rate.norm: 288813,407 B/op
[info]                  gc.count:           ≈ 0 counts
[info] Iteration   5: 146,273 ops/s
[info]                  client.cpu:         8,290 ms/batch
[info]                  gc.alloc.rate:      30,651 MB/sec
[info]                  gc.alloc.rate.norm: 289398,095 B/op
[info]                  gc.count:           ≈ 0 counts
[info] # Run progress: 33,33% complete, ETA 00:01:23
[info] # Fork: 3 of 3
[info] WARNING: A terminally deprecated method in sun.misc.Unsafe has been called
[info] WARNING: sun.misc.Unsafe::objectFieldOffset has been called by org.openjdk.jmh.util.Utils (file:/Users/stas/projects/scala-effect-bench/target/bg-jobs/sbt_ec168a1a/target/ec0caa91/1296d6b9/jmh-core-1.37.jar)
[info] WARNING: Please consider reporting this to the maintainers of class org.openjdk.jmh.util.Utils
[info] WARNING: sun.misc.Unsafe::objectFieldOffset will be removed in a future release
[info] # Warmup Iteration   1: 117,223 ops/s
[info] # Warmup Iteration   2: 143,614 ops/s
[info] # Warmup Iteration   3: 142,978 ops/s
[info] # Warmup Iteration   4: 141,190 ops/s
[info] # Warmup Iteration   5: 143,192 ops/s
[info] # Warmup Iteration   6: 142,998 ops/s
[info] # Warmup Iteration   7: 147,654 ops/s
[info] # Warmup Iteration   8: 145,854 ops/s
[info] # Warmup Iteration   9: 144,819 ops/s
[info] # Warmup Iteration  10: 146,872 ops/s
[info] Iteration   1: 145,193 ops/s
[info]                  client.cpu:         9,467 ms/batch
[info]                  gc.alloc.rate:      40,359 MB/sec
[info]                  gc.alloc.rate.norm: 291511,397 B/op
[info]                  gc.count:           ≈ 0 counts
[info] Iteration   2: 150,657 ops/s
[info]                  client.cpu:         7,954 ms/batch
[info]                  gc.alloc.rate:      41,872 MB/sec
[info]                  gc.alloc.rate.norm: 291470,781 B/op
[info]                  gc.count:           ≈ 0 counts
[info] Iteration   3: 143,595 ops/s
[info]                  client.cpu:         9,156 ms/batch
[info]                  gc.alloc.rate:      39,902 MB/sec
[info]                  gc.alloc.rate.norm: 291438,731 B/op
[info]                  gc.count:           ≈ 0 counts
[info] Iteration   4: 142,684 ops/s
[info]                  client.cpu:         10,108 ms/batch
[info]                  gc.alloc.rate:      39,657 MB/sec
[info]                  gc.alloc.rate.norm: 291478,056 B/op
[info]                  gc.count:           ≈ 0 counts
[info] Iteration   5: 136,639 ops/s
[info]                  client.cpu:         10,965 ms/batch
[info]                  gc.alloc.rate:      28,843 MB/sec
[info]                  gc.alloc.rate.norm: 292157,197 B/op
[info]                  gc.count:           ≈ 0 counts
[info] Result "bench.io.IoBench.requests":
[info]   144,890 ±(99.9%) 3,600 ops/s [Average]
[info]   (min, avg, max) = (136,639, 144,890, 150,657), stdev = 3,368
[info]   CI (99.9%): [141,290, 148,490] (assumes normal distribution)
[info] Secondary result "bench.io.IoBench.requests:client.cpu":
[info]   9,016 ±(99.9%) 1,108 ms/batch [Average]
[info]   (min, avg, max) = (6,839, 9,016, 10,965), stdev = 1,037
[info]   CI (99.9%): [7,908, 10,124] (assumes normal distribution)
[info] Secondary result "bench.io.IoBench.requests:gc.alloc.rate":
[info]   38,191 ±(99.9%) 4,448 MB/sec [Average]
[info]   (min, avg, max) = (28,843, 38,191, 41,872), stdev = 4,161
[info]   CI (99.9%): [33,743, 42,640] (assumes normal distribution)
[info] Secondary result "bench.io.IoBench.requests:gc.alloc.rate.norm":
[info]   290497,818 ±(99.9%) 1308,422 B/op [Average]
[info]   (min, avg, max) = (288753,027, 290497,818, 292157,197), stdev = 1223,899
[info]   CI (99.9%): [289189,395, 291806,240] (assumes normal distribution)
[info] Secondary result "bench.io.IoBench.requests:gc.count":
[info]   ≈ 0 counts
[info] # JMH version: 1.37
[info] # VM version: JDK 25.0.3, Java HotSpot(TM) 64-Bit Server VM, 25.0.3+9-LTS-195
[info] # VM invoker: /Users/stas/.sdkman/candidates/java/25.0.3-oracle/bin/java
[info] # VM options: --add-opens=java.base/java.lang=ALL-UNNAMED -Xms2g -Xmx2g -XX:+UseG1GC --add-opens=java.base/java.lang=ALL-UNNAMED -Xms2g -Xmx2g -XX:+UseG1GC -Dkyo.scheduler.coreWorkers=64 -Dkyo.scheduler.maxWorkers=64 -Dkyo.scheduler.minWorkers=64 -Dkyo.scheduler.scheduleStride=64
[info] # Blackhole mode: compiler (auto-detected, use -Djmh.blackhole.autoDetect=false to disable)
[info] # Warmup: 10 iterations, 1 s each
[info] # Measurement: 5 iterations, 1 s each
[info] # Timeout: 10 min per iteration
[info] # Threads: 1 thread, will synchronize iterations
[info] # Benchmark mode: Sampling time
[info] # Benchmark: bench.io.IoBench.requests
[info] # Parameters: (delayMicros = 1000, parallelism = 64, runtime = kyoTuned, size = 256, transport = blocking)
[info] # Run progress: 50,00% complete, ETA 00:01:02
[info] # Fork: 1 of 3
[info] WARNING: A terminally deprecated method in sun.misc.Unsafe has been called
[info] WARNING: sun.misc.Unsafe::objectFieldOffset has been called by org.openjdk.jmh.util.Utils (file:/Users/stas/projects/scala-effect-bench/target/bg-jobs/sbt_ec168a1a/target/ec0caa91/1296d6b9/jmh-core-1.37.jar)
[info] WARNING: Please consider reporting this to the maintainers of class org.openjdk.jmh.util.Utils
[info] WARNING: sun.misc.Unsafe::objectFieldOffset will be removed in a future release
[info] # Warmup Iteration   1: 0,009 ±(99.9%) 0,007 s/op
[info] # Warmup Iteration   2: 0,008 ±(99.9%) 0,001 s/op
[info] # Warmup Iteration   3: 0,007 ±(99.9%) 0,001 s/op
[info] # Warmup Iteration   4: 0,007 ±(99.9%) 0,001 s/op
[info] # Warmup Iteration   5: 0,007 ±(99.9%) 0,001 s/op
[info] # Warmup Iteration   6: 0,007 ±(99.9%) 0,001 s/op
[info] # Warmup Iteration   7: 0,007 ±(99.9%) 0,001 s/op
[info] # Warmup Iteration   8: 0,007 ±(99.9%) 0,001 s/op
[info] # Warmup Iteration   9: 0,007 ±(99.9%) 0,001 s/op
[info] # Warmup Iteration  10: 0,007 ±(99.9%) 0,001 s/op
[info] Iteration   1: 0,007 ±(99.9%) 0,001 s/op
[info]                  client.cpu:         8,049 ms/batch
[info]                  gc.alloc.rate:      41,498 MB/sec
[info]                  gc.alloc.rate.norm: 292878,336 B/op
[info]                  gc.count:           ≈ 0 counts
[info]                  p0.00:              0,006 s/op
[info]                  p0.50:              0,007 s/op
[info]                  p0.90:              0,007 s/op
[info]                  p0.95:              0,008 s/op
[info]                  p0.99:              0,008 s/op
[info]                  p0.999:             0,009 s/op
[info]                  p0.9999:            0,009 s/op
[info]                  p1.00:              0,009 s/op
[info] Iteration   2: 0,007 ±(99.9%) 0,001 s/op
[info]                  client.cpu:         8,148 ms/batch
[info]                  gc.alloc.rate:      41,193 MB/sec
[info]                  gc.alloc.rate.norm: 292706,094 B/op
[info]                  gc.count:           ≈ 0 counts
[info]                  p0.00:              0,006 s/op
[info]                  p0.50:              0,007 s/op
[info]                  p0.90:              0,007 s/op
[info]                  p0.95:              0,008 s/op
[info]                  p0.99:              0,008 s/op
[info]                  p0.999:             0,008 s/op
[info]                  p0.9999:            0,008 s/op
[info]                  p1.00:              0,008 s/op
[info] Iteration   3: 0,007 ±(99.9%) 0,001 s/op
[info]                  client.cpu:         7,593 ms/batch
[info]                  gc.alloc.rate:      41,405 MB/sec
[info]                  gc.alloc.rate.norm: 292861,423 B/op
[info]                  gc.count:           ≈ 0 counts
[info]                  p0.00:              0,006 s/op
[info]                  p0.50:              0,007 s/op
[info]                  p0.90:              0,007 s/op
[info]                  p0.95:              0,008 s/op
[info]                  p0.99:              0,008 s/op
[info]                  p0.999:             0,009 s/op
[info]                  p0.9999:            0,009 s/op
[info]                  p1.00:              0,009 s/op
[info] Iteration   4: 0,007 ±(99.9%) 0,001 s/op
[info]                  client.cpu:         8,934 ms/batch
[info]                  gc.alloc.rate:      39,817 MB/sec
[info]                  gc.alloc.rate.norm: 292662,611 B/op
[info]                  gc.count:           ≈ 0 counts
[info]                  p0.00:              0,006 s/op
[info]                  p0.50:              0,007 s/op
[info]                  p0.90:              0,008 s/op
[info]                  p0.95:              0,008 s/op
[info]                  p0.99:              0,008 s/op
[info]                  p0.999:             0,008 s/op
[info]                  p0.9999:            0,008 s/op
[info]                  p1.00:              0,008 s/op
[info] Iteration   5: 0,007 ±(99.9%) 0,001 s/op
[info]                  client.cpu:         9,074 ms/batch
[info]                  gc.alloc.rate:      30,783 MB/sec
[info]                  gc.alloc.rate.norm: 293512,932 B/op
[info]                  gc.count:           ≈ 0 counts
[info]                  p0.00:              0,006 s/op
[info]                  p0.50:              0,007 s/op
[info]                  p0.90:              0,008 s/op
[info]                  p0.95:              0,008 s/op
[info]                  p0.99:              0,008 s/op
[info]                  p0.999:             0,008 s/op
[info]                  p0.9999:            0,008 s/op
[info]                  p1.00:              0,008 s/op
[info] # Run progress: 66,67% complete, ETA 00:00:41
[info] # Fork: 2 of 3
[info] WARNING: A terminally deprecated method in sun.misc.Unsafe has been called
[info] WARNING: sun.misc.Unsafe::objectFieldOffset has been called by org.openjdk.jmh.util.Utils (file:/Users/stas/projects/scala-effect-bench/target/bg-jobs/sbt_ec168a1a/target/ec0caa91/1296d6b9/jmh-core-1.37.jar)
[info] WARNING: Please consider reporting this to the maintainers of class org.openjdk.jmh.util.Utils
[info] WARNING: sun.misc.Unsafe::objectFieldOffset will be removed in a future release
[info] # Warmup Iteration   1: 0,009 ±(99.9%) 0,007 s/op
[info] # Warmup Iteration   2: 0,007 ±(99.9%) 0,001 s/op
[info] # Warmup Iteration   3: 0,007 ±(99.9%) 0,001 s/op
[info] # Warmup Iteration   4: 0,007 ±(99.9%) 0,001 s/op
[info] # Warmup Iteration   5: 0,007 ±(99.9%) 0,001 s/op
[info] # Warmup Iteration   6: 0,007 ±(99.9%) 0,001 s/op
[info] # Warmup Iteration   7: 0,007 ±(99.9%) 0,001 s/op
[info] # Warmup Iteration   8: 0,007 ±(99.9%) 0,001 s/op
[info] # Warmup Iteration   9: 0,007 ±(99.9%) 0,001 s/op
[info] # Warmup Iteration  10: 0,007 ±(99.9%) 0,001 s/op
[info] Iteration   1: 0,007 ±(99.9%) 0,001 s/op
[info]                  client.cpu:         8,393 ms/batch
[info]                  gc.alloc.rate:      40,787 MB/sec
[info]                  gc.alloc.rate.norm: 291392,000 B/op
[info]                  gc.count:           ≈ 0 counts
[info]                  p0.00:              0,006 s/op
[info]                  p0.50:              0,007 s/op
[info]                  p0.90:              0,007 s/op
[info]                  p0.95:              0,008 s/op
[info]                  p0.99:              0,009 s/op
[info]                  p0.999:             0,009 s/op
[info]                  p0.9999:            0,009 s/op
[info]                  p1.00:              0,009 s/op
[info] Iteration   2: 0,007 ±(99.9%) 0,001 s/op
[info]                  client.cpu:         7,208 ms/batch
[info]                  gc.alloc.rate:      41,201 MB/sec
[info]                  gc.alloc.rate.norm: 291197,154 B/op
[info]                  gc.count:           ≈ 0 counts
[info]                  p0.00:              0,006 s/op
[info]                  p0.50:              0,007 s/op
[info]                  p0.90:              0,007 s/op
[info]                  p0.95:              0,008 s/op
[info]                  p0.99:              0,008 s/op
[info]                  p0.999:             0,008 s/op
[info]                  p0.9999:            0,008 s/op
[info]                  p1.00:              0,008 s/op
[info] Iteration   3: 0,007 ±(99.9%) 0,001 s/op
[info]                  client.cpu:         8,373 ms/batch
[info]                  gc.alloc.rate:      39,919 MB/sec
[info]                  gc.alloc.rate.norm: 291458,833 B/op
[info]                  gc.count:           ≈ 0 counts
[info]                  p0.00:              0,006 s/op
[info]                  p0.50:              0,007 s/op
[info]                  p0.90:              0,008 s/op
[info]                  p0.95:              0,008 s/op
[info]                  p0.99:              0,009 s/op
[info]                  p0.999:             0,009 s/op
[info]                  p0.9999:            0,009 s/op
[info]                  p1.00:              0,009 s/op
[info] Iteration   4: 0,007 ±(99.9%) 0,001 s/op
[info]                  client.cpu:         8,881 ms/batch
[info]                  gc.alloc.rate:      40,153 MB/sec
[info]                  gc.alloc.rate.norm: 291191,014 B/op
[info]                  gc.count:           ≈ 0 counts
[info]                  p0.00:              0,006 s/op
[info]                  p0.50:              0,007 s/op
[info]                  p0.90:              0,008 s/op
[info]                  p0.95:              0,008 s/op
[info]                  p0.99:              0,008 s/op
[info]                  p0.999:             0,008 s/op
[info]                  p0.9999:            0,008 s/op
[info]                  p1.00:              0,008 s/op
[info] Iteration   5: 0,007 ±(99.9%) 0,001 s/op
[info]                  client.cpu:         8,341 ms/batch
[info]                  gc.alloc.rate:      30,288 MB/sec
[info]                  gc.alloc.rate.norm: 292062,278 B/op
[info]                  gc.count:           ≈ 0 counts
[info]                  p0.00:              0,006 s/op
[info]                  p0.50:              0,007 s/op
[info]                  p0.90:              0,008 s/op
[info]                  p0.95:              0,008 s/op
[info]                  p0.99:              0,009 s/op
[info]                  p0.999:             0,009 s/op
[info]                  p0.9999:            0,009 s/op
[info]                  p1.00:              0,009 s/op
[info] # Run progress: 83,33% complete, ETA 00:00:20
[info] # Fork: 3 of 3
[info] WARNING: A terminally deprecated method in sun.misc.Unsafe has been called
[info] WARNING: sun.misc.Unsafe::objectFieldOffset has been called by org.openjdk.jmh.util.Utils (file:/Users/stas/projects/scala-effect-bench/target/bg-jobs/sbt_ec168a1a/target/ec0caa91/1296d6b9/jmh-core-1.37.jar)
[info] WARNING: Please consider reporting this to the maintainers of class org.openjdk.jmh.util.Utils
[info] WARNING: sun.misc.Unsafe::objectFieldOffset will be removed in a future release
[info] # Warmup Iteration   1: 0,009 ±(99.9%) 0,004 s/op
[info] # Warmup Iteration   2: 0,007 ±(99.9%) 0,001 s/op
[info] # Warmup Iteration   3: 0,007 ±(99.9%) 0,001 s/op
[info] # Warmup Iteration   4: 0,007 ±(99.9%) 0,001 s/op
[info] # Warmup Iteration   5: 0,007 ±(99.9%) 0,001 s/op
[info] # Warmup Iteration   6: 0,007 ±(99.9%) 0,001 s/op
[info] # Warmup Iteration   7: 0,007 ±(99.9%) 0,001 s/op
[info] # Warmup Iteration   8: 0,007 ±(99.9%) 0,001 s/op
[info] # Warmup Iteration   9: 0,007 ±(99.9%) 0,001 s/op
[info] # Warmup Iteration  10: 0,007 ±(99.9%) 0,001 s/op
[info] Iteration   1: 0,007 ±(99.9%) 0,001 s/op
[info]                  client.cpu:         7,934 ms/batch
[info]                  gc.alloc.rate:      40,862 MB/sec
[info]                  gc.alloc.rate.norm: 291804,162 B/op
[info]                  gc.count:           ≈ 0 counts
[info]                  p0.00:              0,006 s/op
[info]                  p0.50:              0,007 s/op
[info]                  p0.90:              0,007 s/op
[info]                  p0.95:              0,008 s/op
[info]                  p0.99:              0,009 s/op
[info]                  p0.999:             0,009 s/op
[info]                  p0.9999:            0,009 s/op
[info]                  p1.00:              0,009 s/op
[info] Iteration   2: 0,007 ±(99.9%) 0,001 s/op
[info]                  client.cpu:         9,401 ms/batch
[info]                  gc.alloc.rate:      41,202 MB/sec
[info]                  gc.alloc.rate.norm: 291875,114 B/op
[info]                  gc.count:           ≈ 0 counts
[info]                  p0.00:              0,005 s/op
[info]                  p0.50:              0,007 s/op
[info]                  p0.90:              0,008 s/op
[info]                  p0.95:              0,008 s/op
[info]                  p0.99:              0,009 s/op
[info]                  p0.999:             0,009 s/op
[info]                  p0.9999:            0,009 s/op
[info]                  p1.00:              0,009 s/op
[info] Iteration   3: 0,007 ±(99.9%) 0,001 s/op
[info]                  client.cpu:         7,704 ms/batch
[info]                  gc.alloc.rate:      40,535 MB/sec
[info]                  gc.alloc.rate.norm: 291656,438 B/op
[info]                  gc.count:           ≈ 0 counts
[info]                  p0.00:              0,006 s/op
[info]                  p0.50:              0,007 s/op
[info]                  p0.90:              0,007 s/op
[info]                  p0.95:              0,008 s/op
[info]                  p0.99:              0,008 s/op
[info]                  p0.999:             0,008 s/op
[info]                  p0.9999:            0,008 s/op
[info]                  p1.00:              0,008 s/op
[info] Iteration   4: 0,007 ±(99.9%) 0,001 s/op
[info]                  client.cpu:         9,062 ms/batch
[info]                  gc.alloc.rate:      40,785 MB/sec
[info]                  gc.alloc.rate.norm: 291928,865 B/op
[info]                  gc.count:           ≈ 0 counts
[info]                  p0.00:              0,006 s/op
[info]                  p0.50:              0,007 s/op
[info]                  p0.90:              0,008 s/op
[info]                  p0.95:              0,008 s/op
[info]                  p0.99:              0,009 s/op
[info]                  p0.999:             0,009 s/op
[info]                  p0.9999:            0,009 s/op
[info]                  p1.00:              0,009 s/op
[info] Iteration   5: 0,007 ±(99.9%) 0,001 s/op
[info]                  client.cpu:         7,639 ms/batch
[info]                  gc.alloc.rate:      32,260 MB/sec
[info]                  gc.alloc.rate.norm: 292271,477 B/op
[info]                  gc.count:           ≈ 0 counts
[info]                  p0.00:              0,006 s/op
[info]                  p0.50:              0,007 s/op
[info]                  p0.90:              0,007 s/op
[info]                  p0.95:              0,007 s/op
[info]                  p0.99:              0,008 s/op
[info]                  p0.999:             0,008 s/op
[info]                  p0.9999:            0,008 s/op
[info]                  p1.00:              0,008 s/op
[info] Result "bench.io.IoBench.requests":
[info]   N = 2212
[info]   mean =      0,007 ±(99.9%) 0,001 s/op
[info]   Histogram, s/op:
[info]     [0,005, 0,006) = 3 
[info]     [0,006, 0,006) = 59 
[info]     [0,006, 0,007) = 550 
[info]     [0,007, 0,007) = 927 
[info]     [0,007, 0,008) = 439 
[info]     [0,008, 0,008) = 179 
[info]     [0,008, 0,009) = 41 
[info]     [0,009, 0,009) = 8 
[info]     [0,009, 0,010) = 6 
[info]   Percentiles, s/op:
[info]       p(0,0000) =      0,005 s/op
[info]      p(50,0000) =      0,007 s/op
[info]      p(90,0000) =      0,008 s/op
[info]      p(95,0000) =      0,008 s/op
[info]      p(99,0000) =      0,008 s/op
[info]      p(99,9000) =      0,009 s/op
[info]      p(99,9900) =      0,009 s/op
[info]      p(99,9990) =      0,009 s/op
[info]      p(99,9999) =      0,009 s/op
[info]     p(100,0000) =      0,009 s/op
[info] Secondary result "bench.io.IoBench.requests:client.cpu":
[info]   8,316 ±(99.9%) 0,691 ms/batch [Average]
[info]   (min, avg, max) = (7,208, 8,316, 9,401), stdev = 0,646
[info]   CI (99.9%): [7,625, 9,006] (assumes normal distribution)
[info] Secondary result "bench.io.IoBench.requests:gc.alloc.rate":
[info]   38,846 ±(99.9%) 4,334 MB/sec [Average]
[info]   (min, avg, max) = (30,288, 38,846, 41,498), stdev = 4,054
[info]   CI (99.9%): [34,512, 43,180] (assumes normal distribution)
[info] Secondary result "bench.io.IoBench.requests:gc.alloc.rate.norm":
[info]   292097,249 ±(99.9%) 745,852 B/op [Average]
[info]   (min, avg, max) = (291191,014, 292097,249, 293512,932), stdev = 697,670
[info]   CI (99.9%): [291351,397, 292843,101] (assumes normal distribution)
[info] Secondary result "bench.io.IoBench.requests:gc.count":
[info]   ≈ 0 counts
[info] # Run complete. Total time: 00:02:05
[info] REMEMBER: The numbers below are just data. To gain reusable insights, you need to follow up on
[info] why the numbers are the way they are. Use profilers (see -prof, -lprof), design factorial
[info] experiments, perform baseline and negative tests that provide experimental control, make sure
[info] the benchmarking environment is safe on JVM/OS/HW level, ask for reviews from the domain experts.
[info] Do not assume the numbers tell you what you want them to tell.
[info] NOTE: Current JVM experimentally supports Compiler Blackholes, and they are in use. Please exercise
[info] extra caution when trusting the results, look into the generated code to check the benchmark still
[info] works, and factor in a small probability of new VM bugs. Additionally, while comparisons between
[info] different JVMs are already problematic, the performance difference caused by different Blackhole
[info] modes can be very significant. Please make sure you use the consistent Blackhole mode for comparisons.
[info] Benchmark                            (delayMicros)  (parallelism)  (runtime)  (size)  (transport)    Mode   Cnt       Score      Error     Units
[info] IoBench.requests                              1000             64   kyoTuned     256     blocking   thrpt    15     144,890 ±    3,600     ops/s
[info] IoBench.requests:client.cpu                   1000             64   kyoTuned     256     blocking   thrpt    15       9,016 ±    1,108  ms/batch
[info] IoBench.requests:gc.alloc.rate                1000             64   kyoTuned     256     blocking   thrpt    15      38,191 ±    4,448    MB/sec
[info] IoBench.requests:gc.alloc.rate.norm           1000             64   kyoTuned     256     blocking   thrpt    15  290497,818 ± 1308,422      B/op
[info] IoBench.requests:gc.count                     1000             64   kyoTuned     256     blocking   thrpt    15         ≈ 0               counts
[info] IoBench.requests                              1000             64   kyoTuned     256     blocking  sample  2212       0,007 ±    0,001      s/op
[info] IoBench.requests:client.cpu                   1000             64   kyoTuned     256     blocking  sample    15       8,316 ±    0,691  ms/batch
[info] IoBench.requests:gc.alloc.rate                1000             64   kyoTuned     256     blocking  sample    15      38,846 ±    4,334    MB/sec
[info] IoBench.requests:gc.alloc.rate.norm           1000             64   kyoTuned     256     blocking  sample    15  292097,249 ±  745,852      B/op
[info] IoBench.requests:gc.count                     1000             64   kyoTuned     256     blocking  sample    15         ≈ 0               counts
[info] IoBench.requests:p0.00                        1000             64   kyoTuned     256     blocking  sample             0,005                 s/op
[info] IoBench.requests:p0.50                        1000             64   kyoTuned     256     blocking  sample             0,007                 s/op
[info] IoBench.requests:p0.90                        1000             64   kyoTuned     256     blocking  sample             0,008                 s/op
[info] IoBench.requests:p0.95                        1000             64   kyoTuned     256     blocking  sample             0,008                 s/op
[info] IoBench.requests:p0.99                        1000             64   kyoTuned     256     blocking  sample             0,008                 s/op
[info] IoBench.requests:p0.999                       1000             64   kyoTuned     256     blocking  sample             0,009                 s/op
[info] IoBench.requests:p0.9999                      1000             64   kyoTuned     256     blocking  sample             0,009                 s/op
[info] IoBench.requests:p1.00                        1000             64   kyoTuned     256     blocking  sample             0,009                 s/op
[info] Benchmark result is saved to /Users/stas/projects/scala-effect-bench/results/four-io-measured/kyo-tuned.json
[success] Total time: 125 s (0:02:05.0), completed 6 Sept 2026, 18:52:51
