WARNING: A terminally deprecated method in sun.misc.Unsafe has been called
WARNING: sun.misc.Unsafe::arrayBaseOffset has been called by net.openhft.hashing.UnsafeAccess (file:/Users/stas/.sbt/boot/scala-2.12.21/org.scala-sbt/sbt/1.13.0/zero-allocation-hashing-0.16.jar)
WARNING: Please consider reporting this to the maintainers of class net.openhft.hashing.UnsafeAccess
WARNING: sun.misc.Unsafe::arrayBaseOffset will be removed in a future release
WARNING: A restricted method in java.lang.System has been called
WARNING: java.lang.System::load has been called by org.scalasbt.ipcsocket.NativeLoader in an unnamed module (file:/Users/stas/.sbt/boot/scala-2.12.21/org.scala-sbt/sbt/1.13.0/ipcsocket-1.8.0.jar)
WARNING: Use --enable-native-access=ALL-UNNAMED to avoid a warning for callers in this module
WARNING: Restricted methods will be blocked in a future release unless native access is enabled

[info] welcome to sbt 1.13.0 (Oracle Corporation Java 25.0.3)
[info] loading global plugins from /Users/stas/.sbt/1.0/plugins
[info] loading settings for project scala-effect-bench-build from plugins.sbt...
[info] loading project definition from /Users/stas/projects/scala-effect-bench/project
[info] loading settings for project root from build.sbt...
[info] set current project to scala-effect-bench (in build file:/Users/stas/projects/scala-effect-bench/)
[info] Defining bench / Test / fork
[info] The new value will be used by bench / Jmh / testGrouping, bench / Test / run / runner and 1 others.
[info] 	Run `last` for details.
[info] Reapplying settings...
[info] set current project to scala-effect-bench (in build file:/Users/stas/projects/scala-effect-bench/)
[info] compiling 1 Scala source to /Users/stas/projects/scala-effect-bench/bench/target/scala-3.8.4/classes ...
[info] done compiling
[info] running (fork) bench.blocking.Validation 
[error] WARNING: A terminally deprecated method in sun.misc.Unsafe has been called
[error] WARNING: sun.misc.Unsafe::objectFieldOffset has been called by scala.runtime.LazyVals$ (file:/Users/stas/projects/scala-effect-bench/target/bg-jobs/sbt_abaae1e6/target/d0b0f281/97ac0ce1/scala-library-3.8.4.jar)
[error] WARNING: Please consider reporting this to the maintainers of class scala.runtime.LazyVals$
[error] WARNING: sun.misc.Unsafe::objectFieldOffset will be removed in a future release
[info] PASS 102 blocking checks
[success] Total time: 19 s, completed 6 Sept 2026, 12:48:34
[info] running (fork) org.openjdk.jmh.generators.bytecode.JmhBytecodeGenerator /Users/stas/projects/scala-effect-bench/bench/target/scala-3.8.4/classes /Users/stas/projects/scala-effect-bench/bench/target/scala-3.8.4/src_managed/jmh /Users/stas/projects/scala-effect-bench/bench/target/scala-3.8.4/resource_managed/jmh default
[info] Processing 420 classes from /Users/stas/projects/scala-effect-bench/bench/target/scala-3.8.4/classes with "reflection" generator
[info] Writing out Java source to /Users/stas/projects/scala-effect-bench/bench/target/scala-3.8.4/src_managed/jmh and resources to /Users/stas/projects/scala-effect-bench/bench/target/scala-3.8.4/resource_managed/jmh
[info] running (fork) org.openjdk.jmh.Main -i 5 -wi 5 -f 3 -r 1s -w 1s -foe true -prof gc -rf json -rff /Users/stas/projects/scala-effect-bench/results/blocking/current.json .*bench.blocking.BlockingBench.requests
[error] WARNING: A terminally deprecated method in sun.misc.Unsafe has been called
[error] WARNING: sun.misc.Unsafe::objectFieldOffset has been called by org.openjdk.jmh.util.Utils (file:/Users/stas/projects/scala-effect-bench/target/bg-jobs/sbt_abaae1e6/target/ec0caa91/1296d6b9/jmh-core-1.37.jar)
[error] WARNING: Please consider reporting this to the maintainers of class org.openjdk.jmh.util.Utils
[error] WARNING: sun.misc.Unsafe::objectFieldOffset will be removed in a future release
[info] # JMH version: 1.37
[info] # VM version: JDK 25.0.3, Java HotSpot(TM) 64-Bit Server VM, 25.0.3+9-LTS-195
[info] # VM invoker: /Users/stas/.sdkman/candidates/java/25.0.3-oracle/bin/java
[info] # VM options: --add-opens=java.base/java.lang=ALL-UNNAMED -Xms2g -Xmx2g -XX:+UseG1GC
[info] # Blackhole mode: compiler (auto-detected, use -Djmh.blackhole.autoDetect=false to disable)
[info] # Warmup: 5 iterations, 1 s each
[info] # Measurement: 5 iterations, 1 s each
[info] # Timeout: 10 min per iteration
[info] # Threads: 1 thread, will synchronize iterations
[info] # Benchmark mode: Throughput, ops/time
[info] # Benchmark: bench.blocking.BlockingBench.requests
[info] # Parameters: (delayMicros = 0, parallelism = 8, runtime = ce, size = 256)
[info] # Run progress: 0,00% complete, ETA 00:12:00
[info] # Fork: 1 of 3
[info] WARNING: A terminally deprecated method in sun.misc.Unsafe has been called
[info] WARNING: sun.misc.Unsafe::objectFieldOffset has been called by org.openjdk.jmh.util.Utils (file:/Users/stas/projects/scala-effect-bench/target/bg-jobs/sbt_abaae1e6/target/ec0caa91/1296d6b9/jmh-core-1.37.jar)
[info] WARNING: Please consider reporting this to the maintainers of class org.openjdk.jmh.util.Utils
[info] WARNING: sun.misc.Unsafe::objectFieldOffset will be removed in a future release
[info] # Warmup Iteration   1: 324,172 ops/s
[info] # Warmup Iteration   2: 458,654 ops/s
[info] # Warmup Iteration   3: 465,338 ops/s
[info] # Warmup Iteration   4: 466,869 ops/s
[info] # Warmup Iteration   5: 468,618 ops/s
[info] Iteration   1: 472,353 ops/s
[info]                  gc.alloc.rate:      32,417 MB/sec
[info]                  gc.alloc.rate.norm: 71971,122 B/op
[info]                  gc.count:           ≈ 0 counts
[info] Iteration   2: 464,830 ops/s
[info]                  gc.alloc.rate:      31,799 MB/sec
[info]                  gc.alloc.rate.norm: 71741,162 B/op
[info]                  gc.count:           ≈ 0 counts
[info] Iteration   3: 473,163 ops/s
[info]                  gc.alloc.rate:      32,379 MB/sec
[info]                  gc.alloc.rate.norm: 71761,210 B/op
[info]                  gc.count:           ≈ 0 counts
[info] Iteration   4: 473,086 ops/s
[info]                  gc.alloc.rate:      32,380 MB/sec
[info]                  gc.alloc.rate.norm: 71775,345 B/op
[info]                  gc.count:           ≈ 0 counts
[info] Iteration   5: 468,490 ops/s
[info]                  gc.alloc.rate:      24,414 MB/sec
[info]                  gc.alloc.rate.norm: 71827,295 B/op
[info]                  gc.count:           ≈ 0 counts
[info] # Run progress: 1,39% complete, ETA 00:18:36
[info] # Fork: 2 of 3
[info] WARNING: A terminally deprecated method in sun.misc.Unsafe has been called
[info] WARNING: sun.misc.Unsafe::objectFieldOffset has been called by org.openjdk.jmh.util.Utils (file:/Users/stas/projects/scala-effect-bench/target/bg-jobs/sbt_abaae1e6/target/ec0caa91/1296d6b9/jmh-core-1.37.jar)
[info] WARNING: Please consider reporting this to the maintainers of class org.openjdk.jmh.util.Utils
[info] WARNING: sun.misc.Unsafe::objectFieldOffset will be removed in a future release
[info] # Warmup Iteration   1: 322,056 ops/s
[info] # Warmup Iteration   2: 459,002 ops/s
[info] # Warmup Iteration   3: 466,792 ops/s
[info] # Warmup Iteration   4: 463,311 ops/s
[info] # Warmup Iteration   5: 466,311 ops/s
[info] Iteration   1: 466,294 ops/s
[info]                  gc.alloc.rate:      31,996 MB/sec
[info]                  gc.alloc.rate.norm: 71964,503 B/op
[info]                  gc.count:           ≈ 0 counts
[info] Iteration   2: 468,204 ops/s
[info]                  gc.alloc.rate:      32,029 MB/sec
[info]                  gc.alloc.rate.norm: 71737,495 B/op
[info]                  gc.count:           ≈ 0 counts
[info] Iteration   3: 472,858 ops/s
[info]                  gc.alloc.rate:      32,347 MB/sec
[info]                  gc.alloc.rate.norm: 71738,970 B/op
[info]                  gc.count:           ≈ 0 counts
[info] Iteration   4: 468,958 ops/s
[info]                  gc.alloc.rate:      32,080 MB/sec
[info]                  gc.alloc.rate.norm: 71735,915 B/op
[info]                  gc.count:           ≈ 0 counts
[info] Iteration   5: 465,713 ops/s
[info]                  gc.alloc.rate:      24,152 MB/sec
[info]                  gc.alloc.rate.norm: 71827,480 B/op
[info]                  gc.count:           ≈ 0 counts
[info] # Run progress: 2,78% complete, ETA 00:18:20
[info] # Fork: 3 of 3
[info] WARNING: A terminally deprecated method in sun.misc.Unsafe has been called
[info] WARNING: sun.misc.Unsafe::objectFieldOffset has been called by org.openjdk.jmh.util.Utils (file:/Users/stas/projects/scala-effect-bench/target/bg-jobs/sbt_abaae1e6/target/ec0caa91/1296d6b9/jmh-core-1.37.jar)
[info] WARNING: Please consider reporting this to the maintainers of class org.openjdk.jmh.util.Utils
[info] WARNING: sun.misc.Unsafe::objectFieldOffset will be removed in a future release
[info] # Warmup Iteration   1: 330,114 ops/s
[info] # Warmup Iteration   2: 461,284 ops/s
[info] # Warmup Iteration   3: 470,715 ops/s
[info] # Warmup Iteration   4: 467,340 ops/s
[info] # Warmup Iteration   5: 472,560 ops/s
[info] Iteration   1: 466,310 ops/s
[info]                  gc.alloc.rate:      32,008 MB/sec
[info]                  gc.alloc.rate.norm: 71984,341 B/op
[info]                  gc.count:           ≈ 0 counts
[info] Iteration   2: 468,829 ops/s
[info]                  gc.alloc.rate:      32,080 MB/sec
[info]                  gc.alloc.rate.norm: 71758,508 B/op
[info]                  gc.count:           ≈ 0 counts
[info] Iteration   3: 473,716 ops/s
[info]                  gc.alloc.rate:      32,418 MB/sec
[info]                  gc.alloc.rate.norm: 71766,454 B/op
[info]                  gc.count:           ≈ 0 counts
[info] Iteration   4: 469,951 ops/s
[info]                  gc.alloc.rate:      32,156 MB/sec
[info]                  gc.alloc.rate.norm: 71755,501 B/op
[info]                  gc.count:           ≈ 0 counts
[info] Iteration   5: 473,389 ops/s
[info]                  gc.alloc.rate:      24,731 MB/sec
[info]                  gc.alloc.rate.norm: 71824,857 B/op
[info]                  gc.count:           ≈ 0 counts
[info] Result "bench.blocking.BlockingBench.requests":
[info]   469,743 ±(99.9%) 3,356 ops/s [Average]
[info]   (min, avg, max) = (464,830, 469,743, 473,716), stdev = 3,139
[info]   CI (99.9%): [466,387, 473,099] (assumes normal distribution)
[info] Secondary result "bench.blocking.BlockingBench.requests:gc.alloc.rate":
[info]   30,626 ±(99.9%) 3,434 MB/sec [Average]
[info]   (min, avg, max) = (24,152, 30,626, 32,418), stdev = 3,212
[info]   CI (99.9%): [27,191, 34,060] (assumes normal distribution)
[info] Secondary result "bench.blocking.BlockingBench.requests:gc.alloc.rate.norm":
[info]   71811,344 ±(99.9%) 95,898 B/op [Average]
[info]   (min, avg, max) = (71735,915, 71811,344, 71984,341), stdev = 89,703
[info]   CI (99.9%): [71715,446, 71907,242] (assumes normal distribution)
[info] Secondary result "bench.blocking.BlockingBench.requests:gc.count":
[info]   ≈ 0 counts
[info] # JMH version: 1.37
[info] # VM version: JDK 25.0.3, Java HotSpot(TM) 64-Bit Server VM, 25.0.3+9-LTS-195
[info] # VM invoker: /Users/stas/.sdkman/candidates/java/25.0.3-oracle/bin/java
[info] # VM options: --add-opens=java.base/java.lang=ALL-UNNAMED -Xms2g -Xmx2g -XX:+UseG1GC
[info] # Blackhole mode: compiler (auto-detected, use -Djmh.blackhole.autoDetect=false to disable)
[info] # Warmup: 5 iterations, 1 s each
[info] # Measurement: 5 iterations, 1 s each
[info] # Timeout: 10 min per iteration
[info] # Threads: 1 thread, will synchronize iterations
[info] # Benchmark mode: Throughput, ops/time
[info] # Benchmark: bench.blocking.BlockingBench.requests
[info] # Parameters: (delayMicros = 0, parallelism = 8, runtime = ceVirtual, size = 256)
[info] # Run progress: 4,17% complete, ETA 00:18:04
[info] # Fork: 1 of 3
[info] WARNING: A terminally deprecated method in sun.misc.Unsafe has been called
[info] WARNING: sun.misc.Unsafe::objectFieldOffset has been called by org.openjdk.jmh.util.Utils (file:/Users/stas/projects/scala-effect-bench/target/bg-jobs/sbt_abaae1e6/target/ec0caa91/1296d6b9/jmh-core-1.37.jar)
[info] WARNING: Please consider reporting this to the maintainers of class org.openjdk.jmh.util.Utils
[info] WARNING: sun.misc.Unsafe::objectFieldOffset will be removed in a future release
[info] # Warmup Iteration   1: 204,465 ops/s
[info] # Warmup Iteration   2: 264,751 ops/s
[info] # Warmup Iteration   3: 268,999 ops/s
[info] # Warmup Iteration   4: 272,359 ops/s
[info] # Warmup Iteration   5: 269,726 ops/s
[info] Iteration   1: 271,029 ops/s
[info]                  gc.alloc.rate:      104,549 MB/sec
[info]                  gc.alloc.rate.norm: 404530,549 B/op
[info]                  gc.count:           ≈ 0 counts
[info] Iteration   2: 271,356 ops/s
[info]                  gc.alloc.rate:      104,683 MB/sec
[info]                  gc.alloc.rate.norm: 404565,255 B/op
[info]                  gc.count:           1,000 counts
[info]                  gc.time:            2,000 ms
[info] Iteration   3: 273,561 ops/s
[info]                  gc.alloc.rate:      105,532 MB/sec
[info]                  gc.alloc.rate.norm: 404543,302 B/op
[info]                  gc.count:           ≈ 0 counts
[info] Iteration   4: 271,033 ops/s
[info]                  gc.alloc.rate:      104,555 MB/sec
[info]                  gc.alloc.rate.norm: 404539,487 B/op
[info]                  gc.count:           ≈ 0 counts
[info] Iteration   5: 274,746 ops/s
[info]                  gc.alloc.rate:      80,384 MB/sec
[info]                  gc.alloc.rate.norm: 404635,610 B/op
[info]                  gc.count:           ≈ 0 counts
[info] # Run progress: 5,56% complete, ETA 00:17:54
[info] # Fork: 2 of 3
[info] WARNING: A terminally deprecated method in sun.misc.Unsafe has been called
[info] WARNING: sun.misc.Unsafe::objectFieldOffset has been called by org.openjdk.jmh.util.Utils (file:/Users/stas/projects/scala-effect-bench/target/bg-jobs/sbt_abaae1e6/target/ec0caa91/1296d6b9/jmh-core-1.37.jar)
[info] WARNING: Please consider reporting this to the maintainers of class org.openjdk.jmh.util.Utils
[info] WARNING: sun.misc.Unsafe::objectFieldOffset will be removed in a future release
[info] # Warmup Iteration   1: 202,003 ops/s
[info] # Warmup Iteration   2: 266,751 ops/s
[info] # Warmup Iteration   3: 272,818 ops/s
[info] # Warmup Iteration   4: 274,046 ops/s
[info] # Warmup Iteration   5: 274,563 ops/s
[info] Iteration   1: 275,344 ops/s
[info]                  gc.alloc.rate:      96,049 MB/sec
[info]                  gc.alloc.rate.norm: 365817,357 B/op
[info]                  gc.count:           ≈ 0 counts
[info] Iteration   2: 270,041 ops/s
[info]                  gc.alloc.rate:      94,197 MB/sec
[info]                  gc.alloc.rate.norm: 365827,412 B/op
[info]                  gc.count:           ≈ 0 counts
[info] Iteration   3: 271,798 ops/s
[info]                  gc.alloc.rate:      94,815 MB/sec
[info]                  gc.alloc.rate.norm: 365825,285 B/op
[info]                  gc.count:           1,000 counts
[info]                  gc.time:            2,000 ms
[info] Iteration   4: 274,608 ops/s
[info]                  gc.alloc.rate:      95,805 MB/sec
[info]                  gc.alloc.rate.norm: 365861,130 B/op
[info]                  gc.count:           ≈ 0 counts
[info] Iteration   5: 272,122 ops/s
[info]                  gc.alloc.rate:      72,013 MB/sec
[info]                  gc.alloc.rate.norm: 365978,190 B/op
[info]                  gc.count:           ≈ 0 counts
[info] # Run progress: 6,94% complete, ETA 00:17:41
[info] # Fork: 3 of 3
[info] WARNING: A terminally deprecated method in sun.misc.Unsafe has been called
[info] WARNING: sun.misc.Unsafe::objectFieldOffset has been called by org.openjdk.jmh.util.Utils (file:/Users/stas/projects/scala-effect-bench/target/bg-jobs/sbt_abaae1e6/target/ec0caa91/1296d6b9/jmh-core-1.37.jar)
[info] WARNING: Please consider reporting this to the maintainers of class org.openjdk.jmh.util.Utils
[info] WARNING: sun.misc.Unsafe::objectFieldOffset will be removed in a future release
[info] # Warmup Iteration   1: 203,288 ops/s
[info] # Warmup Iteration   2: 269,292 ops/s
[info] # Warmup Iteration   3: 258,977 ops/s
[info] # Warmup Iteration   4: 252,589 ops/s
[info] # Warmup Iteration   5: 267,741 ops/s
[info] Iteration   1: 257,334 ops/s
[info]                  gc.alloc.rate:      96,245 MB/sec
[info]                  gc.alloc.rate.norm: 392228,620 B/op
[info]                  gc.count:           ≈ 0 counts
[info] Iteration   2: 257,342 ops/s
[info]                  gc.alloc.rate:      96,250 MB/sec
[info]                  gc.alloc.rate.norm: 392230,734 B/op
[info]                  gc.count:           ≈ 0 counts
[info] Iteration   3: 266,365 ops/s
[info]                  gc.alloc.rate:      99,633 MB/sec
[info]                  gc.alloc.rate.norm: 392248,507 B/op
[info]                  gc.count:           1,000 counts
[info]                  gc.time:            2,000 ms
[info] Iteration   4: 270,885 ops/s
[info]                  gc.alloc.rate:      101,325 MB/sec
[info]                  gc.alloc.rate.norm: 392263,443 B/op
[info]                  gc.count:           ≈ 0 counts
[info] Iteration   5: 273,031 ops/s
[info]                  gc.alloc.rate:      77,510 MB/sec
[info]                  gc.alloc.rate.norm: 392398,633 B/op
[info]                  gc.count:           ≈ 0 counts
[info] Result "bench.blocking.BlockingBench.requests":
[info]   270,040 ±(99.9%) 5,997 ops/s [Average]
[info]   (min, avg, max) = (257,334, 270,040, 275,344), stdev = 5,609
[info]   CI (99.9%): [264,043, 276,036] (assumes normal distribution)
[info] Secondary result "bench.blocking.BlockingBench.requests:gc.alloc.rate":
[info]   94,903 ±(99.9%) 11,073 MB/sec [Average]
[info]   (min, avg, max) = (72,013, 94,903, 105,532), stdev = 10,358
[info]   CI (99.9%): [83,830, 105,976] (assumes normal distribution)
[info] Secondary result "bench.blocking.BlockingBench.requests:gc.alloc.rate.norm":
[info]   387566,234 ±(99.9%) 17867,527 B/op [Average]
[info]   (min, avg, max) = (365817,357, 387566,234, 404635,610), stdev = 16713,296
[info]   CI (99.9%): [369698,708, 405433,761] (assumes normal distribution)
[info] Secondary result "bench.blocking.BlockingBench.requests:gc.count":
[info]   3,000 ±(99.9%) 0,001 counts [Sum]
[info]   (min, avg, max) = (≈ 0, 0,200, 1,000), stdev = 0,414
[info]   CI (99.9%): [3,000, 3,000] (assumes normal distribution)
[info] Secondary result "bench.blocking.BlockingBench.requests:gc.time":
[info]   6,000 ±(99.9%) 0,001 ms [Sum]
[info]   (min, avg, max) = (≈ 0, 0,400, 2,000), stdev = 0,828
[info]   CI (99.9%): [6,000, 6,000] (assumes normal distribution)
[info] # JMH version: 1.37
[info] # VM version: JDK 25.0.3, Java HotSpot(TM) 64-Bit Server VM, 25.0.3+9-LTS-195
[info] # VM invoker: /Users/stas/.sdkman/candidates/java/25.0.3-oracle/bin/java
[info] # VM options: --add-opens=java.base/java.lang=ALL-UNNAMED -Xms2g -Xmx2g -XX:+UseG1GC
[info] # Blackhole mode: compiler (auto-detected, use -Djmh.blackhole.autoDetect=false to disable)
[info] # Warmup: 5 iterations, 1 s each
[info] # Measurement: 5 iterations, 1 s each
[info] # Timeout: 10 min per iteration
[info] # Threads: 1 thread, will synchronize iterations
[info] # Benchmark mode: Throughput, ops/time
[info] # Benchmark: bench.blocking.BlockingBench.requests
[info] # Parameters: (delayMicros = 0, parallelism = 8, runtime = kyo, size = 256)
[info] # Run progress: 8,33% complete, ETA 00:17:27
[info] # Fork: 1 of 3
[info] WARNING: A terminally deprecated method in sun.misc.Unsafe has been called
[info] WARNING: sun.misc.Unsafe::objectFieldOffset has been called by org.openjdk.jmh.util.Utils (file:/Users/stas/projects/scala-effect-bench/target/bg-jobs/sbt_abaae1e6/target/ec0caa91/1296d6b9/jmh-core-1.37.jar)
[info] WARNING: Please consider reporting this to the maintainers of class org.openjdk.jmh.util.Utils
[info] WARNING: sun.misc.Unsafe::objectFieldOffset will be removed in a future release
[info] # Warmup Iteration   1: 118,200 ops/s
[info] # Warmup Iteration   2: 172,674 ops/s
[info] # Warmup Iteration   3: 173,759 ops/s
[info] # Warmup Iteration   4: 176,758 ops/s
[info] # Warmup Iteration   5: 177,993 ops/s
[info] Iteration   1: 177,516 ops/s
[info]                  gc.alloc.rate:      17,526 MB/sec
[info]                  gc.alloc.rate.norm: 103536,629 B/op
[info]                  gc.count:           ≈ 0 counts
[info] Iteration   2: 178,241 ops/s
[info]                  gc.alloc.rate:      17,598 MB/sec
[info]                  gc.alloc.rate.norm: 103537,698 B/op
[info]                  gc.count:           ≈ 0 counts
[info] Iteration   3: 178,955 ops/s
[info]                  gc.alloc.rate:      17,668 MB/sec
[info]                  gc.alloc.rate.norm: 103536,267 B/op
[info]                  gc.count:           ≈ 0 counts
[info] Iteration   4: 176,968 ops/s
[info]                  gc.alloc.rate:      17,472 MB/sec
[info]                  gc.alloc.rate.norm: 103537,438 B/op
[info]                  gc.count:           ≈ 0 counts
[info] Iteration   5: 178,454 ops/s
[info]                  gc.alloc.rate:      13,430 MB/sec
[info]                  gc.alloc.rate.norm: 103766,533 B/op
[info]                  gc.count:           ≈ 0 counts
[info] # Run progress: 9,72% complete, ETA 00:17:10
[info] # Fork: 2 of 3
[info] WARNING: A terminally deprecated method in sun.misc.Unsafe has been called
[info] WARNING: sun.misc.Unsafe::objectFieldOffset has been called by org.openjdk.jmh.util.Utils (file:/Users/stas/projects/scala-effect-bench/target/bg-jobs/sbt_abaae1e6/target/ec0caa91/1296d6b9/jmh-core-1.37.jar)
[info] WARNING: Please consider reporting this to the maintainers of class org.openjdk.jmh.util.Utils
[info] WARNING: sun.misc.Unsafe::objectFieldOffset will be removed in a future release
[info] # Warmup Iteration   1: 134,518 ops/s
[info] # Warmup Iteration   2: 174,117 ops/s
[info] # Warmup Iteration   3: 174,610 ops/s
[info] # Warmup Iteration   4: 178,147 ops/s
[info] # Warmup Iteration   5: 177,936 ops/s
[info] Iteration   1: 176,568 ops/s
[info]                  gc.alloc.rate:      17,436 MB/sec
[info]                  gc.alloc.rate.norm: 103557,966 B/op
[info]                  gc.count:           ≈ 0 counts
[info] Iteration   2: 178,744 ops/s
[info]                  gc.alloc.rate:      17,650 MB/sec
[info]                  gc.alloc.rate.norm: 103555,644 B/op
[info]                  gc.count:           ≈ 0 counts
[info] Iteration   3: 177,101 ops/s
[info]                  gc.alloc.rate:      17,488 MB/sec
[info]                  gc.alloc.rate.norm: 103556,449 B/op
[info]                  gc.count:           ≈ 0 counts
[info] Iteration   4: 179,082 ops/s
[info]                  gc.alloc.rate:      17,684 MB/sec
[info]                  gc.alloc.rate.norm: 103555,422 B/op
[info]                  gc.count:           ≈ 0 counts
[info] Iteration   5: 178,463 ops/s
[info]                  gc.alloc.rate:      13,422 MB/sec
[info]                  gc.alloc.rate.norm: 103786,056 B/op
[info]                  gc.count:           ≈ 0 counts
[info] # Run progress: 11,11% complete, ETA 00:16:52
[info] # Fork: 3 of 3
[info] WARNING: A terminally deprecated method in sun.misc.Unsafe has been called
[info] WARNING: sun.misc.Unsafe::objectFieldOffset has been called by org.openjdk.jmh.util.Utils (file:/Users/stas/projects/scala-effect-bench/target/bg-jobs/sbt_abaae1e6/target/ec0caa91/1296d6b9/jmh-core-1.37.jar)
[info] WARNING: Please consider reporting this to the maintainers of class org.openjdk.jmh.util.Utils
[info] WARNING: sun.misc.Unsafe::objectFieldOffset will be removed in a future release
[info] # Warmup Iteration   1: 133,661 ops/s
[info] # Warmup Iteration   2: 169,234 ops/s
[info] # Warmup Iteration   3: 173,199 ops/s
[info] # Warmup Iteration   4: 180,243 ops/s
[info] # Warmup Iteration   5: 177,583 ops/s
[info] Iteration   1: 178,037 ops/s
[info]                  gc.alloc.rate:      17,581 MB/sec
[info]                  gc.alloc.rate.norm: 103555,531 B/op
[info]                  gc.count:           ≈ 0 counts
[info] Iteration   2: 178,739 ops/s
[info]                  gc.alloc.rate:      17,650 MB/sec
[info]                  gc.alloc.rate.norm: 103555,422 B/op
[info]                  gc.count:           ≈ 0 counts
[info] Iteration   3: 178,071 ops/s
[info]                  gc.alloc.rate:      17,584 MB/sec
[info]                  gc.alloc.rate.norm: 103556,201 B/op
[info]                  gc.count:           ≈ 0 counts
[info] Iteration   4: 177,809 ops/s
[info]                  gc.alloc.rate:      17,558 MB/sec
[info]                  gc.alloc.rate.norm: 103554,787 B/op
[info]                  gc.count:           ≈ 0 counts
[info] Iteration   5: 178,935 ops/s
[info]                  gc.alloc.rate:      13,426 MB/sec
[info]                  gc.alloc.rate.norm: 103784,978 B/op
[info]                  gc.count:           ≈ 0 counts
[info] Result "bench.blocking.BlockingBench.requests":
[info]   178,112 ±(99.9%) 0,835 ops/s [Average]
[info]   (min, avg, max) = (176,568, 178,112, 179,082), stdev = 0,781
[info]   CI (99.9%): [177,277, 178,947] (assumes normal distribution)
[info] Secondary result "bench.blocking.BlockingBench.requests:gc.alloc.rate":
[info]   16,745 ±(99.9%) 1,838 MB/sec [Average]
[info]   (min, avg, max) = (13,422, 16,745, 17,684), stdev = 1,719
[info]   CI (99.9%): [14,907, 18,583] (assumes normal distribution)
[info] Secondary result "bench.blocking.BlockingBench.requests:gc.alloc.rate.norm":
[info]   103595,535 ±(99.9%) 102,096 B/op [Average]
[info]   (min, avg, max) = (103536,267, 103595,535, 103786,056), stdev = 95,501
[info]   CI (99.9%): [103493,438, 103697,631] (assumes normal distribution)
[info] Secondary result "bench.blocking.BlockingBench.requests:gc.count":
[info]   ≈ 0 counts
[info] # JMH version: 1.37
[info] # VM version: JDK 25.0.3, Java HotSpot(TM) 64-Bit Server VM, 25.0.3+9-LTS-195
[info] # VM invoker: /Users/stas/.sdkman/candidates/java/25.0.3-oracle/bin/java
[info] # VM options: --add-opens=java.base/java.lang=ALL-UNNAMED -Xms2g -Xmx2g -XX:+UseG1GC
[info] # Blackhole mode: compiler (auto-detected, use -Djmh.blackhole.autoDetect=false to disable)
[info] # Warmup: 5 iterations, 1 s each
[info] # Measurement: 5 iterations, 1 s each
[info] # Timeout: 10 min per iteration
[info] # Threads: 1 thread, will synchronize iterations
[info] # Benchmark mode: Throughput, ops/time
[info] # Benchmark: bench.blocking.BlockingBench.requests
[info] # Parameters: (delayMicros = 0, parallelism = 64, runtime = ce, size = 256)
[info] # Run progress: 12,50% complete, ETA 00:16:36
[info] # Fork: 1 of 3
[info] WARNING: A terminally deprecated method in sun.misc.Unsafe has been called
[info] WARNING: sun.misc.Unsafe::objectFieldOffset has been called by org.openjdk.jmh.util.Utils (file:/Users/stas/projects/scala-effect-bench/target/bg-jobs/sbt_abaae1e6/target/ec0caa91/1296d6b9/jmh-core-1.37.jar)
[info] WARNING: Please consider reporting this to the maintainers of class org.openjdk.jmh.util.Utils
[info] WARNING: sun.misc.Unsafe::objectFieldOffset will be removed in a future release
[info] # Warmup Iteration   1: 365,513 ops/s
[info] # Warmup Iteration   2: 495,168 ops/s
[info] # Warmup Iteration   3: 487,346 ops/s
[info] # Warmup Iteration   4: 498,038 ops/s
[info] # Warmup Iteration   5: 488,010 ops/s
[info] Iteration   1: 493,293 ops/s
[info]                  gc.alloc.rate:      78,922 MB/sec
[info]                  gc.alloc.rate.norm: 167779,661 B/op
[info]                  gc.count:           ≈ 0 counts
[info] Iteration   2: 488,476 ops/s
[info]                  gc.alloc.rate:      78,175 MB/sec
[info]                  gc.alloc.rate.norm: 167830,664 B/op
[info]                  gc.count:           ≈ 0 counts
[info] Iteration   3: 494,657 ops/s
[info]                  gc.alloc.rate:      79,225 MB/sec
[info]                  gc.alloc.rate.norm: 167959,050 B/op
[info]                  gc.count:           ≈ 0 counts
[info] Iteration   4: 494,347 ops/s
[info]                  gc.alloc.rate:      79,084 MB/sec
[info]                  gc.alloc.rate.norm: 167768,628 B/op
[info]                  gc.count:           ≈ 0 counts
[info] Iteration   5: 496,971 ops/s
[info]                  gc.alloc.rate:      60,241 MB/sec
[info]                  gc.alloc.rate.norm: 167793,952 B/op
[info]                  gc.count:           ≈ 0 counts
[info] # Run progress: 13,89% complete, ETA 00:16:19
[info] # Fork: 2 of 3
[info] WARNING: A terminally deprecated method in sun.misc.Unsafe has been called
[info] WARNING: sun.misc.Unsafe::objectFieldOffset has been called by org.openjdk.jmh.util.Utils (file:/Users/stas/projects/scala-effect-bench/target/bg-jobs/sbt_abaae1e6/target/ec0caa91/1296d6b9/jmh-core-1.37.jar)
[info] WARNING: Please consider reporting this to the maintainers of class org.openjdk.jmh.util.Utils
[info] WARNING: sun.misc.Unsafe::objectFieldOffset will be removed in a future release
[info] # Warmup Iteration   1: 364,947 ops/s
[info] # Warmup Iteration   2: 480,887 ops/s
[info] # Warmup Iteration   3: 490,341 ops/s
[info] # Warmup Iteration   4: 493,122 ops/s
[info] # Warmup Iteration   5: 488,479 ops/s
[info] Iteration   1: 485,695 ops/s
[info]                  gc.alloc.rate:      76,873 MB/sec
[info]                  gc.alloc.rate.norm: 165979,796 B/op
[info]                  gc.count:           ≈ 0 counts
[info] Iteration   2: 490,488 ops/s
[info]                  gc.alloc.rate:      77,759 MB/sec
[info]                  gc.alloc.rate.norm: 166254,799 B/op
[info]                  gc.count:           ≈ 0 counts
[info] Iteration   3: 485,027 ops/s
[info]                  gc.alloc.rate:      76,783 MB/sec
[info]                  gc.alloc.rate.norm: 166019,066 B/op
[info]                  gc.count:           ≈ 0 counts
[info] Iteration   4: 496,798 ops/s
[info]                  gc.alloc.rate:      78,859 MB/sec
[info]                  gc.alloc.rate.norm: 166468,402 B/op
[info]                  gc.count:           ≈ 0 counts
[info] Iteration   5: 489,110 ops/s
[info]                  gc.alloc.rate:      58,808 MB/sec
[info]                  gc.alloc.rate.norm: 166358,618 B/op
[info]                  gc.count:           ≈ 0 counts
[info] # Run progress: 15,28% complete, ETA 00:16:03
[info] # Fork: 3 of 3
[info] WARNING: A terminally deprecated method in sun.misc.Unsafe has been called
[info] WARNING: sun.misc.Unsafe::objectFieldOffset has been called by org.openjdk.jmh.util.Utils (file:/Users/stas/projects/scala-effect-bench/target/bg-jobs/sbt_abaae1e6/target/ec0caa91/1296d6b9/jmh-core-1.37.jar)
[info] WARNING: Please consider reporting this to the maintainers of class org.openjdk.jmh.util.Utils
[info] WARNING: sun.misc.Unsafe::objectFieldOffset will be removed in a future release
[info] # Warmup Iteration   1: 349,831 ops/s
[info] # Warmup Iteration   2: 488,151 ops/s
[info] # Warmup Iteration   3: 490,312 ops/s
[info] # Warmup Iteration   4: 479,047 ops/s
[info] # Warmup Iteration   5: 480,076 ops/s
[info] Iteration   1: 477,711 ops/s
[info]                  gc.alloc.rate:      76,404 MB/sec
[info]                  gc.alloc.rate.norm: 167725,954 B/op
[info]                  gc.count:           ≈ 0 counts
[info] Iteration   2: 484,050 ops/s
[info]                  gc.alloc.rate:      77,375 MB/sec
[info]                  gc.alloc.rate.norm: 167633,741 B/op
[info]                  gc.count:           ≈ 0 counts
[info] Iteration   3: 484,979 ops/s
[info]                  gc.alloc.rate:      77,539 MB/sec
[info]                  gc.alloc.rate.norm: 167662,459 B/op
[info]                  gc.count:           ≈ 0 counts
[info] Iteration   4: 484,436 ops/s
[info]                  gc.alloc.rate:      77,489 MB/sec
[info]                  gc.alloc.rate.norm: 167743,688 B/op
[info]                  gc.count:           ≈ 0 counts
[info] Iteration   5: 488,459 ops/s
[info]                  gc.alloc.rate:      59,238 MB/sec
[info]                  gc.alloc.rate.norm: 167833,678 B/op
[info]                  gc.count:           1,000 counts
[info]                  gc.time:            2,000 ms
[info] Result "bench.blocking.BlockingBench.requests":
[info]   488,967 ±(99.9%) 5,868 ops/s [Average]
[info]   (min, avg, max) = (477,711, 488,967, 496,971), stdev = 5,489
[info]   CI (99.9%): [483,099, 494,835] (assumes normal distribution)
[info] Secondary result "bench.blocking.BlockingBench.requests:gc.alloc.rate":
[info]   74,185 ±(99.9%) 8,221 MB/sec [Average]
[info]   (min, avg, max) = (58,808, 74,185, 79,225), stdev = 7,690
[info]   CI (99.9%): [65,964, 82,406] (assumes normal distribution)
[info] Secondary result "bench.blocking.BlockingBench.requests:gc.alloc.rate.norm":
[info]   167254,144 ±(99.9%) 825,024 B/op [Average]
[info]   (min, avg, max) = (165979,796, 167254,144, 167959,050), stdev = 771,728
[info]   CI (99.9%): [166429,120, 168079,167] (assumes normal distribution)
[info] Secondary result "bench.blocking.BlockingBench.requests:gc.count":
[info]   1,000 ±(99.9%) 0,001 counts [Sum]
[info]   (min, avg, max) = (≈ 0, 0,067, 1,000), stdev = 0,258
[info]   CI (99.9%): [1,000, 1,000] (assumes normal distribution)
[info] Secondary result "bench.blocking.BlockingBench.requests:gc.time":
[info]   2,000 ±(99.9%) 0,001 ms [Sum]
[info]   (min, avg, max) = (≈ 0, 0,133, 2,000), stdev = 0,516
[info]   CI (99.9%): [2,000, 2,000] (assumes normal distribution)
[info] # JMH version: 1.37
[info] # VM version: JDK 25.0.3, Java HotSpot(TM) 64-Bit Server VM, 25.0.3+9-LTS-195
[info] # VM invoker: /Users/stas/.sdkman/candidates/java/25.0.3-oracle/bin/java
[info] # VM options: --add-opens=java.base/java.lang=ALL-UNNAMED -Xms2g -Xmx2g -XX:+UseG1GC
[info] # Blackhole mode: compiler (auto-detected, use -Djmh.blackhole.autoDetect=false to disable)
[info] # Warmup: 5 iterations, 1 s each
[info] # Measurement: 5 iterations, 1 s each
[info] # Timeout: 10 min per iteration
[info] # Threads: 1 thread, will synchronize iterations
[info] # Benchmark mode: Throughput, ops/time
[info] # Benchmark: bench.blocking.BlockingBench.requests
[info] # Parameters: (delayMicros = 0, parallelism = 64, runtime = ceVirtual, size = 256)
[info] # Run progress: 16,67% complete, ETA 00:15:47
[info] # Fork: 1 of 3
[info] WARNING: A terminally deprecated method in sun.misc.Unsafe has been called
[info] WARNING: sun.misc.Unsafe::objectFieldOffset has been called by org.openjdk.jmh.util.Utils (file:/Users/stas/projects/scala-effect-bench/target/bg-jobs/sbt_abaae1e6/target/ec0caa91/1296d6b9/jmh-core-1.37.jar)
[info] WARNING: Please consider reporting this to the maintainers of class org.openjdk.jmh.util.Utils
[info] WARNING: sun.misc.Unsafe::objectFieldOffset will be removed in a future release
[info] # Warmup Iteration   1: 321,285 ops/s
[info] # Warmup Iteration   2: 456,661 ops/s
[info] # Warmup Iteration   3: 440,826 ops/s
[info] # Warmup Iteration   4: 460,897 ops/s
[info] # Warmup Iteration   5: 462,126 ops/s
[info] Iteration   1: 436,162 ops/s
[info]                  gc.alloc.rate:      209,454 MB/sec
[info]                  gc.alloc.rate.norm: 503599,490 B/op
[info]                  gc.count:           ≈ 0 counts
[info] Iteration   2: 450,914 ops/s
[info]                  gc.alloc.rate:      215,914 MB/sec
[info]                  gc.alloc.rate.norm: 502157,075 B/op
[info]                  gc.count:           ≈ 0 counts
[info] Iteration   3: 424,543 ops/s
[info]                  gc.alloc.rate:      203,982 MB/sec
[info]                  gc.alloc.rate.norm: 503928,828 B/op
[info]                  gc.count:           ≈ 0 counts
[info] Iteration   4: 447,906 ops/s
[info]                  gc.alloc.rate:      214,892 MB/sec
[info]                  gc.alloc.rate.norm: 503147,494 B/op
[info]                  gc.count:           1,000 counts
[info]                  gc.time:            2,000 ms
[info] Iteration   5: 460,590 ops/s
[info]                  gc.alloc.rate:      167,210 MB/sec
[info]                  gc.alloc.rate.norm: 503527,447 B/op
[info]                  gc.count:           ≈ 0 counts
[info] # Run progress: 18,06% complete, ETA 00:15:32
[info] # Fork: 2 of 3
[info] WARNING: A terminally deprecated method in sun.misc.Unsafe has been called
[info] WARNING: sun.misc.Unsafe::objectFieldOffset has been called by org.openjdk.jmh.util.Utils (file:/Users/stas/projects/scala-effect-bench/target/bg-jobs/sbt_abaae1e6/target/ec0caa91/1296d6b9/jmh-core-1.37.jar)
[info] WARNING: Please consider reporting this to the maintainers of class org.openjdk.jmh.util.Utils
[info] WARNING: sun.misc.Unsafe::objectFieldOffset will be removed in a future release
[info] # Warmup Iteration   1: 313,855 ops/s
[info] # Warmup Iteration   2: 459,098 ops/s
[info] # Warmup Iteration   3: 462,170 ops/s
[info] # Warmup Iteration   4: 454,906 ops/s
[info] # Warmup Iteration   5: 469,167 ops/s
[info] Iteration   1: 463,636 ops/s
[info]                  gc.alloc.rate:      201,692 MB/sec
[info]                  gc.alloc.rate.norm: 456201,545 B/op
[info]                  gc.count:           ≈ 0 counts
[info] Iteration   2: 471,360 ops/s
[info]                  gc.alloc.rate:      204,886 MB/sec
[info]                  gc.alloc.rate.norm: 455830,532 B/op
[info]                  gc.count:           ≈ 0 counts
[info] Iteration   3: 432,640 ops/s
[info]                  gc.alloc.rate:      188,774 MB/sec
[info]                  gc.alloc.rate.norm: 457585,839 B/op
[info]                  gc.count:           ≈ 0 counts
[info] Iteration   4: 462,995 ops/s
[info]                  gc.alloc.rate:      201,245 MB/sec
[info]                  gc.alloc.rate.norm: 455817,751 B/op
[info]                  gc.count:           ≈ 0 counts
[info] Iteration   5: 472,086 ops/s
[info]                  gc.alloc.rate:      155,573 MB/sec
[info]                  gc.alloc.rate.norm: 455903,192 B/op
[info]                  gc.count:           1,000 counts
[info]                  gc.time:            2,000 ms
[info] # Run progress: 19,44% complete, ETA 00:15:17
[info] # Fork: 3 of 3
[info] WARNING: A terminally deprecated method in sun.misc.Unsafe has been called
[info] WARNING: sun.misc.Unsafe::objectFieldOffset has been called by org.openjdk.jmh.util.Utils (file:/Users/stas/projects/scala-effect-bench/target/bg-jobs/sbt_abaae1e6/target/ec0caa91/1296d6b9/jmh-core-1.37.jar)
[info] WARNING: Please consider reporting this to the maintainers of class org.openjdk.jmh.util.Utils
[info] WARNING: sun.misc.Unsafe::objectFieldOffset will be removed in a future release
[info] # Warmup Iteration   1: 330,104 ops/s
[info] # Warmup Iteration   2: 459,810 ops/s
[info] # Warmup Iteration   3: 450,455 ops/s
[info] # Warmup Iteration   4: 461,419 ops/s
[info] # Warmup Iteration   5: 460,148 ops/s
[info] Iteration   1: 453,328 ops/s
[info]                  gc.alloc.rate:      200,082 MB/sec
[info]                  gc.alloc.rate.norm: 462860,281 B/op
[info]                  gc.count:           ≈ 0 counts
[info] Iteration   2: 469,702 ops/s
[info]                  gc.alloc.rate:      207,027 MB/sec
[info]                  gc.alloc.rate.norm: 462221,294 B/op
[info]                  gc.count:           ≈ 0 counts
[info] Iteration   3: 462,624 ops/s
[info]                  gc.alloc.rate:      204,061 MB/sec
[info]                  gc.alloc.rate.norm: 462575,775 B/op
[info]                  gc.count:           ≈ 0 counts
[info] Iteration   4: 470,666 ops/s
[info]                  gc.alloc.rate:      207,384 MB/sec
[info]                  gc.alloc.rate.norm: 462077,700 B/op
[info]                  gc.count:           1,000 counts
[info]                  gc.time:            2,000 ms
[info] Iteration   5: 452,103 ops/s
[info]                  gc.alloc.rate:      151,780 MB/sec
[info]                  gc.alloc.rate.norm: 462622,048 B/op
[info]                  gc.count:           ≈ 0 counts
[info] Result "bench.blocking.BlockingBench.requests":
[info]   455,417 ±(99.9%) 15,926 ops/s [Average]
[info]   (min, avg, max) = (424,543, 455,417, 472,086), stdev = 14,897
[info]   CI (99.9%): [439,491, 471,343] (assumes normal distribution)
[info] Secondary result "bench.blocking.BlockingBench.requests:gc.alloc.rate":
[info]   195,597 ±(99.9%) 22,018 MB/sec [Average]
[info]   (min, avg, max) = (151,780, 195,597, 215,914), stdev = 20,595
[info]   CI (99.9%): [173,579, 217,615] (assumes normal distribution)
[info] Secondary result "bench.blocking.BlockingBench.requests:gc.alloc.rate.norm":
[info]   474003,753 ±(99.9%) 23080,506 B/op [Average]
[info]   (min, avg, max) = (455817,751, 474003,753, 503928,828), stdev = 21589,519
[info]   CI (99.9%): [450923,247, 497084,258] (assumes normal distribution)
[info] Secondary result "bench.blocking.BlockingBench.requests:gc.count":
[info]   3,000 ±(99.9%) 0,001 counts [Sum]
[info]   (min, avg, max) = (≈ 0, 0,200, 1,000), stdev = 0,414
[info]   CI (99.9%): [3,000, 3,000] (assumes normal distribution)
[info] Secondary result "bench.blocking.BlockingBench.requests:gc.time":
[info]   6,000 ±(99.9%) 0,001 ms [Sum]
[info]   (min, avg, max) = (≈ 0, 0,400, 2,000), stdev = 0,828
[info]   CI (99.9%): [6,000, 6,000] (assumes normal distribution)
[info] # JMH version: 1.37
[info] # VM version: JDK 25.0.3, Java HotSpot(TM) 64-Bit Server VM, 25.0.3+9-LTS-195
[info] # VM invoker: /Users/stas/.sdkman/candidates/java/25.0.3-oracle/bin/java
[info] # VM options: --add-opens=java.base/java.lang=ALL-UNNAMED -Xms2g -Xmx2g -XX:+UseG1GC
[info] # Blackhole mode: compiler (auto-detected, use -Djmh.blackhole.autoDetect=false to disable)
[info] # Warmup: 5 iterations, 1 s each
[info] # Measurement: 5 iterations, 1 s each
[info] # Timeout: 10 min per iteration
[info] # Threads: 1 thread, will synchronize iterations
[info] # Benchmark mode: Throughput, ops/time
[info] # Benchmark: bench.blocking.BlockingBench.requests
[info] # Parameters: (delayMicros = 0, parallelism = 64, runtime = kyo, size = 256)
[info] # Run progress: 20,83% complete, ETA 00:15:02
[info] # Fork: 1 of 3
[info] WARNING: A terminally deprecated method in sun.misc.Unsafe has been called
[info] WARNING: sun.misc.Unsafe::objectFieldOffset has been called by org.openjdk.jmh.util.Utils (file:/Users/stas/projects/scala-effect-bench/target/bg-jobs/sbt_abaae1e6/target/ec0caa91/1296d6b9/jmh-core-1.37.jar)
[info] WARNING: Please consider reporting this to the maintainers of class org.openjdk.jmh.util.Utils
[info] WARNING: sun.misc.Unsafe::objectFieldOffset will be removed in a future release
[info] # Warmup Iteration   1: 116,436 ops/s
[info] # Warmup Iteration   2: 169,011 ops/s
[info] # Warmup Iteration   3: 174,997 ops/s
[info] # Warmup Iteration   4: 173,127 ops/s
[info] # Warmup Iteration   5: 175,852 ops/s
[info] Iteration   1: 179,971 ops/s
[info]                  gc.alloc.rate:      24,202 MB/sec
[info]                  gc.alloc.rate.norm: 141022,939 B/op
[info]                  gc.count:           ≈ 0 counts
[info] Iteration   2: 176,954 ops/s
[info]                  gc.alloc.rate:      23,797 MB/sec
[info]                  gc.alloc.rate.norm: 141026,787 B/op
[info]                  gc.count:           ≈ 0 counts
[info] Iteration   3: 175,892 ops/s
[info]                  gc.alloc.rate:      23,658 MB/sec
[info]                  gc.alloc.rate.norm: 141053,000 B/op
[info]                  gc.count:           ≈ 0 counts
[info] Iteration   4: 176,028 ops/s
[info]                  gc.alloc.rate:      23,668 MB/sec
[info]                  gc.alloc.rate.norm: 141001,763 B/op
[info]                  gc.count:           ≈ 0 counts
[info] Iteration   5: 179,564 ops/s
[info]                  gc.alloc.rate:      18,443 MB/sec
[info]                  gc.alloc.rate.norm: 141284,800 B/op
[info]                  gc.count:           ≈ 0 counts
[info] # Run progress: 22,22% complete, ETA 00:14:46
[info] # Fork: 2 of 3
[info] WARNING: A terminally deprecated method in sun.misc.Unsafe has been called
[info] WARNING: sun.misc.Unsafe::objectFieldOffset has been called by org.openjdk.jmh.util.Utils (file:/Users/stas/projects/scala-effect-bench/target/bg-jobs/sbt_abaae1e6/target/ec0caa91/1296d6b9/jmh-core-1.37.jar)
[info] WARNING: Please consider reporting this to the maintainers of class org.openjdk.jmh.util.Utils
[info] WARNING: sun.misc.Unsafe::objectFieldOffset will be removed in a future release
[info] # Warmup Iteration   1: 126,434 ops/s
[info] # Warmup Iteration   2: 169,610 ops/s
[info] # Warmup Iteration   3: 168,837 ops/s
[info] # Warmup Iteration   4: 172,615 ops/s
[info] # Warmup Iteration   5: 174,950 ops/s
[info] Iteration   1: 176,772 ops/s
[info]                  gc.alloc.rate:      23,775 MB/sec
[info]                  gc.alloc.rate.norm: 141044,655 B/op
[info]                  gc.count:           ≈ 0 counts
[info] Iteration   2: 177,544 ops/s
[info]                  gc.alloc.rate:      23,898 MB/sec
[info]                  gc.alloc.rate.norm: 141157,497 B/op
[info]                  gc.count:           ≈ 0 counts
[info] Iteration   3: 176,366 ops/s
[info]                  gc.alloc.rate:      23,741 MB/sec
[info]                  gc.alloc.rate.norm: 141163,616 B/op
[info]                  gc.count:           ≈ 0 counts
[info] Iteration   4: 176,171 ops/s
[info]                  gc.alloc.rate:      23,691 MB/sec
[info]                  gc.alloc.rate.norm: 141028,629 B/op
[info]                  gc.count:           ≈ 0 counts
[info] Iteration   5: 176,571 ops/s
[info]                  gc.alloc.rate:      18,168 MB/sec
[info]                  gc.alloc.rate.norm: 141445,573 B/op
[info]                  gc.count:           ≈ 0 counts
[info] # Run progress: 23,61% complete, ETA 00:14:30
[info] # Fork: 3 of 3
[info] WARNING: A terminally deprecated method in sun.misc.Unsafe has been called
[info] WARNING: sun.misc.Unsafe::objectFieldOffset has been called by org.openjdk.jmh.util.Utils (file:/Users/stas/projects/scala-effect-bench/target/bg-jobs/sbt_abaae1e6/target/ec0caa91/1296d6b9/jmh-core-1.37.jar)
[info] WARNING: Please consider reporting this to the maintainers of class org.openjdk.jmh.util.Utils
[info] WARNING: sun.misc.Unsafe::objectFieldOffset will be removed in a future release
[info] # Warmup Iteration   1: 130,659 ops/s
[info] # Warmup Iteration   2: 171,487 ops/s
[info] # Warmup Iteration   3: 170,546 ops/s
[info] # Warmup Iteration   4: 173,269 ops/s
[info] # Warmup Iteration   5: 176,662 ops/s
[info] Iteration   1: 177,911 ops/s
[info]                  gc.alloc.rate:      23,929 MB/sec
[info]                  gc.alloc.rate.norm: 141044,380 B/op
[info]                  gc.count:           ≈ 0 counts
[info] Iteration   2: 178,255 ops/s
[info]                  gc.alloc.rate:      23,982 MB/sec
[info]                  gc.alloc.rate.norm: 141088,134 B/op
[info]                  gc.count:           ≈ 0 counts
[info] Iteration   3: 178,847 ops/s
[info]                  gc.alloc.rate:      24,061 MB/sec
[info]                  gc.alloc.rate.norm: 141088,000 B/op
[info]                  gc.count:           ≈ 0 counts
[info] Iteration   4: 176,848 ops/s
[info]                  gc.alloc.rate:      23,782 MB/sec
[info]                  gc.alloc.rate.norm: 141021,573 B/op
[info]                  gc.count:           ≈ 0 counts
[info] Iteration   5: 176,749 ops/s
[info]                  gc.alloc.rate:      18,065 MB/sec
[info]                  gc.alloc.rate.norm: 141380,674 B/op
[info]                  gc.count:           ≈ 0 counts
[info] Result "bench.blocking.BlockingBench.requests":
[info]   177,363 ±(99.9%) 1,374 ops/s [Average]
[info]   (min, avg, max) = (175,892, 177,363, 179,971), stdev = 1,285
[info]   CI (99.9%): [175,989, 178,737] (assumes normal distribution)
[info] Secondary result "bench.blocking.BlockingBench.requests:gc.alloc.rate":
[info]   22,724 ±(99.9%) 2,495 MB/sec [Average]
[info]   (min, avg, max) = (18,065, 22,724, 24,202), stdev = 2,334
[info]   CI (99.9%): [20,228, 25,219] (assumes normal distribution)
[info] Secondary result "bench.blocking.BlockingBench.requests:gc.alloc.rate.norm":
[info]   141123,468 ±(99.9%) 149,091 B/op [Average]
[info]   (min, avg, max) = (141001,763, 141123,468, 141445,573), stdev = 139,460
[info]   CI (99.9%): [140974,377, 141272,559] (assumes normal distribution)
[info] Secondary result "bench.blocking.BlockingBench.requests:gc.count":
[info]   ≈ 0 counts
[info] # JMH version: 1.37
[info] # VM version: JDK 25.0.3, Java HotSpot(TM) 64-Bit Server VM, 25.0.3+9-LTS-195
[info] # VM invoker: /Users/stas/.sdkman/candidates/java/25.0.3-oracle/bin/java
[info] # VM options: --add-opens=java.base/java.lang=ALL-UNNAMED -Xms2g -Xmx2g -XX:+UseG1GC
[info] # Blackhole mode: compiler (auto-detected, use -Djmh.blackhole.autoDetect=false to disable)
[info] # Warmup: 5 iterations, 1 s each
[info] # Measurement: 5 iterations, 1 s each
[info] # Timeout: 10 min per iteration
[info] # Threads: 1 thread, will synchronize iterations
[info] # Benchmark mode: Throughput, ops/time
[info] # Benchmark: bench.blocking.BlockingBench.requests
[info] # Parameters: (delayMicros = 1000, parallelism = 8, runtime = ce, size = 256)
[info] # Run progress: 25,00% complete, ETA 00:14:13
[info] # Fork: 1 of 3
[info] WARNING: A terminally deprecated method in sun.misc.Unsafe has been called
[info] WARNING: sun.misc.Unsafe::objectFieldOffset has been called by org.openjdk.jmh.util.Utils (file:/Users/stas/projects/scala-effect-bench/target/bg-jobs/sbt_abaae1e6/target/ec0caa91/1296d6b9/jmh-core-1.37.jar)
[info] WARNING: Please consider reporting this to the maintainers of class org.openjdk.jmh.util.Utils
[info] WARNING: sun.misc.Unsafe::objectFieldOffset will be removed in a future release
[info] # Warmup Iteration   1: 18,427 ops/s
[info] # Warmup Iteration   2: 22,282 ops/s
[info] # Warmup Iteration   3: 22,032 ops/s
[info] # Warmup Iteration   4: 22,572 ops/s
[info] # Warmup Iteration   5: 22,019 ops/s
[info] Iteration   1: 21,873 ops/s
[info]                  gc.alloc.rate:      1,551 MB/sec
[info]                  gc.alloc.rate.norm: 74339,636 B/op
[info]                  gc.count:           ≈ 0 counts
[info] Iteration   2: 21,865 ops/s
[info]                  gc.alloc.rate:      1,550 MB/sec
[info]                  gc.alloc.rate.norm: 74353,818 B/op
[info]                  gc.count:           ≈ 0 counts
[info] Iteration   3: 22,101 ops/s
[info]                  gc.alloc.rate:      1,566 MB/sec
[info]                  gc.alloc.rate.norm: 74327,652 B/op
[info]                  gc.count:           ≈ 0 counts
[info] Iteration   4: 22,033 ops/s
[info]                  gc.alloc.rate:      1,563 MB/sec
[info]                  gc.alloc.rate.norm: 74401,391 B/op
[info]                  gc.count:           ≈ 0 counts
[info] Iteration   5: 22,041 ops/s
[info]                  gc.alloc.rate:      1,221 MB/sec
[info]                  gc.alloc.rate.norm: 75930,783 B/op
[info]                  gc.count:           ≈ 0 counts
[info] # Run progress: 26,39% complete, ETA 00:13:58
[info] # Fork: 2 of 3
[info] WARNING: A terminally deprecated method in sun.misc.Unsafe has been called
[info] WARNING: sun.misc.Unsafe::objectFieldOffset has been called by org.openjdk.jmh.util.Utils (file:/Users/stas/projects/scala-effect-bench/target/bg-jobs/sbt_abaae1e6/target/ec0caa91/1296d6b9/jmh-core-1.37.jar)
[info] WARNING: Please consider reporting this to the maintainers of class org.openjdk.jmh.util.Utils
[info] WARNING: sun.misc.Unsafe::objectFieldOffset will be removed in a future release
[info] # Warmup Iteration   1: 18,361 ops/s
[info] # Warmup Iteration   2: 22,273 ops/s
[info] # Warmup Iteration   3: 22,231 ops/s
[info] # Warmup Iteration   4: 21,975 ops/s
[info] # Warmup Iteration   5: 21,955 ops/s
[info] Iteration   1: 22,021 ops/s
[info]                  gc.alloc.rate:      1,561 MB/sec
[info]                  gc.alloc.rate.norm: 74325,913 B/op
[info]                  gc.count:           ≈ 0 counts
[info] Iteration   2: 22,158 ops/s
[info]                  gc.alloc.rate:      1,570 MB/sec
[info]                  gc.alloc.rate.norm: 74325,913 B/op
[info]                  gc.count:           ≈ 0 counts
[info] Iteration   3: 22,029 ops/s
[info]                  gc.alloc.rate:      1,564 MB/sec
[info]                  gc.alloc.rate.norm: 74451,130 B/op
[info]                  gc.count:           ≈ 0 counts
[info] Iteration   4: 22,288 ops/s
[info]                  gc.alloc.rate:      1,580 MB/sec
[info]                  gc.alloc.rate.norm: 74330,435 B/op
[info]                  gc.count:           ≈ 0 counts
[info] Iteration   5: 22,701 ops/s
[info]                  gc.alloc.rate:      1,259 MB/sec
[info]                  gc.alloc.rate.norm: 75944,348 B/op
[info]                  gc.count:           ≈ 0 counts
[info] # Run progress: 27,78% complete, ETA 00:13:43
[info] # Fork: 3 of 3
[info] WARNING: A terminally deprecated method in sun.misc.Unsafe has been called
[info] WARNING: sun.misc.Unsafe::objectFieldOffset has been called by org.openjdk.jmh.util.Utils (file:/Users/stas/projects/scala-effect-bench/target/bg-jobs/sbt_abaae1e6/target/ec0caa91/1296d6b9/jmh-core-1.37.jar)
[info] WARNING: Please consider reporting this to the maintainers of class org.openjdk.jmh.util.Utils
[info] WARNING: sun.misc.Unsafe::objectFieldOffset will be removed in a future release
[info] # Warmup Iteration   1: 18,524 ops/s
[info] # Warmup Iteration   2: 22,140 ops/s
[info] # Warmup Iteration   3: 21,985 ops/s
[info] # Warmup Iteration   4: 21,977 ops/s
[info] # Warmup Iteration   5: 22,585 ops/s
[info] Iteration   1: 22,070 ops/s
[info]                  gc.alloc.rate:      1,564 MB/sec
[info]                  gc.alloc.rate.norm: 74325,913 B/op
[info]                  gc.count:           ≈ 0 counts
[info] Iteration   2: 22,110 ops/s
[info]                  gc.alloc.rate:      1,567 MB/sec
[info]                  gc.alloc.rate.norm: 74325,913 B/op
[info]                  gc.count:           ≈ 0 counts
[info] Iteration   3: 21,857 ops/s
[info]                  gc.alloc.rate:      1,551 MB/sec
[info]                  gc.alloc.rate.norm: 74397,091 B/op
[info]                  gc.count:           ≈ 0 counts
[info] Iteration   4: 22,021 ops/s
[info]                  gc.alloc.rate:      1,562 MB/sec
[info]                  gc.alloc.rate.norm: 74403,130 B/op
[info]                  gc.count:           ≈ 0 counts
[info] Iteration   5: 22,051 ops/s
[info]                  gc.alloc.rate:      1,215 MB/sec
[info]                  gc.alloc.rate.norm: 75996,522 B/op
[info]                  gc.count:           ≈ 0 counts
[info] Result "bench.blocking.BlockingBench.requests":
[info]   22,081 ±(99.9%) 0,220 ops/s [Average]
[info]   (min, avg, max) = (21,857, 22,081, 22,701), stdev = 0,205
[info]   CI (99.9%): [21,862, 22,301] (assumes normal distribution)
[info] Secondary result "bench.blocking.BlockingBench.requests:gc.alloc.rate":
[info]   1,496 ±(99.9%) 0,147 MB/sec [Average]
[info]   (min, avg, max) = (1,215, 1,496, 1,580), stdev = 0,138
[info]   CI (99.9%): [1,349, 1,643] (assumes normal distribution)
[info] Secondary result "bench.blocking.BlockingBench.requests:gc.alloc.rate.norm":
[info]   74678,639 ±(99.9%) 708,733 B/op [Average]
[info]   (min, avg, max) = (74325,913, 74678,639, 75996,522), stdev = 662,950
[info]   CI (99.9%): [73969,906, 75387,373] (assumes normal distribution)
[info] Secondary result "bench.blocking.BlockingBench.requests:gc.count":
[info]   ≈ 0 counts
[info] # JMH version: 1.37
[info] # VM version: JDK 25.0.3, Java HotSpot(TM) 64-Bit Server VM, 25.0.3+9-LTS-195
[info] # VM invoker: /Users/stas/.sdkman/candidates/java/25.0.3-oracle/bin/java
[info] # VM options: --add-opens=java.base/java.lang=ALL-UNNAMED -Xms2g -Xmx2g -XX:+UseG1GC
[info] # Blackhole mode: compiler (auto-detected, use -Djmh.blackhole.autoDetect=false to disable)
[info] # Warmup: 5 iterations, 1 s each
[info] # Measurement: 5 iterations, 1 s each
[info] # Timeout: 10 min per iteration
[info] # Threads: 1 thread, will synchronize iterations
[info] # Benchmark mode: Throughput, ops/time
[info] # Benchmark: bench.blocking.BlockingBench.requests
[info] # Parameters: (delayMicros = 1000, parallelism = 8, runtime = ceVirtual, size = 256)
[info] # Run progress: 29,17% complete, ETA 00:13:27
[info] # Fork: 1 of 3
[info] WARNING: A terminally deprecated method in sun.misc.Unsafe has been called
[info] WARNING: sun.misc.Unsafe::objectFieldOffset has been called by org.openjdk.jmh.util.Utils (file:/Users/stas/projects/scala-effect-bench/target/bg-jobs/sbt_abaae1e6/target/ec0caa91/1296d6b9/jmh-core-1.37.jar)
[info] WARNING: Please consider reporting this to the maintainers of class org.openjdk.jmh.util.Utils
[info] WARNING: sun.misc.Unsafe::objectFieldOffset will be removed in a future release
[info] # Warmup Iteration   1: 17,799 ops/s
[info] # Warmup Iteration   2: 21,613 ops/s
[info] # Warmup Iteration   3: 21,451 ops/s
[info] # Warmup Iteration   4: 21,992 ops/s
[info] # Warmup Iteration   5: 21,911 ops/s
[info] Iteration   1: 21,801 ops/s
[info]                  gc.alloc.rate:      7,805 MB/sec
[info]                  gc.alloc.rate.norm: 375435,636 B/op
[info]                  gc.count:           ≈ 0 counts
[info] Iteration   2: 21,640 ops/s
[info]                  gc.alloc.rate:      7,747 MB/sec
[info]                  gc.alloc.rate.norm: 375435,636 B/op
[info]                  gc.count:           ≈ 0 counts
[info] Iteration   3: 22,016 ops/s
[info]                  gc.alloc.rate:      7,882 MB/sec
[info]                  gc.alloc.rate.norm: 375435,826 B/op
[info]                  gc.count:           ≈ 0 counts
[info] Iteration   4: 21,554 ops/s
[info]                  gc.alloc.rate:      7,718 MB/sec
[info]                  gc.alloc.rate.norm: 375514,545 B/op
[info]                  gc.count:           ≈ 0 counts
[info] Iteration   5: 21,744 ops/s
[info]                  gc.alloc.rate:      5,939 MB/sec
[info]                  gc.alloc.rate.norm: 377300,000 B/op
[info]                  gc.count:           ≈ 0 counts
[info] # Run progress: 30,56% complete, ETA 00:13:12
[info] # Fork: 2 of 3
[info] WARNING: A terminally deprecated method in sun.misc.Unsafe has been called
[info] WARNING: sun.misc.Unsafe::objectFieldOffset has been called by org.openjdk.jmh.util.Utils (file:/Users/stas/projects/scala-effect-bench/target/bg-jobs/sbt_abaae1e6/target/ec0caa91/1296d6b9/jmh-core-1.37.jar)
[info] WARNING: Please consider reporting this to the maintainers of class org.openjdk.jmh.util.Utils
[info] WARNING: sun.misc.Unsafe::objectFieldOffset will be removed in a future release
[info] # Warmup Iteration   1: 18,196 ops/s
[info] # Warmup Iteration   2: 21,784 ops/s
[info] # Warmup Iteration   3: 21,680 ops/s
[info] # Warmup Iteration   4: 21,974 ops/s
[info] # Warmup Iteration   5: 22,108 ops/s
[info] Iteration   1: 21,978 ops/s
[info]                  gc.alloc.rate:      7,868 MB/sec
[info]                  gc.alloc.rate.norm: 375436,870 B/op
[info]                  gc.count:           ≈ 0 counts
[info] Iteration   2: 22,136 ops/s
[info]                  gc.alloc.rate:      7,925 MB/sec
[info]                  gc.alloc.rate.norm: 375434,435 B/op
[info]                  gc.count:           ≈ 0 counts
[info] Iteration   3: 22,072 ops/s
[info]                  gc.alloc.rate:      7,902 MB/sec
[info]                  gc.alloc.rate.norm: 375421,913 B/op
[info]                  gc.count:           ≈ 0 counts
[info] Iteration   4: 21,708 ops/s
[info]                  gc.alloc.rate:      7,774 MB/sec
[info]                  gc.alloc.rate.norm: 375530,545 B/op
[info]                  gc.count:           ≈ 0 counts
[info] Iteration   5: 21,790 ops/s
[info]                  gc.alloc.rate:      5,998 MB/sec
[info]                  gc.alloc.rate.norm: 377487,273 B/op
[info]                  gc.count:           ≈ 0 counts
[info] # Run progress: 31,94% complete, ETA 00:12:57
[info] # Fork: 3 of 3
[info] WARNING: A terminally deprecated method in sun.misc.Unsafe has been called
[info] WARNING: sun.misc.Unsafe::objectFieldOffset has been called by org.openjdk.jmh.util.Utils (file:/Users/stas/projects/scala-effect-bench/target/bg-jobs/sbt_abaae1e6/target/ec0caa91/1296d6b9/jmh-core-1.37.jar)
[info] WARNING: Please consider reporting this to the maintainers of class org.openjdk.jmh.util.Utils
[info] WARNING: sun.misc.Unsafe::objectFieldOffset will be removed in a future release
[info] # Warmup Iteration   1: 17,968 ops/s
[info] # Warmup Iteration   2: 22,056 ops/s
[info] # Warmup Iteration   3: 21,570 ops/s
[info] # Warmup Iteration   4: 21,302 ops/s
[info] # Warmup Iteration   5: 21,786 ops/s
[info] Iteration   1: 21,891 ops/s
[info]                  gc.alloc.rate:      7,666 MB/sec
[info]                  gc.alloc.rate.norm: 367236,870 B/op
[info]                  gc.count:           ≈ 0 counts
[info] Iteration   2: 21,426 ops/s
[info]                  gc.alloc.rate:      7,504 MB/sec
[info]                  gc.alloc.rate.norm: 367269,818 B/op
[info]                  gc.count:           ≈ 0 counts
[info] Iteration   3: 21,264 ops/s
[info]                  gc.alloc.rate:      7,446 MB/sec
[info]                  gc.alloc.rate.norm: 367262,545 B/op
[info]                  gc.count:           ≈ 0 counts
[info] Iteration   4: 21,635 ops/s
[info]                  gc.alloc.rate:      7,578 MB/sec
[info]                  gc.alloc.rate.norm: 367332,364 B/op
[info]                  gc.count:           ≈ 0 counts
[info] Iteration   5: 21,763 ops/s
[info]                  gc.alloc.rate:      5,829 MB/sec
[info]                  gc.alloc.rate.norm: 369229,091 B/op
[info]                  gc.count:           ≈ 0 counts
[info] Result "bench.blocking.BlockingBench.requests":
[info]   21,761 ±(99.9%) 0,256 ops/s [Average]
[info]   (min, avg, max) = (21,264, 21,761, 22,136), stdev = 0,240
[info]   CI (99.9%): [21,505, 22,018] (assumes normal distribution)
[info] Secondary result "bench.blocking.BlockingBench.requests:gc.alloc.rate":
[info]   7,372 ±(99.9%) 0,817 MB/sec [Average]
[info]   (min, avg, max) = (5,829, 7,372, 7,925), stdev = 0,764
[info]   CI (99.9%): [6,555, 8,189] (assumes normal distribution)
[info] Secondary result "bench.blocking.BlockingBench.requests:gc.alloc.rate.norm":
[info]   373117,558 ±(99.9%) 4351,767 B/op [Average]
[info]   (min, avg, max) = (367236,870, 373117,558, 377487,273), stdev = 4070,646
[info]   CI (99.9%): [368765,791, 377469,325] (assumes normal distribution)
[info] Secondary result "bench.blocking.BlockingBench.requests:gc.count":
[info]   ≈ 0 counts
[info] # JMH version: 1.37
[info] # VM version: JDK 25.0.3, Java HotSpot(TM) 64-Bit Server VM, 25.0.3+9-LTS-195
[info] # VM invoker: /Users/stas/.sdkman/candidates/java/25.0.3-oracle/bin/java
[info] # VM options: --add-opens=java.base/java.lang=ALL-UNNAMED -Xms2g -Xmx2g -XX:+UseG1GC
[info] # Blackhole mode: compiler (auto-detected, use -Djmh.blackhole.autoDetect=false to disable)
[info] # Warmup: 5 iterations, 1 s each
[info] # Measurement: 5 iterations, 1 s each
[info] # Timeout: 10 min per iteration
[info] # Threads: 1 thread, will synchronize iterations
[info] # Benchmark mode: Throughput, ops/time
[info] # Benchmark: bench.blocking.BlockingBench.requests
[info] # Parameters: (delayMicros = 1000, parallelism = 8, runtime = kyo, size = 256)
[info] # Run progress: 33,33% complete, ETA 00:12:42
[info] # Fork: 1 of 3
[info] WARNING: A terminally deprecated method in sun.misc.Unsafe has been called
[info] WARNING: sun.misc.Unsafe::objectFieldOffset has been called by org.openjdk.jmh.util.Utils (file:/Users/stas/projects/scala-effect-bench/target/bg-jobs/sbt_abaae1e6/target/ec0caa91/1296d6b9/jmh-core-1.37.jar)
[info] WARNING: Please consider reporting this to the maintainers of class org.openjdk.jmh.util.Utils
[info] WARNING: sun.misc.Unsafe::objectFieldOffset will be removed in a future release
[info] # Warmup Iteration   1: 16,408 ops/s
[info] # Warmup Iteration   2: 18,473 ops/s
[info] # Warmup Iteration   3: 18,098 ops/s
[info] # Warmup Iteration   4: 18,223 ops/s
[info] # Warmup Iteration   5: 18,666 ops/s
[info] Iteration   1: 18,654 ops/s
[info]                  gc.alloc.rate:      2,041 MB/sec
[info]                  gc.alloc.rate.norm: 114744,000 B/op
[info]                  gc.count:           ≈ 0 counts
[info] Iteration   2: 18,328 ops/s
[info]                  gc.alloc.rate:      2,001 MB/sec
[info]                  gc.alloc.rate.norm: 114498,526 B/op
[info]                  gc.count:           ≈ 0 counts
[info] Iteration   3: 18,519 ops/s
[info]                  gc.alloc.rate:      2,021 MB/sec
[info]                  gc.alloc.rate.norm: 114464,842 B/op
[info]                  gc.count:           ≈ 0 counts
[info] Iteration   4: 18,367 ops/s
[info]                  gc.alloc.rate:      2,005 MB/sec
[info]                  gc.alloc.rate.norm: 114480,842 B/op
[info]                  gc.count:           ≈ 0 counts
[info] Iteration   5: 18,631 ops/s
[info]                  gc.alloc.rate:      1,587 MB/sec
[info]                  gc.alloc.rate.norm: 116569,684 B/op
[info]                  gc.count:           ≈ 0 counts
[info] # Run progress: 34,72% complete, ETA 00:12:26
[info] # Fork: 2 of 3
[info] WARNING: A terminally deprecated method in sun.misc.Unsafe has been called
[info] WARNING: sun.misc.Unsafe::objectFieldOffset has been called by org.openjdk.jmh.util.Utils (file:/Users/stas/projects/scala-effect-bench/target/bg-jobs/sbt_abaae1e6/target/ec0caa91/1296d6b9/jmh-core-1.37.jar)
[info] WARNING: Please consider reporting this to the maintainers of class org.openjdk.jmh.util.Utils
[info] WARNING: sun.misc.Unsafe::objectFieldOffset will be removed in a future release
[info] # Warmup Iteration   1: 16,223 ops/s
[info] # Warmup Iteration   2: 18,311 ops/s
[info] # Warmup Iteration   3: 17,742 ops/s
[info] # Warmup Iteration   4: 18,197 ops/s
[info] # Warmup Iteration   5: 18,459 ops/s
[info] Iteration   1: 18,169 ops/s
[info]                  gc.alloc.rate:      1,969 MB/sec
[info]                  gc.alloc.rate.norm: 113627,789 B/op
[info]                  gc.count:           ≈ 0 counts
[info] Iteration   2: 18,710 ops/s
[info]                  gc.alloc.rate:      2,032 MB/sec
[info]                  gc.alloc.rate.norm: 113890,947 B/op
[info]                  gc.count:           ≈ 0 counts
[info] Iteration   3: 18,326 ops/s
[info]                  gc.alloc.rate:      1,984 MB/sec
[info]                  gc.alloc.rate.norm: 113548,632 B/op
[info]                  gc.count:           ≈ 0 counts
[info] Iteration   4: 18,684 ops/s
[info]                  gc.alloc.rate:      2,023 MB/sec
[info]                  gc.alloc.rate.norm: 113559,158 B/op
[info]                  gc.count:           ≈ 0 counts
[info] Iteration   5: 18,541 ops/s
[info]                  gc.alloc.rate:      1,572 MB/sec
[info]                  gc.alloc.rate.norm: 115824,000 B/op
[info]                  gc.count:           ≈ 0 counts
[info] # Run progress: 36,11% complete, ETA 00:12:10
[info] # Fork: 3 of 3
[info] WARNING: A terminally deprecated method in sun.misc.Unsafe has been called
[info] WARNING: sun.misc.Unsafe::objectFieldOffset has been called by org.openjdk.jmh.util.Utils (file:/Users/stas/projects/scala-effect-bench/target/bg-jobs/sbt_abaae1e6/target/ec0caa91/1296d6b9/jmh-core-1.37.jar)
[info] WARNING: Please consider reporting this to the maintainers of class org.openjdk.jmh.util.Utils
[info] WARNING: sun.misc.Unsafe::objectFieldOffset will be removed in a future release
[info] # Warmup Iteration   1: 15,208 ops/s
[info] # Warmup Iteration   2: 18,519 ops/s
[info] # Warmup Iteration   3: 18,229 ops/s
[info] # Warmup Iteration   4: 18,145 ops/s
[info] # Warmup Iteration   5: 18,334 ops/s
[info] Iteration   1: 18,230 ops/s
[info]                  gc.alloc.rate:      1,948 MB/sec
[info]                  gc.alloc.rate.norm: 112049,684 B/op
[info]                  gc.count:           ≈ 0 counts
[info] Iteration   2: 18,591 ops/s
[info]                  gc.alloc.rate:      1,984 MB/sec
[info]                  gc.alloc.rate.norm: 111906,105 B/op
[info]                  gc.count:           ≈ 0 counts
[info] Iteration   3: 18,197 ops/s
[info]                  gc.alloc.rate:      1,943 MB/sec
[info]                  gc.alloc.rate.norm: 111978,947 B/op
[info]                  gc.count:           ≈ 0 counts
[info] Iteration   4: 18,457 ops/s
[info]                  gc.alloc.rate:      1,971 MB/sec
[info]                  gc.alloc.rate.norm: 111970,526 B/op
[info]                  gc.count:           ≈ 0 counts
[info] Iteration   5: 18,257 ops/s
[info]                  gc.alloc.rate:      1,532 MB/sec
[info]                  gc.alloc.rate.norm: 114220,632 B/op
[info]                  gc.count:           ≈ 0 counts
[info] Result "bench.blocking.BlockingBench.requests":
[info]   18,444 ±(99.9%) 0,201 ops/s [Average]
[info]   (min, avg, max) = (18,169, 18,444, 18,710), stdev = 0,188
[info]   CI (99.9%): [18,243, 18,645] (assumes normal distribution)
[info] Secondary result "bench.blocking.BlockingBench.requests:gc.alloc.rate":
[info]   1,908 ±(99.9%) 0,193 MB/sec [Average]
[info]   (min, avg, max) = (1,532, 1,908, 2,041), stdev = 0,180
[info]   CI (99.9%): [1,715, 2,101] (assumes normal distribution)
[info] Secondary result "bench.blocking.BlockingBench.requests:gc.alloc.rate.norm":
[info]   113822,288 ±(99.9%) 1503,613 B/op [Average]
[info]   (min, avg, max) = (111906,105, 113822,288, 116569,684), stdev = 1406,480
[info]   CI (99.9%): [112318,675, 115325,900] (assumes normal distribution)
[info] Secondary result "bench.blocking.BlockingBench.requests:gc.count":
[info]   ≈ 0 counts
[info] # JMH version: 1.37
[info] # VM version: JDK 25.0.3, Java HotSpot(TM) 64-Bit Server VM, 25.0.3+9-LTS-195
[info] # VM invoker: /Users/stas/.sdkman/candidates/java/25.0.3-oracle/bin/java
[info] # VM options: --add-opens=java.base/java.lang=ALL-UNNAMED -Xms2g -Xmx2g -XX:+UseG1GC
[info] # Blackhole mode: compiler (auto-detected, use -Djmh.blackhole.autoDetect=false to disable)
[info] # Warmup: 5 iterations, 1 s each
[info] # Measurement: 5 iterations, 1 s each
[info] # Timeout: 10 min per iteration
[info] # Threads: 1 thread, will synchronize iterations
[info] # Benchmark mode: Throughput, ops/time
[info] # Benchmark: bench.blocking.BlockingBench.requests
[info] # Parameters: (delayMicros = 1000, parallelism = 64, runtime = ce, size = 256)
[info] # Run progress: 37,50% complete, ETA 00:11:55
[info] # Fork: 1 of 3
[info] WARNING: A terminally deprecated method in sun.misc.Unsafe has been called
[info] WARNING: sun.misc.Unsafe::objectFieldOffset has been called by org.openjdk.jmh.util.Utils (file:/Users/stas/projects/scala-effect-bench/target/bg-jobs/sbt_abaae1e6/target/ec0caa91/1296d6b9/jmh-core-1.37.jar)
[info] WARNING: Please consider reporting this to the maintainers of class org.openjdk.jmh.util.Utils
[info] WARNING: sun.misc.Unsafe::objectFieldOffset will be removed in a future release
[info] # Warmup Iteration   1: 118,726 ops/s
[info] # Warmup Iteration   2: 147,488 ops/s
[info] # Warmup Iteration   3: 152,943 ops/s
[info] # Warmup Iteration   4: 153,410 ops/s
[info] # Warmup Iteration   5: 153,970 ops/s
[info] Iteration   1: 149,415 ops/s
[info]                  gc.alloc.rate:      23,381 MB/sec
[info]                  gc.alloc.rate.norm: 164100,373 B/op
[info]                  gc.count:           ≈ 0 counts
[info] Iteration   2: 152,474 ops/s
[info]                  gc.alloc.rate:      23,900 MB/sec
[info]                  gc.alloc.rate.norm: 164380,601 B/op
[info]                  gc.count:           ≈ 0 counts
[info] Iteration   3: 154,457 ops/s
[info]                  gc.alloc.rate:      24,297 MB/sec
[info]                  gc.alloc.rate.norm: 164964,335 B/op
[info]                  gc.count:           ≈ 0 counts
[info] Iteration   4: 152,281 ops/s
[info]                  gc.alloc.rate:      23,876 MB/sec
[info]                  gc.alloc.rate.norm: 164425,412 B/op
[info]                  gc.count:           ≈ 0 counts
[info] Iteration   5: 152,537 ops/s
[info]                  gc.alloc.rate:      18,147 MB/sec
[info]                  gc.alloc.rate.norm: 164456,471 B/op
[info]                  gc.count:           ≈ 0 counts
[info] # Run progress: 38,89% complete, ETA 00:11:39
[info] # Fork: 2 of 3
[info] WARNING: A terminally deprecated method in sun.misc.Unsafe has been called
[info] WARNING: sun.misc.Unsafe::objectFieldOffset has been called by org.openjdk.jmh.util.Utils (file:/Users/stas/projects/scala-effect-bench/target/bg-jobs/sbt_abaae1e6/target/ec0caa91/1296d6b9/jmh-core-1.37.jar)
[info] WARNING: Please consider reporting this to the maintainers of class org.openjdk.jmh.util.Utils
[info] WARNING: sun.misc.Unsafe::objectFieldOffset will be removed in a future release
[info] # Warmup Iteration   1: 120,591 ops/s
[info] # Warmup Iteration   2: 153,375 ops/s
[info] # Warmup Iteration   3: 153,651 ops/s
[info] # Warmup Iteration   4: 155,955 ops/s
[info] # Warmup Iteration   5: 153,724 ops/s
[info] Iteration   1: 153,885 ops/s
[info]                  gc.alloc.rate:      24,348 MB/sec
[info]                  gc.alloc.rate.norm: 165922,065 B/op
[info]                  gc.count:           ≈ 0 counts
[info] Iteration   2: 153,055 ops/s
[info]                  gc.alloc.rate:      24,180 MB/sec
[info]                  gc.alloc.rate.norm: 165677,610 B/op
[info]                  gc.count:           ≈ 0 counts
[info] Iteration   3: 153,943 ops/s
[info]                  gc.alloc.rate:      24,356 MB/sec
[info]                  gc.alloc.rate.norm: 165919,123 B/op
[info]                  gc.count:           ≈ 0 counts
[info] Iteration   4: 154,685 ops/s
[info]                  gc.alloc.rate:      24,524 MB/sec
[info]                  gc.alloc.rate.norm: 166259,026 B/op
[info]                  gc.count:           ≈ 0 counts
[info] Iteration   5: 151,897 ops/s
[info]                  gc.alloc.rate:      18,239 MB/sec
[info]                  gc.alloc.rate.norm: 166310,379 B/op
[info]                  gc.count:           ≈ 0 counts
[info] # Run progress: 40,28% complete, ETA 00:11:23
[info] # Fork: 3 of 3
[info] WARNING: A terminally deprecated method in sun.misc.Unsafe has been called
[info] WARNING: sun.misc.Unsafe::objectFieldOffset has been called by org.openjdk.jmh.util.Utils (file:/Users/stas/projects/scala-effect-bench/target/bg-jobs/sbt_abaae1e6/target/ec0caa91/1296d6b9/jmh-core-1.37.jar)
[info] WARNING: Please consider reporting this to the maintainers of class org.openjdk.jmh.util.Utils
[info] WARNING: sun.misc.Unsafe::objectFieldOffset will be removed in a future release
[info] # Warmup Iteration   1: 122,553 ops/s
[info] # Warmup Iteration   2: 150,931 ops/s
[info] # Warmup Iteration   3: 153,105 ops/s
[info] # Warmup Iteration   4: 153,202 ops/s
[info] # Warmup Iteration   5: 151,220 ops/s
[info] Iteration   1: 151,367 ops/s
[info]                  gc.alloc.rate:      23,734 MB/sec
[info]                  gc.alloc.rate.norm: 164433,895 B/op
[info]                  gc.count:           ≈ 0 counts
[info] Iteration   2: 154,885 ops/s
[info]                  gc.alloc.rate:      24,312 MB/sec
[info]                  gc.alloc.rate.norm: 164610,994 B/op
[info]                  gc.count:           ≈ 0 counts
[info] Iteration   3: 152,074 ops/s
[info]                  gc.alloc.rate:      23,824 MB/sec
[info]                  gc.alloc.rate.norm: 164288,837 B/op
[info]                  gc.count:           ≈ 0 counts
[info] Iteration   4: 151,794 ops/s
[info]                  gc.alloc.rate:      23,798 MB/sec
[info]                  gc.alloc.rate.norm: 164411,869 B/op
[info]                  gc.count:           ≈ 0 counts
[info] Iteration   5: 153,454 ops/s
[info]                  gc.alloc.rate:      18,361 MB/sec
[info]                  gc.alloc.rate.norm: 164946,286 B/op
[info]                  gc.count:           ≈ 0 counts
[info] Result "bench.blocking.BlockingBench.requests":
[info]   152,813 ±(99.9%) 1,563 ops/s [Average]
[info]   (min, avg, max) = (149,415, 152,813, 154,885), stdev = 1,462
[info]   CI (99.9%): [151,250, 154,377] (assumes normal distribution)
[info] Secondary result "bench.blocking.BlockingBench.requests:gc.alloc.rate":
[info]   22,885 ±(99.9%) 2,586 MB/sec [Average]
[info]   (min, avg, max) = (18,147, 22,885, 24,524), stdev = 2,418
[info]   CI (99.9%): [20,300, 25,471] (assumes normal distribution)
[info] Secondary result "bench.blocking.BlockingBench.requests:gc.alloc.rate.norm":
[info]   165007,152 ±(99.9%) 837,978 B/op [Average]
[info]   (min, avg, max) = (164100,373, 165007,152, 166310,379), stdev = 783,845
[info]   CI (99.9%): [164169,174, 165845,130] (assumes normal distribution)
[info] Secondary result "bench.blocking.BlockingBench.requests:gc.count":
[info]   ≈ 0 counts
[info] # JMH version: 1.37
[info] # VM version: JDK 25.0.3, Java HotSpot(TM) 64-Bit Server VM, 25.0.3+9-LTS-195
[info] # VM invoker: /Users/stas/.sdkman/candidates/java/25.0.3-oracle/bin/java
[info] # VM options: --add-opens=java.base/java.lang=ALL-UNNAMED -Xms2g -Xmx2g -XX:+UseG1GC
[info] # Blackhole mode: compiler (auto-detected, use -Djmh.blackhole.autoDetect=false to disable)
[info] # Warmup: 5 iterations, 1 s each
[info] # Measurement: 5 iterations, 1 s each
[info] # Timeout: 10 min per iteration
[info] # Threads: 1 thread, will synchronize iterations
[info] # Benchmark mode: Throughput, ops/time
[info] # Benchmark: bench.blocking.BlockingBench.requests
[info] # Parameters: (delayMicros = 1000, parallelism = 64, runtime = ceVirtual, size = 256)
[info] # Run progress: 41,67% complete, ETA 00:11:06
[info] # Fork: 1 of 3
[info] WARNING: A terminally deprecated method in sun.misc.Unsafe has been called
[info] WARNING: sun.misc.Unsafe::objectFieldOffset has been called by org.openjdk.jmh.util.Utils (file:/Users/stas/projects/scala-effect-bench/target/bg-jobs/sbt_abaae1e6/target/ec0caa91/1296d6b9/jmh-core-1.37.jar)
[info] WARNING: Please consider reporting this to the maintainers of class org.openjdk.jmh.util.Utils
[info] WARNING: sun.misc.Unsafe::objectFieldOffset will be removed in a future release
[info] # Warmup Iteration   1: 106,633 ops/s
[info] # Warmup Iteration   2: 134,153 ops/s
[info] # Warmup Iteration   3: 134,686 ops/s
[info] # Warmup Iteration   4: 131,202 ops/s
[info] # Warmup Iteration   5: 133,738 ops/s
[info] Iteration   1: 131,054 ops/s
[info]                  gc.alloc.rate:      57,324 MB/sec
[info]                  gc.alloc.rate.norm: 458699,939 B/op
[info]                  gc.count:           ≈ 0 counts
[info] Iteration   2: 138,317 ops/s
[info]                  gc.alloc.rate:      60,523 MB/sec
[info]                  gc.alloc.rate.norm: 458861,583 B/op
[info]                  gc.count:           ≈ 0 counts
[info] Iteration   3: 140,474 ops/s
[info]                  gc.alloc.rate:      61,510 MB/sec
[info]                  gc.alloc.rate.norm: 459197,674 B/op
[info]                  gc.count:           ≈ 0 counts
[info] Iteration   4: 138,154 ops/s
[info]                  gc.alloc.rate:      60,467 MB/sec
[info]                  gc.alloc.rate.norm: 458980,950 B/op
[info]                  gc.count:           ≈ 0 counts
[info] Iteration   5: 133,368 ops/s
[info]                  gc.alloc.rate:      44,191 MB/sec
[info]                  gc.alloc.rate.norm: 459141,433 B/op
[info]                  gc.count:           ≈ 0 counts
[info] # Run progress: 43,06% complete, ETA 00:10:51
[info] # Fork: 2 of 3
[info] WARNING: A terminally deprecated method in sun.misc.Unsafe has been called
[info] WARNING: sun.misc.Unsafe::objectFieldOffset has been called by org.openjdk.jmh.util.Utils (file:/Users/stas/projects/scala-effect-bench/target/bg-jobs/sbt_abaae1e6/target/ec0caa91/1296d6b9/jmh-core-1.37.jar)
[info] WARNING: Please consider reporting this to the maintainers of class org.openjdk.jmh.util.Utils
[info] WARNING: sun.misc.Unsafe::objectFieldOffset will be removed in a future release
[info] # Warmup Iteration   1: 109,343 ops/s
[info] # Warmup Iteration   2: 136,756 ops/s
[info] # Warmup Iteration   3: 131,874 ops/s
[info] # Warmup Iteration   4: 137,232 ops/s
[info] # Warmup Iteration   5: 133,932 ops/s
[info] Iteration   1: 141,157 ops/s
[info]                  gc.alloc.rate:      61,769 MB/sec
[info]                  gc.alloc.rate.norm: 458896,113 B/op
[info]                  gc.count:           ≈ 0 counts
[info] Iteration   2: 134,495 ops/s
[info]                  gc.alloc.rate:      58,846 MB/sec
[info]                  gc.alloc.rate.norm: 458849,541 B/op
[info]                  gc.count:           ≈ 0 counts
[info] Iteration   3: 135,932 ops/s
[info]                  gc.alloc.rate:      59,473 MB/sec
[info]                  gc.alloc.rate.norm: 458812,847 B/op
[info]                  gc.count:           ≈ 0 counts
[info] Iteration   4: 141,752 ops/s
[info]                  gc.alloc.rate:      62,065 MB/sec
[info]                  gc.alloc.rate.norm: 459150,254 B/op
[info]                  gc.count:           ≈ 0 counts
[info] Iteration   5: 141,378 ops/s
[info]                  gc.alloc.rate:      47,023 MB/sec
[info]                  gc.alloc.rate.norm: 459488,224 B/op
[info]                  gc.count:           ≈ 0 counts
[info] # Run progress: 44,44% complete, ETA 00:10:35
[info] # Fork: 3 of 3
[info] WARNING: A terminally deprecated method in sun.misc.Unsafe has been called
[info] WARNING: sun.misc.Unsafe::objectFieldOffset has been called by org.openjdk.jmh.util.Utils (file:/Users/stas/projects/scala-effect-bench/target/bg-jobs/sbt_abaae1e6/target/ec0caa91/1296d6b9/jmh-core-1.37.jar)
[info] WARNING: Please consider reporting this to the maintainers of class org.openjdk.jmh.util.Utils
[info] WARNING: sun.misc.Unsafe::objectFieldOffset will be removed in a future release
[info] # Warmup Iteration   1: 101,789 ops/s
[info] # Warmup Iteration   2: 136,766 ops/s
[info] # Warmup Iteration   3: 131,912 ops/s
[info] # Warmup Iteration   4: 136,293 ops/s
[info] # Warmup Iteration   5: 138,443 ops/s
[info] Iteration   1: 134,597 ops/s
[info]                  gc.alloc.rate:      58,889 MB/sec
[info]                  gc.alloc.rate.norm: 458830,696 B/op
[info]                  gc.count:           ≈ 0 counts
[info] Iteration   2: 136,040 ops/s
[info]                  gc.alloc.rate:      59,521 MB/sec
[info]                  gc.alloc.rate.norm: 458824,818 B/op
[info]                  gc.count:           ≈ 0 counts
[info] Iteration   3: 136,217 ops/s
[info]                  gc.alloc.rate:      59,612 MB/sec
[info]                  gc.alloc.rate.norm: 458936,759 B/op
[info]                  gc.count:           ≈ 0 counts
[info] Iteration   4: 140,393 ops/s
[info]                  gc.alloc.rate:      61,453 MB/sec
[info]                  gc.alloc.rate.norm: 459023,149 B/op
[info]                  gc.count:           ≈ 0 counts
[info] Iteration   5: 139,359 ops/s
[info]                  gc.alloc.rate:      46,281 MB/sec
[info]                  gc.alloc.rate.norm: 459284,114 B/op
[info]                  gc.count:           ≈ 0 counts
[info] Result "bench.blocking.BlockingBench.requests":
[info]   137,512 ±(99.9%) 3,506 ops/s [Average]
[info]   (min, avg, max) = (131,054, 137,512, 141,752), stdev = 3,280
[info]   CI (99.9%): [134,006, 141,019] (assumes normal distribution)
[info] Secondary result "bench.blocking.BlockingBench.requests:gc.alloc.rate":
[info]   57,263 ±(99.9%) 6,495 MB/sec [Average]
[info]   (min, avg, max) = (44,191, 57,263, 62,065), stdev = 6,076
[info]   CI (99.9%): [50,768, 63,759] (assumes normal distribution)
[info] Secondary result "bench.blocking.BlockingBench.requests:gc.alloc.rate.norm":
[info]   458998,539 ±(99.9%) 229,040 B/op [Average]
[info]   (min, avg, max) = (458699,939, 458998,539, 459488,224), stdev = 214,244
[info]   CI (99.9%): [458769,499, 459227,580] (assumes normal distribution)
[info] Secondary result "bench.blocking.BlockingBench.requests:gc.count":
[info]   ≈ 0 counts
[info] # JMH version: 1.37
[info] # VM version: JDK 25.0.3, Java HotSpot(TM) 64-Bit Server VM, 25.0.3+9-LTS-195
[info] # VM invoker: /Users/stas/.sdkman/candidates/java/25.0.3-oracle/bin/java
[info] # VM options: --add-opens=java.base/java.lang=ALL-UNNAMED -Xms2g -Xmx2g -XX:+UseG1GC
[info] # Blackhole mode: compiler (auto-detected, use -Djmh.blackhole.autoDetect=false to disable)
[info] # Warmup: 5 iterations, 1 s each
[info] # Measurement: 5 iterations, 1 s each
[info] # Timeout: 10 min per iteration
[info] # Threads: 1 thread, will synchronize iterations
[info] # Benchmark mode: Throughput, ops/time
[info] # Benchmark: bench.blocking.BlockingBench.requests
[info] # Parameters: (delayMicros = 1000, parallelism = 64, runtime = kyo, size = 256)
[info] # Run progress: 45,83% complete, ETA 00:10:20
[info] # Fork: 1 of 3
[info] WARNING: A terminally deprecated method in sun.misc.Unsafe has been called
[info] WARNING: sun.misc.Unsafe::objectFieldOffset has been called by org.openjdk.jmh.util.Utils (file:/Users/stas/projects/scala-effect-bench/target/bg-jobs/sbt_abaae1e6/target/ec0caa91/1296d6b9/jmh-core-1.37.jar)
[info] WARNING: Please consider reporting this to the maintainers of class org.openjdk.jmh.util.Utils
[info] WARNING: sun.misc.Unsafe::objectFieldOffset will be removed in a future release
[info] # Warmup Iteration   1: 4,592 ops/s
[info] # Warmup Iteration   2: 4,979 ops/s
[info] # Warmup Iteration   3: 4,956 ops/s
[info] # Warmup Iteration   4: 4,958 ops/s
[info] # Warmup Iteration   5: 4,958 ops/s
[info] Iteration   1: 4,966 ops/s
[info]                  gc.alloc.rate:      0,733 MB/sec
[info]                  gc.alloc.rate.norm: 154686,400 B/op
[info]                  gc.count:           ≈ 0 counts
[info] Iteration   2: 4,955 ops/s
[info]                  gc.alloc.rate:      0,711 MB/sec
[info]                  gc.alloc.rate.norm: 150468,800 B/op
[info]                  gc.count:           ≈ 0 counts
[info] Iteration   3: 4,951 ops/s
[info]                  gc.alloc.rate:      0,730 MB/sec
[info]                  gc.alloc.rate.norm: 154552,000 B/op
[info]                  gc.count:           ≈ 0 counts
[info] Iteration   4: 4,949 ops/s
[info]                  gc.alloc.rate:      0,729 MB/sec
[info]                  gc.alloc.rate.norm: 154526,400 B/op
[info]                  gc.count:           ≈ 0 counts
[info] Iteration   5: 4,967 ops/s
[info]                  gc.alloc.rate:      0,563 MB/sec
[info]                  gc.alloc.rate.norm: 155548,800 B/op
[info]                  gc.count:           ≈ 0 counts
[info] # Run progress: 47,22% complete, ETA 00:10:04
[info] # Fork: 2 of 3
[info] WARNING: A terminally deprecated method in sun.misc.Unsafe has been called
[info] WARNING: sun.misc.Unsafe::objectFieldOffset has been called by org.openjdk.jmh.util.Utils (file:/Users/stas/projects/scala-effect-bench/target/bg-jobs/sbt_abaae1e6/target/ec0caa91/1296d6b9/jmh-core-1.37.jar)
[info] WARNING: Please consider reporting this to the maintainers of class org.openjdk.jmh.util.Utils
[info] WARNING: sun.misc.Unsafe::objectFieldOffset will be removed in a future release
[info] # Warmup Iteration   1: 5,050 ops/s
[info] # Warmup Iteration   2: 4,982 ops/s
[info] # Warmup Iteration   3: 4,958 ops/s
[info] # Warmup Iteration   4: 4,953 ops/s
[info] # Warmup Iteration   5: 4,969 ops/s
[info] Iteration   1: 4,950 ops/s
[info]                  gc.alloc.rate:      0,728 MB/sec
[info]                  gc.alloc.rate.norm: 154153,600 B/op
[info]                  gc.count:           ≈ 0 counts
[info] Iteration   2: 4,966 ops/s
[info]                  gc.alloc.rate:      0,713 MB/sec
[info]                  gc.alloc.rate.norm: 150612,800 B/op
[info]                  gc.count:           ≈ 0 counts
[info] Iteration   3: 4,979 ops/s
[info]                  gc.alloc.rate:      0,730 MB/sec
[info]                  gc.alloc.rate.norm: 153802,667 B/op
[info]                  gc.count:           ≈ 0 counts
[info] Iteration   4: 4,948 ops/s
[info]                  gc.alloc.rate:      0,726 MB/sec
[info]                  gc.alloc.rate.norm: 153769,600 B/op
[info]                  gc.count:           ≈ 0 counts
[info] Iteration   5: 4,955 ops/s
[info]                  gc.alloc.rate:      0,560 MB/sec
[info]                  gc.alloc.rate.norm: 155339,200 B/op
[info]                  gc.count:           ≈ 0 counts
[info] # Run progress: 48,61% complete, ETA 00:09:48
[info] # Fork: 3 of 3
[info] WARNING: A terminally deprecated method in sun.misc.Unsafe has been called
[info] WARNING: sun.misc.Unsafe::objectFieldOffset has been called by org.openjdk.jmh.util.Utils (file:/Users/stas/projects/scala-effect-bench/target/bg-jobs/sbt_abaae1e6/target/ec0caa91/1296d6b9/jmh-core-1.37.jar)
[info] WARNING: Please consider reporting this to the maintainers of class org.openjdk.jmh.util.Utils
[info] WARNING: sun.misc.Unsafe::objectFieldOffset will be removed in a future release
[info] # Warmup Iteration   1: 5,504 ops/s
[info] # Warmup Iteration   2: 4,979 ops/s
[info] # Warmup Iteration   3: 4,982 ops/s
[info] # Warmup Iteration   4: 4,934 ops/s
[info] # Warmup Iteration   5: 4,976 ops/s
[info] Iteration   1: 4,967 ops/s
[info]                  gc.alloc.rate:      0,740 MB/sec
[info]                  gc.alloc.rate.norm: 156144,000 B/op
[info]                  gc.count:           ≈ 0 counts
[info] Iteration   2: 4,986 ops/s
[info]                  gc.alloc.rate:      0,724 MB/sec
[info]                  gc.alloc.rate.norm: 152236,800 B/op
[info]                  gc.count:           ≈ 0 counts
[info] Iteration   3: 4,940 ops/s
[info]                  gc.alloc.rate:      0,734 MB/sec
[info]                  gc.alloc.rate.norm: 155814,400 B/op
[info]                  gc.count:           ≈ 0 counts
[info] Iteration   4: 4,969 ops/s
[info]                  gc.alloc.rate:      0,741 MB/sec
[info]                  gc.alloc.rate.norm: 156444,800 B/op
[info]                  gc.count:           ≈ 0 counts
[info] Iteration   5: 4,950 ops/s
[info]                  gc.alloc.rate:      0,569 MB/sec
[info]                  gc.alloc.rate.norm: 157539,200 B/op
[info]                  gc.count:           ≈ 0 counts
[info] Result "bench.blocking.BlockingBench.requests":
[info]   4,960 ±(99.9%) 0,014 ops/s [Average]
[info]   (min, avg, max) = (4,940, 4,960, 4,986), stdev = 0,013
[info]   CI (99.9%): [4,946, 4,974] (assumes normal distribution)
[info] Secondary result "bench.blocking.BlockingBench.requests:gc.alloc.rate":
[info]   0,695 ±(99.9%) 0,073 MB/sec [Average]
[info]   (min, avg, max) = (0,560, 0,695, 0,741), stdev = 0,069
[info]   CI (99.9%): [0,622, 0,769] (assumes normal distribution)
[info] Secondary result "bench.blocking.BlockingBench.requests:gc.alloc.rate.norm":
[info]   154375,964 ±(99.9%) 2151,134 B/op [Average]
[info]   (min, avg, max) = (150468,800, 154375,964, 157539,200), stdev = 2012,172
[info]   CI (99.9%): [152224,831, 156527,098] (assumes normal distribution)
[info] Secondary result "bench.blocking.BlockingBench.requests:gc.count":
[info]   ≈ 0 counts
[info] # JMH version: 1.37
[info] # VM version: JDK 25.0.3, Java HotSpot(TM) 64-Bit Server VM, 25.0.3+9-LTS-195
[info] # VM invoker: /Users/stas/.sdkman/candidates/java/25.0.3-oracle/bin/java
[info] # VM options: --add-opens=java.base/java.lang=ALL-UNNAMED -Xms2g -Xmx2g -XX:+UseG1GC
[info] # Blackhole mode: compiler (auto-detected, use -Djmh.blackhole.autoDetect=false to disable)
[info] # Warmup: 5 iterations, 1 s each
[info] # Measurement: 5 iterations, 1 s each
[info] # Timeout: 10 min per iteration
[info] # Threads: 1 thread, will synchronize iterations
[info] # Benchmark mode: Sampling time
[info] # Benchmark: bench.blocking.BlockingBench.requests
[info] # Parameters: (delayMicros = 0, parallelism = 8, runtime = ce, size = 256)
[info] # Run progress: 50,00% complete, ETA 00:09:32
[info] # Fork: 1 of 3
[info] WARNING: A terminally deprecated method in sun.misc.Unsafe has been called
[info] WARNING: sun.misc.Unsafe::objectFieldOffset has been called by org.openjdk.jmh.util.Utils (file:/Users/stas/projects/scala-effect-bench/target/bg-jobs/sbt_abaae1e6/target/ec0caa91/1296d6b9/jmh-core-1.37.jar)
[info] WARNING: Please consider reporting this to the maintainers of class org.openjdk.jmh.util.Utils
[info] WARNING: sun.misc.Unsafe::objectFieldOffset will be removed in a future release
[info] # Warmup Iteration   1: 0,003 ±(99.9%) 0,002 s/op
[info] # Warmup Iteration   2: 0,002 ±(99.9%) 0,001 s/op
[info] # Warmup Iteration   3: 0,002 ±(99.9%) 0,001 s/op
[info] # Warmup Iteration   4: 0,002 ±(99.9%) 0,001 s/op
[info] # Warmup Iteration   5: 0,002 ±(99.9%) 0,001 s/op
[info] Iteration   1: 0,002 ±(99.9%) 0,001 s/op
[info]                  gc.alloc.rate:      31,988 MB/sec
[info]                  gc.alloc.rate.norm: 72121,026 B/op
[info]                  gc.count:           ≈ 0 counts
[info]                  p0.00:              0,002 s/op
[info]                  p0.50:              0,002 s/op
[info]                  p0.90:              0,002 s/op
[info]                  p0.95:              0,002 s/op
[info]                  p0.99:              0,002 s/op
[info]                  p0.999:             0,003 s/op
[info]                  p0.9999:            0,003 s/op
[info]                  p1.00:              0,003 s/op
[info] Iteration   2: 0,002 ±(99.9%) 0,001 s/op
[info]                  gc.alloc.rate:      32,227 MB/sec
[info]                  gc.alloc.rate.norm: 71923,975 B/op
[info]                  gc.count:           ≈ 0 counts
[info]                  p0.00:              0,002 s/op
[info]                  p0.50:              0,002 s/op
[info]                  p0.90:              0,002 s/op
[info]                  p0.95:              0,002 s/op
[info]                  p0.99:              0,002 s/op
[info]                  p0.999:             0,003 s/op
[info]                  p0.9999:            0,003 s/op
[info]                  p1.00:              0,003 s/op
[info] Iteration   3: 0,002 ±(99.9%) 0,001 s/op
[info]                  gc.alloc.rate:      32,072 MB/sec
[info]                  gc.alloc.rate.norm: 71882,894 B/op
[info]                  gc.count:           ≈ 0 counts
[info]                  p0.00:              0,002 s/op
[info]                  p0.50:              0,002 s/op
[info]                  p0.90:              0,002 s/op
[info]                  p0.95:              0,002 s/op
[info]                  p0.99:              0,002 s/op
[info]                  p0.999:             0,003 s/op
[info]                  p0.9999:            0,003 s/op
[info]                  p1.00:              0,003 s/op
[info] Iteration   4: 0,002 ±(99.9%) 0,001 s/op
[info]                  gc.alloc.rate:      32,065 MB/sec
[info]                  gc.alloc.rate.norm: 71870,879 B/op
[info]                  gc.count:           ≈ 0 counts
[info]                  p0.00:              0,002 s/op
[info]                  p0.50:              0,002 s/op
[info]                  p0.90:              0,002 s/op
[info]                  p0.95:              0,002 s/op
[info]                  p0.99:              0,002 s/op
[info]                  p0.999:             0,002 s/op
[info]                  p0.9999:            0,002 s/op
[info]                  p1.00:              0,002 s/op
[info] Iteration   5: 0,002 ±(99.9%) 0,001 s/op
[info]                  gc.alloc.rate:      24,592 MB/sec
[info]                  gc.alloc.rate.norm: 71951,561 B/op
[info]                  gc.count:           ≈ 0 counts
[info]                  p0.00:              0,002 s/op
[info]                  p0.50:              0,002 s/op
[info]                  p0.90:              0,002 s/op
[info]                  p0.95:              0,002 s/op
[info]                  p0.99:              0,002 s/op
[info]                  p0.999:             0,002 s/op
[info]                  p0.9999:            0,002 s/op
[info]                  p1.00:              0,002 s/op
[info] # Run progress: 51,39% complete, ETA 00:09:16
[info] # Fork: 2 of 3
[info] WARNING: A terminally deprecated method in sun.misc.Unsafe has been called
[info] WARNING: sun.misc.Unsafe::objectFieldOffset has been called by org.openjdk.jmh.util.Utils (file:/Users/stas/projects/scala-effect-bench/target/bg-jobs/sbt_abaae1e6/target/ec0caa91/1296d6b9/jmh-core-1.37.jar)
[info] WARNING: Please consider reporting this to the maintainers of class org.openjdk.jmh.util.Utils
[info] WARNING: sun.misc.Unsafe::objectFieldOffset will be removed in a future release
[info] # Warmup Iteration   1: 0,003 ±(99.9%) 0,002 s/op
[info] # Warmup Iteration   2: 0,002 ±(99.9%) 0,001 s/op
[info] # Warmup Iteration   3: 0,002 ±(99.9%) 0,001 s/op
[info] # Warmup Iteration   4: 0,002 ±(99.9%) 0,001 s/op
[info] # Warmup Iteration   5: 0,002 ±(99.9%) 0,001 s/op
[info] Iteration   1: 0,002 ±(99.9%) 0,001 s/op
[info]                  gc.alloc.rate:      32,484 MB/sec
[info]                  gc.alloc.rate.norm: 72133,844 B/op
[info]                  gc.count:           ≈ 0 counts
[info]                  p0.00:              0,002 s/op
[info]                  p0.50:              0,002 s/op
[info]                  p0.90:              0,002 s/op
[info]                  p0.95:              0,002 s/op
[info]                  p0.99:              0,002 s/op
[info]                  p0.999:             0,002 s/op
[info]                  p0.9999:            0,002 s/op
[info]                  p1.00:              0,002 s/op
[info] Iteration   2: 0,002 ±(99.9%) 0,001 s/op
[info]                  gc.alloc.rate:      32,082 MB/sec
[info]                  gc.alloc.rate.norm: 71878,896 B/op
[info]                  gc.count:           ≈ 0 counts
[info]                  p0.00:              0,002 s/op
[info]                  p0.50:              0,002 s/op
[info]                  p0.90:              0,002 s/op
[info]                  p0.95:              0,002 s/op
[info]                  p0.99:              0,002 s/op
[info]                  p0.999:             0,002 s/op
[info]                  p0.9999:            0,002 s/op
[info]                  p1.00:              0,002 s/op
[info] Iteration   3: 0,002 ±(99.9%) 0,001 s/op
[info]                  gc.alloc.rate:      31,995 MB/sec
[info]                  gc.alloc.rate.norm: 71894,468 B/op
[info]                  gc.count:           ≈ 0 counts
[info]                  p0.00:              0,002 s/op
[info]                  p0.50:              0,002 s/op
[info]                  p0.90:              0,002 s/op
[info]                  p0.95:              0,002 s/op
[info]                  p0.99:              0,002 s/op
[info]                  p0.999:             0,002 s/op
[info]                  p0.9999:            0,002 s/op
[info]                  p1.00:              0,002 s/op
[info] Iteration   4: 0,002 ±(99.9%) 0,001 s/op
[info]                  gc.alloc.rate:      32,133 MB/sec
[info]                  gc.alloc.rate.norm: 71904,797 B/op
[info]                  gc.count:           ≈ 0 counts
[info]                  p0.00:              0,002 s/op
[info]                  p0.50:              0,002 s/op
[info]                  p0.90:              0,002 s/op
[info]                  p0.95:              0,002 s/op
[info]                  p0.99:              0,002 s/op
[info]                  p0.999:             0,002 s/op
[info]                  p0.9999:            0,002 s/op
[info]                  p1.00:              0,002 s/op
[info] Iteration   5: 0,002 ±(99.9%) 0,001 s/op
[info]                  gc.alloc.rate:      24,263 MB/sec
[info]                  gc.alloc.rate.norm: 71977,023 B/op
[info]                  gc.count:           ≈ 0 counts
[info]                  p0.00:              0,002 s/op
[info]                  p0.50:              0,002 s/op
[info]                  p0.90:              0,002 s/op
[info]                  p0.95:              0,002 s/op
[info]                  p0.99:              0,002 s/op
[info]                  p0.999:             0,003 s/op
[info]                  p0.9999:            0,003 s/op
[info]                  p1.00:              0,003 s/op
[info] # Run progress: 52,78% complete, ETA 00:09:00
[info] # Fork: 3 of 3
[info] WARNING: A terminally deprecated method in sun.misc.Unsafe has been called
[info] WARNING: sun.misc.Unsafe::objectFieldOffset has been called by org.openjdk.jmh.util.Utils (file:/Users/stas/projects/scala-effect-bench/target/bg-jobs/sbt_abaae1e6/target/ec0caa91/1296d6b9/jmh-core-1.37.jar)
[info] WARNING: Please consider reporting this to the maintainers of class org.openjdk.jmh.util.Utils
[info] WARNING: sun.misc.Unsafe::objectFieldOffset will be removed in a future release
[info] # Warmup Iteration   1: 0,003 ±(99.9%) 0,002 s/op
[info] # Warmup Iteration   2: 0,002 ±(99.9%) 0,001 s/op
[info] # Warmup Iteration   3: 0,002 ±(99.9%) 0,001 s/op
[info] # Warmup Iteration   4: 0,002 ±(99.9%) 0,001 s/op
[info] # Warmup Iteration   5: 0,002 ±(99.9%) 0,001 s/op
[info] Iteration   1: 0,002 ±(99.9%) 0,001 s/op
[info]                  gc.alloc.rate:      32,207 MB/sec
[info]                  gc.alloc.rate.norm: 72129,240 B/op
[info]                  gc.count:           ≈ 0 counts
[info]                  p0.00:              0,002 s/op
[info]                  p0.50:              0,002 s/op
[info]                  p0.90:              0,002 s/op
[info]                  p0.95:              0,002 s/op
[info]                  p0.99:              0,002 s/op
[info]                  p0.999:             0,002 s/op
[info]                  p0.9999:            0,002 s/op
[info]                  p1.00:              0,002 s/op
[info] Iteration   2: 0,002 ±(99.9%) 0,001 s/op
[info]                  gc.alloc.rate:      31,820 MB/sec
[info]                  gc.alloc.rate.norm: 71904,912 B/op
[info]                  gc.count:           ≈ 0 counts
[info]                  p0.00:              0,002 s/op
[info]                  p0.50:              0,002 s/op
[info]                  p0.90:              0,002 s/op
[info]                  p0.95:              0,002 s/op
[info]                  p0.99:              0,002 s/op
[info]                  p0.999:             0,003 s/op
[info]                  p0.9999:            0,003 s/op
[info]                  p1.00:              0,003 s/op
[info] Iteration   3: 0,002 ±(99.9%) 0,001 s/op
[info]                  gc.alloc.rate:      31,046 MB/sec
[info]                  gc.alloc.rate.norm: 71883,211 B/op
[info]                  gc.count:           ≈ 0 counts
[info]                  p0.00:              0,002 s/op
[info]                  p0.50:              0,002 s/op
[info]                  p0.90:              0,002 s/op
[info]                  p0.95:              0,002 s/op
[info]                  p0.99:              0,003 s/op
[info]                  p0.999:             0,004 s/op
[info]                  p0.9999:            0,004 s/op
[info]                  p1.00:              0,004 s/op
[info] Iteration   4: 0,002 ±(99.9%) 0,001 s/op
[info]                  gc.alloc.rate:      30,021 MB/sec
[info]                  gc.alloc.rate.norm: 71955,382 B/op
[info]                  gc.count:           ≈ 0 counts
[info]                  p0.00:              0,002 s/op
[info]                  p0.50:              0,002 s/op
[info]                  p0.90:              0,002 s/op
[info]                  p0.95:              0,002 s/op
[info]                  p0.99:              0,003 s/op
[info]                  p0.999:             0,005 s/op
[info]                  p0.9999:            0,005 s/op
[info]                  p1.00:              0,005 s/op
[info] Iteration   5: 0,002 ±(99.9%) 0,001 s/op
[info]                  gc.alloc.rate:      23,859 MB/sec
[info]                  gc.alloc.rate.norm: 72003,957 B/op
[info]                  gc.count:           ≈ 0 counts
[info]                  p0.00:              0,002 s/op
[info]                  p0.50:              0,002 s/op
[info]                  p0.90:              0,002 s/op
[info]                  p0.95:              0,002 s/op
[info]                  p0.99:              0,003 s/op
[info]                  p0.999:             0,003 s/op
[info]                  p0.9999:            0,003 s/op
[info]                  p1.00:              0,003 s/op
[info] Result "bench.blocking.BlockingBench.requests":
[info]   N = 7006
[info]   mean =      0,002 ±(99.9%) 0,001 s/op
[info]   Histogram, s/op:
[info]     [0,001, 0,002) = 0 
[info]     [0,002, 0,002) = 248 
[info]     [0,002, 0,003) = 6708 
[info]     [0,003, 0,003) = 43 
[info]     [0,003, 0,004) = 5 
[info]     [0,004, 0,004) = 1 
[info]     [0,004, 0,005) = 0 
[info]     [0,005, 0,005) = 0 
[info]     [0,005, 0,006) = 1 
[info]   Percentiles, s/op:
[info]       p(0,0000) =      0,002 s/op
[info]      p(50,0000) =      0,002 s/op
[info]      p(90,0000) =      0,002 s/op
[info]      p(95,0000) =      0,002 s/op
[info]      p(99,0000) =      0,002 s/op
[info]      p(99,9000) =      0,003 s/op
[info]      p(99,9900) =      0,005 s/op
[info]      p(99,9990) =      0,005 s/op
[info]      p(99,9999) =      0,005 s/op
[info]     p(100,0000) =      0,005 s/op
[info] Secondary result "bench.blocking.BlockingBench.requests:gc.alloc.rate":
[info]   30,323 ±(99.9%) 3,430 MB/sec [Average]
[info]   (min, avg, max) = (23,859, 30,323, 32,484), stdev = 3,208
[info]   CI (99.9%): [26,894, 33,753] (assumes normal distribution)
[info] Secondary result "bench.blocking.BlockingBench.requests:gc.alloc.rate.norm":
[info]   71961,071 ±(99.9%) 101,068 B/op [Average]
[info]   (min, avg, max) = (71870,879, 71961,071, 72133,844), stdev = 94,539
[info]   CI (99.9%): [71860,003, 72062,139] (assumes normal distribution)
[info] Secondary result "bench.blocking.BlockingBench.requests:gc.count":
[info]   ≈ 0 counts
[info] # JMH version: 1.37
[info] # VM version: JDK 25.0.3, Java HotSpot(TM) 64-Bit Server VM, 25.0.3+9-LTS-195
[info] # VM invoker: /Users/stas/.sdkman/candidates/java/25.0.3-oracle/bin/java
[info] # VM options: --add-opens=java.base/java.lang=ALL-UNNAMED -Xms2g -Xmx2g -XX:+UseG1GC
[info] # Blackhole mode: compiler (auto-detected, use -Djmh.blackhole.autoDetect=false to disable)
[info] # Warmup: 5 iterations, 1 s each
[info] # Measurement: 5 iterations, 1 s each
[info] # Timeout: 10 min per iteration
[info] # Threads: 1 thread, will synchronize iterations
[info] # Benchmark mode: Sampling time
[info] # Benchmark: bench.blocking.BlockingBench.requests
[info] # Parameters: (delayMicros = 0, parallelism = 8, runtime = ceVirtual, size = 256)
[info] # Run progress: 54,17% complete, ETA 00:08:44
[info] # Fork: 1 of 3
[info] WARNING: A terminally deprecated method in sun.misc.Unsafe has been called
[info] WARNING: sun.misc.Unsafe::objectFieldOffset has been called by org.openjdk.jmh.util.Utils (file:/Users/stas/projects/scala-effect-bench/target/bg-jobs/sbt_abaae1e6/target/ec0caa91/1296d6b9/jmh-core-1.37.jar)
[info] WARNING: Please consider reporting this to the maintainers of class org.openjdk.jmh.util.Utils
[info] WARNING: sun.misc.Unsafe::objectFieldOffset will be removed in a future release
[info] # Warmup Iteration   1: 0,005 ±(99.9%) 0,003 s/op
[info] # Warmup Iteration   2: 0,004 ±(99.9%) 0,001 s/op
[info] # Warmup Iteration   3: 0,004 ±(99.9%) 0,001 s/op
[info] # Warmup Iteration   4: 0,004 ±(99.9%) 0,001 s/op
[info] # Warmup Iteration   5: 0,004 ±(99.9%) 0,001 s/op
[info] Iteration   1: 0,004 ±(99.9%) 0,001 s/op
[info]                  gc.alloc.rate:      100,969 MB/sec
[info]                  gc.alloc.rate.norm: 392491,588 B/op
[info]                  gc.count:           ≈ 0 counts
[info]                  p0.00:              0,003 s/op
[info]                  p0.50:              0,004 s/op
[info]                  p0.90:              0,004 s/op
[info]                  p0.95:              0,004 s/op
[info]                  p0.99:              0,004 s/op
[info]                  p0.999:             0,004 s/op
[info]                  p0.9999:            0,004 s/op
[info]                  p1.00:              0,004 s/op
[info] Iteration   2: 0,004 ±(99.9%) 0,001 s/op
[info]                  gc.alloc.rate:      101,988 MB/sec
[info]                  gc.alloc.rate.norm: 392503,796 B/op
[info]                  gc.count:           ≈ 0 counts
[info]                  p0.00:              0,003 s/op
[info]                  p0.50:              0,004 s/op
[info]                  p0.90:              0,004 s/op
[info]                  p0.95:              0,004 s/op
[info]                  p0.99:              0,004 s/op
[info]                  p0.999:             0,005 s/op
[info]                  p0.9999:            0,005 s/op
[info]                  p1.00:              0,005 s/op
[info] Iteration   3: 0,004 ±(99.9%) 0,001 s/op
[info]                  gc.alloc.rate:      102,358 MB/sec
[info]                  gc.alloc.rate.norm: 392487,418 B/op
[info]                  gc.count:           1,000 counts
[info]                  gc.time:            2,000 ms
[info]                  p0.00:              0,003 s/op
[info]                  p0.50:              0,004 s/op
[info]                  p0.90:              0,004 s/op
[info]                  p0.95:              0,004 s/op
[info]                  p0.99:              0,004 s/op
[info]                  p0.999:             0,006 s/op
[info]                  p0.9999:            0,006 s/op
[info]                  p1.00:              0,006 s/op
[info] Iteration   4: 0,004 ±(99.9%) 0,001 s/op
[info]                  gc.alloc.rate:      102,276 MB/sec
[info]                  gc.alloc.rate.norm: 392416,116 B/op
[info]                  gc.count:           ≈ 0 counts
[info]                  p0.00:              0,003 s/op
[info]                  p0.50:              0,004 s/op
[info]                  p0.90:              0,004 s/op
[info]                  p0.95:              0,004 s/op
[info]                  p0.99:              0,004 s/op
[info]                  p0.999:             0,004 s/op
[info]                  p0.9999:            0,004 s/op
[info]                  p1.00:              0,004 s/op
[info] Iteration   5: 0,004 ±(99.9%) 0,001 s/op
[info]                  gc.alloc.rate:      78,146 MB/sec
[info]                  gc.alloc.rate.norm: 392597,632 B/op
[info]                  gc.count:           ≈ 0 counts
[info]                  p0.00:              0,003 s/op
[info]                  p0.50:              0,004 s/op
[info]                  p0.90:              0,004 s/op
[info]                  p0.95:              0,004 s/op
[info]                  p0.99:              0,004 s/op
[info]                  p0.999:             0,004 s/op
[info]                  p0.9999:            0,004 s/op
[info]                  p1.00:              0,004 s/op
[info] # Run progress: 55,56% complete, ETA 00:08:28
[info] # Fork: 2 of 3
[info] WARNING: A terminally deprecated method in sun.misc.Unsafe has been called
[info] WARNING: sun.misc.Unsafe::objectFieldOffset has been called by org.openjdk.jmh.util.Utils (file:/Users/stas/projects/scala-effect-bench/target/bg-jobs/sbt_abaae1e6/target/ec0caa91/1296d6b9/jmh-core-1.37.jar)
[info] WARNING: Please consider reporting this to the maintainers of class org.openjdk.jmh.util.Utils
[info] WARNING: sun.misc.Unsafe::objectFieldOffset will be removed in a future release
[info] # Warmup Iteration   1: 0,005 ±(99.9%) 0,003 s/op
[info] # Warmup Iteration   2: 0,004 ±(99.9%) 0,001 s/op
[info] # Warmup Iteration   3: 0,004 ±(99.9%) 0,001 s/op
[info] # Warmup Iteration   4: 0,004 ±(99.9%) 0,001 s/op
[info] # Warmup Iteration   5: 0,004 ±(99.9%) 0,001 s/op
[info] Iteration   1: 0,004 ±(99.9%) 0,001 s/op
[info]                  gc.alloc.rate:      96,534 MB/sec
[info]                  gc.alloc.rate.norm: 366070,906 B/op
[info]                  gc.count:           ≈ 0 counts
[info]                  p0.00:              0,003 s/op
[info]                  p0.50:              0,004 s/op
[info]                  p0.90:              0,004 s/op
[info]                  p0.95:              0,004 s/op
[info]                  p0.99:              0,004 s/op
[info]                  p0.999:             0,005 s/op
[info]                  p0.9999:            0,005 s/op
[info]                  p1.00:              0,005 s/op
[info] Iteration   2: 0,004 ±(99.9%) 0,001 s/op
[info]                  gc.alloc.rate:      95,500 MB/sec
[info]                  gc.alloc.rate.norm: 365949,265 B/op
[info]                  gc.count:           ≈ 0 counts
[info]                  p0.00:              0,003 s/op
[info]                  p0.50:              0,004 s/op
[info]                  p0.90:              0,004 s/op
[info]                  p0.95:              0,004 s/op
[info]                  p0.99:              0,004 s/op
[info]                  p0.999:             0,004 s/op
[info]                  p0.9999:            0,004 s/op
[info]                  p1.00:              0,004 s/op
[info] Iteration   3: 0,004 ±(99.9%) 0,001 s/op
[info]                  gc.alloc.rate:      96,096 MB/sec
[info]                  gc.alloc.rate.norm: 365987,061 B/op
[info]                  gc.count:           1,000 counts
[info]                  gc.time:            1,000 ms
[info]                  p0.00:              0,003 s/op
[info]                  p0.50:              0,004 s/op
[info]                  p0.90:              0,004 s/op
[info]                  p0.95:              0,004 s/op
[info]                  p0.99:              0,004 s/op
[info]                  p0.999:             0,006 s/op
[info]                  p0.9999:            0,006 s/op
[info]                  p1.00:              0,006 s/op
[info] Iteration   4: 0,004 ±(99.9%) 0,001 s/op
[info]                  gc.alloc.rate:      95,275 MB/sec
[info]                  gc.alloc.rate.norm: 365972,305 B/op
[info]                  gc.count:           ≈ 0 counts
[info]                  p0.00:              0,003 s/op
[info]                  p0.50:              0,004 s/op
[info]                  p0.90:              0,004 s/op
[info]                  p0.95:              0,004 s/op
[info]                  p0.99:              0,004 s/op
[info]                  p0.999:             0,004 s/op
[info]                  p0.9999:            0,004 s/op
[info]                  p1.00:              0,004 s/op
[info] Iteration   5: 0,004 ±(99.9%) 0,001 s/op
[info]                  gc.alloc.rate:      72,553 MB/sec
[info]                  gc.alloc.rate.norm: 366116,852 B/op
[info]                  gc.count:           ≈ 0 counts
[info]                  p0.00:              0,003 s/op
[info]                  p0.50:              0,004 s/op
[info]                  p0.90:              0,004 s/op
[info]                  p0.95:              0,004 s/op
[info]                  p0.99:              0,004 s/op
[info]                  p0.999:             0,004 s/op
[info]                  p0.9999:            0,004 s/op
[info]                  p1.00:              0,004 s/op
[info] # Run progress: 56,94% complete, ETA 00:08:13
[info] # Fork: 3 of 3
[info] WARNING: A terminally deprecated method in sun.misc.Unsafe has been called
[info] WARNING: sun.misc.Unsafe::objectFieldOffset has been called by org.openjdk.jmh.util.Utils (file:/Users/stas/projects/scala-effect-bench/target/bg-jobs/sbt_abaae1e6/target/ec0caa91/1296d6b9/jmh-core-1.37.jar)
[info] WARNING: Please consider reporting this to the maintainers of class org.openjdk.jmh.util.Utils
[info] WARNING: sun.misc.Unsafe::objectFieldOffset will be removed in a future release
[info] # Warmup Iteration   1: 0,005 ±(99.9%) 0,003 s/op
[info] # Warmup Iteration   2: 0,004 ±(99.9%) 0,001 s/op
[info] # Warmup Iteration   3: 0,004 ±(99.9%) 0,001 s/op
[info] # Warmup Iteration   4: 0,004 ±(99.9%) 0,001 s/op
[info] # Warmup Iteration   5: 0,004 ±(99.9%) 0,001 s/op
[info] Iteration   1: 0,004 ±(99.9%) 0,001 s/op
[info]                  gc.alloc.rate:      100,294 MB/sec
[info]                  gc.alloc.rate.norm: 392476,681 B/op
[info]                  gc.count:           ≈ 0 counts
[info]                  p0.00:              0,003 s/op
[info]                  p0.50:              0,004 s/op
[info]                  p0.90:              0,004 s/op
[info]                  p0.95:              0,004 s/op
[info]                  p0.99:              0,004 s/op
[info]                  p0.999:             0,005 s/op
[info]                  p0.9999:            0,005 s/op
[info]                  p1.00:              0,005 s/op
[info] Iteration   2: 0,004 ±(99.9%) 0,001 s/op
[info]                  gc.alloc.rate:      100,063 MB/sec
[info]                  gc.alloc.rate.norm: 392381,264 B/op
[info]                  gc.count:           ≈ 0 counts
[info]                  p0.00:              0,003 s/op
[info]                  p0.50:              0,004 s/op
[info]                  p0.90:              0,004 s/op
[info]                  p0.95:              0,004 s/op
[info]                  p0.99:              0,004 s/op
[info]                  p0.999:             0,004 s/op
[info]                  p0.9999:            0,004 s/op
[info]                  p1.00:              0,004 s/op
[info] Iteration   3: 0,004 ±(99.9%) 0,001 s/op
[info]                  gc.alloc.rate:      99,345 MB/sec
[info]                  gc.alloc.rate.norm: 392470,382 B/op
[info]                  gc.count:           1,000 counts
[info]                  gc.time:            1,000 ms
[info]                  p0.00:              0,003 s/op
[info]                  p0.50:              0,004 s/op
[info]                  p0.90:              0,004 s/op
[info]                  p0.95:              0,004 s/op
[info]                  p0.99:              0,005 s/op
[info]                  p0.999:             0,006 s/op
[info]                  p0.9999:            0,006 s/op
[info]                  p1.00:              0,006 s/op
[info] Iteration   4: 0,004 ±(99.9%) 0,001 s/op
[info]                  gc.alloc.rate:      99,660 MB/sec
[info]                  gc.alloc.rate.norm: 392501,164 B/op
[info]                  gc.count:           ≈ 0 counts
[info]                  p0.00:              0,003 s/op
[info]                  p0.50:              0,004 s/op
[info]                  p0.90:              0,004 s/op
[info]                  p0.95:              0,004 s/op
[info]                  p0.99:              0,004 s/op
[info]                  p0.999:             0,005 s/op
[info]                  p0.9999:            0,005 s/op
[info]                  p1.00:              0,005 s/op
[info] Iteration   5: 0,004 ±(99.9%) 0,001 s/op
[info]                  gc.alloc.rate:      76,024 MB/sec
[info]                  gc.alloc.rate.norm: 392638,959 B/op
[info]                  gc.count:           ≈ 0 counts
[info]                  p0.00:              0,003 s/op
[info]                  p0.50:              0,004 s/op
[info]                  p0.90:              0,004 s/op
[info]                  p0.95:              0,004 s/op
[info]                  p0.99:              0,004 s/op
[info]                  p0.999:             0,005 s/op
[info]                  p0.9999:            0,005 s/op
[info]                  p1.00:              0,005 s/op
[info] Result "bench.blocking.BlockingBench.requests":
[info]   N = 4098
[info]   mean =      0,004 ±(99.9%) 0,001 s/op
[info]   Histogram, s/op:
[info]     [0,002, 0,003) = 0 
[info]     [0,003, 0,003) = 3 
[info]     [0,003, 0,004) = 388 
[info]     [0,004, 0,004) = 3601 
[info]     [0,004, 0,005) = 97 
[info]     [0,005, 0,005) = 5 
[info]     [0,005, 0,006) = 1 
[info]     [0,006, 0,006) = 2 
[info]     [0,006, 0,007) = 1 
[info]   Percentiles, s/op:
[info]       p(0,0000) =      0,003 s/op
[info]      p(50,0000) =      0,004 s/op
[info]      p(90,0000) =      0,004 s/op
[info]      p(95,0000) =      0,004 s/op
[info]      p(99,0000) =      0,004 s/op
[info]      p(99,9000) =      0,005 s/op
[info]      p(99,9900) =      0,006 s/op
[info]      p(99,9990) =      0,006 s/op
[info]      p(99,9999) =      0,006 s/op
[info]     p(100,0000) =      0,006 s/op
[info] Secondary result "bench.blocking.BlockingBench.requests:gc.alloc.rate":
[info]   94,472 ±(99.9%) 10,818 MB/sec [Average]
[info]   (min, avg, max) = (72,553, 94,472, 102,358), stdev = 10,119
[info]   CI (99.9%): [83,654, 105,290] (assumes normal distribution)
[info] Secondary result "bench.blocking.BlockingBench.requests:gc.alloc.rate.norm":
[info]   383670,759 ±(99.9%) 13812,007 B/op [Average]
[info]   (min, avg, max) = (365949,265, 383670,759, 392638,959), stdev = 12919,760
[info]   CI (99.9%): [369858,752, 397482,767] (assumes normal distribution)
[info] Secondary result "bench.blocking.BlockingBench.requests:gc.count":
[info]   3,000 ±(99.9%) 0,001 counts [Sum]
[info]   (min, avg, max) = (≈ 0, 0,200, 1,000), stdev = 0,414
[info]   CI (99.9%): [3,000, 3,000] (assumes normal distribution)
[info] Secondary result "bench.blocking.BlockingBench.requests:gc.time":
[info]   4,000 ±(99.9%) 0,001 ms [Sum]
[info]   (min, avg, max) = (≈ 0, 0,267, 2,000), stdev = 0,594
[info]   CI (99.9%): [4,000, 4,000] (assumes normal distribution)
[info] # JMH version: 1.37
[info] # VM version: JDK 25.0.3, Java HotSpot(TM) 64-Bit Server VM, 25.0.3+9-LTS-195
[info] # VM invoker: /Users/stas/.sdkman/candidates/java/25.0.3-oracle/bin/java
[info] # VM options: --add-opens=java.base/java.lang=ALL-UNNAMED -Xms2g -Xmx2g -XX:+UseG1GC
[info] # Blackhole mode: compiler (auto-detected, use -Djmh.blackhole.autoDetect=false to disable)
[info] # Warmup: 5 iterations, 1 s each
[info] # Measurement: 5 iterations, 1 s each
[info] # Timeout: 10 min per iteration
[info] # Threads: 1 thread, will synchronize iterations
[info] # Benchmark mode: Sampling time
[info] # Benchmark: bench.blocking.BlockingBench.requests
[info] # Parameters: (delayMicros = 0, parallelism = 8, runtime = kyo, size = 256)
[info] # Run progress: 58,33% complete, ETA 00:07:57
[info] # Fork: 1 of 3
[info] WARNING: A terminally deprecated method in sun.misc.Unsafe has been called
[info] WARNING: sun.misc.Unsafe::objectFieldOffset has been called by org.openjdk.jmh.util.Utils (file:/Users/stas/projects/scala-effect-bench/target/bg-jobs/sbt_abaae1e6/target/ec0caa91/1296d6b9/jmh-core-1.37.jar)
[info] WARNING: Please consider reporting this to the maintainers of class org.openjdk.jmh.util.Utils
[info] WARNING: sun.misc.Unsafe::objectFieldOffset will be removed in a future release
[info] # Warmup Iteration   1: 0,008 ±(99.9%) 0,005 s/op
[info] # Warmup Iteration   2: 0,006 ±(99.9%) 0,001 s/op
[info] # Warmup Iteration   3: 0,006 ±(99.9%) 0,001 s/op
[info] # Warmup Iteration   4: 0,006 ±(99.9%) 0,001 s/op
[info] # Warmup Iteration   5: 0,006 ±(99.9%) 0,001 s/op
[info] Iteration   1: 0,006 ±(99.9%) 0,001 s/op
[info]                  gc.alloc.rate:      16,913 MB/sec
[info]                  gc.alloc.rate.norm: 103752,791 B/op
[info]                  gc.count:           ≈ 0 counts
[info]                  p0.00:              0,004 s/op
[info]                  p0.50:              0,006 s/op
[info]                  p0.90:              0,006 s/op
[info]                  p0.95:              0,006 s/op
[info]                  p0.99:              0,007 s/op
[info]                  p0.999:             0,007 s/op
[info]                  p0.9999:            0,007 s/op
[info]                  p1.00:              0,007 s/op
[info] Iteration   2: 0,006 ±(99.9%) 0,001 s/op
[info]                  gc.alloc.rate:      16,697 MB/sec
[info]                  gc.alloc.rate.norm: 103753,600 B/op
[info]                  gc.count:           ≈ 0 counts
[info]                  p0.00:              0,004 s/op
[info]                  p0.50:              0,006 s/op
[info]                  p0.90:              0,006 s/op
[info]                  p0.95:              0,006 s/op
[info]                  p0.99:              0,007 s/op
[info]                  p0.999:             0,007 s/op
[info]                  p0.9999:            0,007 s/op
[info]                  p1.00:              0,007 s/op
[info] Iteration   3: 0,006 ±(99.9%) 0,001 s/op
[info]                  gc.alloc.rate:      16,661 MB/sec
[info]                  gc.alloc.rate.norm: 103923,219 B/op
[info]                  gc.count:           ≈ 0 counts
[info]                  p0.00:              0,004 s/op
[info]                  p0.50:              0,006 s/op
[info]                  p0.90:              0,006 s/op
[info]                  p0.95:              0,006 s/op
[info]                  p0.99:              0,007 s/op
[info]                  p0.999:             0,007 s/op
[info]                  p0.9999:            0,007 s/op
[info]                  p1.00:              0,007 s/op
[info] Iteration   4: 0,006 ±(99.9%) 0,001 s/op
[info]                  gc.alloc.rate:      17,250 MB/sec
[info]                  gc.alloc.rate.norm: 103743,086 B/op
[info]                  gc.count:           ≈ 0 counts
[info]                  p0.00:              0,004 s/op
[info]                  p0.50:              0,006 s/op
[info]                  p0.90:              0,006 s/op
[info]                  p0.95:              0,006 s/op
[info]                  p0.99:              0,006 s/op
[info]                  p0.999:             0,007 s/op
[info]                  p0.9999:            0,007 s/op
[info]                  p1.00:              0,007 s/op
[info] Iteration   5: 0,006 ±(99.9%) 0,001 s/op
[info]                  gc.alloc.rate:      13,492 MB/sec
[info]                  gc.alloc.rate.norm: 104125,408 B/op
[info]                  gc.count:           ≈ 0 counts
[info]                  p0.00:              0,004 s/op
[info]                  p0.50:              0,006 s/op
[info]                  p0.90:              0,006 s/op
[info]                  p0.95:              0,006 s/op
[info]                  p0.99:              0,006 s/op
[info]                  p0.999:             0,006 s/op
[info]                  p0.9999:            0,006 s/op
[info]                  p1.00:              0,006 s/op
[info] # Run progress: 59,72% complete, ETA 00:07:41
[info] # Fork: 2 of 3
[info] WARNING: A terminally deprecated method in sun.misc.Unsafe has been called
[info] WARNING: sun.misc.Unsafe::objectFieldOffset has been called by org.openjdk.jmh.util.Utils (file:/Users/stas/projects/scala-effect-bench/target/bg-jobs/sbt_abaae1e6/target/ec0caa91/1296d6b9/jmh-core-1.37.jar)
[info] WARNING: Please consider reporting this to the maintainers of class org.openjdk.jmh.util.Utils
[info] WARNING: sun.misc.Unsafe::objectFieldOffset will be removed in a future release
[info] # Warmup Iteration   1: 0,008 ±(99.9%) 0,004 s/op
[info] # Warmup Iteration   2: 0,006 ±(99.9%) 0,001 s/op
[info] # Warmup Iteration   3: 0,006 ±(99.9%) 0,001 s/op
[info] # Warmup Iteration   4: 0,006 ±(99.9%) 0,001 s/op
[info] # Warmup Iteration   5: 0,006 ±(99.9%) 0,001 s/op
[info] Iteration   1: 0,006 ±(99.9%) 0,001 s/op
[info]                  gc.alloc.rate:      17,529 MB/sec
[info]                  gc.alloc.rate.norm: 103941,169 B/op
[info]                  gc.count:           ≈ 0 counts
[info]                  p0.00:              0,004 s/op
[info]                  p0.50:              0,006 s/op
[info]                  p0.90:              0,006 s/op
[info]                  p0.95:              0,006 s/op
[info]                  p0.99:              0,006 s/op
[info]                  p0.999:             0,006 s/op
[info]                  p0.9999:            0,006 s/op
[info]                  p1.00:              0,006 s/op
[info] Iteration   2: 0,006 ±(99.9%) 0,001 s/op
[info]                  gc.alloc.rate:      17,514 MB/sec
[info]                  gc.alloc.rate.norm: 103779,119 B/op
[info]                  gc.count:           ≈ 0 counts
[info]                  p0.00:              0,004 s/op
[info]                  p0.50:              0,006 s/op
[info]                  p0.90:              0,006 s/op
[info]                  p0.95:              0,006 s/op
[info]                  p0.99:              0,006 s/op
[info]                  p0.999:             0,007 s/op
[info]                  p0.9999:            0,007 s/op
[info]                  p1.00:              0,007 s/op
[info] Iteration   3: 0,006 ±(99.9%) 0,001 s/op
[info]                  gc.alloc.rate:      17,703 MB/sec
[info]                  gc.alloc.rate.norm: 103937,378 B/op
[info]                  gc.count:           ≈ 0 counts
[info]                  p0.00:              0,004 s/op
[info]                  p0.50:              0,006 s/op
[info]                  p0.90:              0,006 s/op
[info]                  p0.95:              0,006 s/op
[info]                  p0.99:              0,006 s/op
[info]                  p0.999:             0,006 s/op
[info]                  p0.9999:            0,006 s/op
[info]                  p1.00:              0,006 s/op
[info] Iteration   4: 0,006 ±(99.9%) 0,001 s/op
[info]                  gc.alloc.rate:      17,581 MB/sec
[info]                  gc.alloc.rate.norm: 103940,559 B/op
[info]                  gc.count:           ≈ 0 counts
[info]                  p0.00:              0,004 s/op
[info]                  p0.50:              0,006 s/op
[info]                  p0.90:              0,006 s/op
[info]                  p0.95:              0,006 s/op
[info]                  p0.99:              0,007 s/op
[info]                  p0.999:             0,008 s/op
[info]                  p0.9999:            0,008 s/op
[info]                  p1.00:              0,008 s/op
[info] Iteration   5: 0,006 ±(99.9%) 0,001 s/op
[info]                  gc.alloc.rate:      13,416 MB/sec
[info]                  gc.alloc.rate.norm: 104169,385 B/op
[info]                  gc.count:           ≈ 0 counts
[info]                  p0.00:              0,004 s/op
[info]                  p0.50:              0,006 s/op
[info]                  p0.90:              0,006 s/op
[info]                  p0.95:              0,006 s/op
[info]                  p0.99:              0,006 s/op
[info]                  p0.999:             0,006 s/op
[info]                  p0.9999:            0,006 s/op
[info]                  p1.00:              0,006 s/op
[info] # Run progress: 61,11% complete, ETA 00:07:25
[info] # Fork: 3 of 3
[info] WARNING: A terminally deprecated method in sun.misc.Unsafe has been called
[info] WARNING: sun.misc.Unsafe::objectFieldOffset has been called by org.openjdk.jmh.util.Utils (file:/Users/stas/projects/scala-effect-bench/target/bg-jobs/sbt_abaae1e6/target/ec0caa91/1296d6b9/jmh-core-1.37.jar)
[info] WARNING: Please consider reporting this to the maintainers of class org.openjdk.jmh.util.Utils
[info] WARNING: sun.misc.Unsafe::objectFieldOffset will be removed in a future release
[info] # Warmup Iteration   1: 0,007 ±(99.9%) 0,003 s/op
[info] # Warmup Iteration   2: 0,006 ±(99.9%) 0,001 s/op
[info] # Warmup Iteration   3: 0,006 ±(99.9%) 0,001 s/op
[info] # Warmup Iteration   4: 0,006 ±(99.9%) 0,001 s/op
[info] # Warmup Iteration   5: 0,006 ±(99.9%) 0,001 s/op
[info] Iteration   1: 0,006 ±(99.9%) 0,001 s/op
[info]                  gc.alloc.rate:      17,579 MB/sec
[info]                  gc.alloc.rate.norm: 103974,876 B/op
[info]                  gc.count:           ≈ 0 counts
[info]                  p0.00:              0,004 s/op
[info]                  p0.50:              0,006 s/op
[info]                  p0.90:              0,006 s/op
[info]                  p0.95:              0,006 s/op
[info]                  p0.99:              0,006 s/op
[info]                  p0.999:             0,007 s/op
[info]                  p0.9999:            0,007 s/op
[info]                  p1.00:              0,007 s/op
[info] Iteration   2: 0,006 ±(99.9%) 0,001 s/op
[info]                  gc.alloc.rate:      17,704 MB/sec
[info]                  gc.alloc.rate.norm: 103972,978 B/op
[info]                  gc.count:           ≈ 0 counts
[info]                  p0.00:              0,004 s/op
[info]                  p0.50:              0,006 s/op
[info]                  p0.90:              0,006 s/op
[info]                  p0.95:              0,006 s/op
[info]                  p0.99:              0,006 s/op
[info]                  p0.999:             0,007 s/op
[info]                  p0.9999:            0,007 s/op
[info]                  p1.00:              0,007 s/op
[info] Iteration   3: 0,006 ±(99.9%) 0,001 s/op
[info]                  gc.alloc.rate:      17,752 MB/sec
[info]                  gc.alloc.rate.norm: 103973,244 B/op
[info]                  gc.count:           ≈ 0 counts
[info]                  p0.00:              0,003 s/op
[info]                  p0.50:              0,006 s/op
[info]                  p0.90:              0,006 s/op
[info]                  p0.95:              0,006 s/op
[info]                  p0.99:              0,006 s/op
[info]                  p0.999:             0,006 s/op
[info]                  p0.9999:            0,006 s/op
[info]                  p1.00:              0,006 s/op
[info] Iteration   4: 0,006 ±(99.9%) 0,001 s/op
[info]                  gc.alloc.rate:      16,808 MB/sec
[info]                  gc.alloc.rate.norm: 104001,404 B/op
[info]                  gc.count:           ≈ 0 counts
[info]                  p0.00:              0,004 s/op
[info]                  p0.50:              0,006 s/op
[info]                  p0.90:              0,006 s/op
[info]                  p0.95:              0,007 s/op
[info]                  p0.99:              0,010 s/op
[info]                  p0.999:             0,010 s/op
[info]                  p0.9999:            0,010 s/op
[info]                  p1.00:              0,010 s/op
[info] Iteration   5: 0,006 ±(99.9%) 0,001 s/op
[info]                  gc.alloc.rate:      13,411 MB/sec
[info]                  gc.alloc.rate.norm: 104205,843 B/op
[info]                  gc.count:           ≈ 0 counts
[info]                  p0.00:              0,004 s/op
[info]                  p0.50:              0,006 s/op
[info]                  p0.90:              0,006 s/op
[info]                  p0.95:              0,006 s/op
[info]                  p0.99:              0,006 s/op
[info]                  p0.999:             0,006 s/op
[info]                  p0.9999:            0,006 s/op
[info]                  p1.00:              0,006 s/op
[info] Result "bench.blocking.BlockingBench.requests":
[info]   N = 2645
[info]   mean =      0,006 ±(99.9%) 0,001 s/op
[info]   Histogram, s/op:
[info]     [0,003, 0,004) = 1 
[info]     [0,004, 0,004) = 10 
[info]     [0,004, 0,005) = 53 
[info]     [0,005, 0,005) = 50 
[info]     [0,005, 0,006) = 476 
[info]     [0,006, 0,006) = 1663 
[info]     [0,006, 0,007) = 370 
[info]     [0,007, 0,007) = 13 
[info]     [0,007, 0,008) = 0 
[info]     [0,008, 0,008) = 1 
[info]     [0,008, 0,009) = 2 
[info]     [0,009, 0,009) = 0 
[info]     [0,009, 0,010) = 2 
[info]     [0,010, 0,010) = 3 
[info]     [0,010, 0,010) = 1 
[info]   Percentiles, s/op:
[info]       p(0,0000) =      0,003 s/op
[info]      p(50,0000) =      0,006 s/op
[info]      p(90,0000) =      0,006 s/op
[info]      p(95,0000) =      0,006 s/op
[info]      p(99,0000) =      0,006 s/op
[info]      p(99,9000) =      0,010 s/op
[info]      p(99,9900) =      0,010 s/op
[info]      p(99,9990) =      0,010 s/op
[info]      p(99,9999) =      0,010 s/op
[info]     p(100,0000) =      0,010 s/op
[info] Secondary result "bench.blocking.BlockingBench.requests:gc.alloc.rate":
[info]   16,534 ±(99.9%) 1,758 MB/sec [Average]
[info]   (min, avg, max) = (13,411, 16,534, 17,752), stdev = 1,644
[info]   CI (99.9%): [14,776, 18,292] (assumes normal distribution)
[info] Secondary result "bench.blocking.BlockingBench.requests:gc.alloc.rate.norm":
[info]   103946,270 ±(99.9%) 156,232 B/op [Average]
[info]   (min, avg, max) = (103743,086, 103946,270, 104205,843), stdev = 146,140
[info]   CI (99.9%): [103790,038, 104102,503] (assumes normal distribution)
[info] Secondary result "bench.blocking.BlockingBench.requests:gc.count":
[info]   ≈ 0 counts
[info] # JMH version: 1.37
[info] # VM version: JDK 25.0.3, Java HotSpot(TM) 64-Bit Server VM, 25.0.3+9-LTS-195
[info] # VM invoker: /Users/stas/.sdkman/candidates/java/25.0.3-oracle/bin/java
[info] # VM options: --add-opens=java.base/java.lang=ALL-UNNAMED -Xms2g -Xmx2g -XX:+UseG1GC
[info] # Blackhole mode: compiler (auto-detected, use -Djmh.blackhole.autoDetect=false to disable)
[info] # Warmup: 5 iterations, 1 s each
[info] # Measurement: 5 iterations, 1 s each
[info] # Timeout: 10 min per iteration
[info] # Threads: 1 thread, will synchronize iterations
[info] # Benchmark mode: Sampling time
[info] # Benchmark: bench.blocking.BlockingBench.requests
[info] # Parameters: (delayMicros = 0, parallelism = 64, runtime = ce, size = 256)
[info] # Run progress: 62,50% complete, ETA 00:07:09
[info] # Fork: 1 of 3
[info] WARNING: A terminally deprecated method in sun.misc.Unsafe has been called
[info] WARNING: sun.misc.Unsafe::objectFieldOffset has been called by org.openjdk.jmh.util.Utils (file:/Users/stas/projects/scala-effect-bench/target/bg-jobs/sbt_abaae1e6/target/ec0caa91/1296d6b9/jmh-core-1.37.jar)
[info] WARNING: Please consider reporting this to the maintainers of class org.openjdk.jmh.util.Utils
[info] WARNING: sun.misc.Unsafe::objectFieldOffset will be removed in a future release
[info] # Warmup Iteration   1: 0,003 ±(99.9%) 0,002 s/op
[info] # Warmup Iteration   2: 0,002 ±(99.9%) 0,001 s/op
[info] # Warmup Iteration   3: 0,002 ±(99.9%) 0,001 s/op
[info] # Warmup Iteration   4: 0,002 ±(99.9%) 0,001 s/op
[info] # Warmup Iteration   5: 0,002 ±(99.9%) 0,001 s/op
[info] Iteration   1: 0,002 ±(99.9%) 0,001 s/op
[info]                  gc.alloc.rate:      76,522 MB/sec
[info]                  gc.alloc.rate.norm: 166515,002 B/op
[info]                  gc.count:           ≈ 0 counts
[info]                  p0.00:              0,002 s/op
[info]                  p0.50:              0,002 s/op
[info]                  p0.90:              0,002 s/op
[info]                  p0.95:              0,002 s/op
[info]                  p0.99:              0,002 s/op
[info]                  p0.999:             0,003 s/op
[info]                  p0.9999:            0,003 s/op
[info]                  p1.00:              0,003 s/op
[info] Iteration   2: 0,002 ±(99.9%) 0,001 s/op
[info]                  gc.alloc.rate:      76,021 MB/sec
[info]                  gc.alloc.rate.norm: 166370,162 B/op
[info]                  gc.count:           ≈ 0 counts
[info]                  p0.00:              0,002 s/op
[info]                  p0.50:              0,002 s/op
[info]                  p0.90:              0,002 s/op
[info]                  p0.95:              0,002 s/op
[info]                  p0.99:              0,002 s/op
[info]                  p0.999:             0,002 s/op
[info]                  p0.9999:            0,002 s/op
[info]                  p1.00:              0,002 s/op
[info] Iteration   3: 0,002 ±(99.9%) 0,001 s/op
[info]                  gc.alloc.rate:      77,352 MB/sec
[info]                  gc.alloc.rate.norm: 166239,216 B/op
[info]                  gc.count:           ≈ 0 counts
[info]                  p0.00:              0,002 s/op
[info]                  p0.50:              0,002 s/op
[info]                  p0.90:              0,002 s/op
[info]                  p0.95:              0,002 s/op
[info]                  p0.99:              0,002 s/op
[info]                  p0.999:             0,002 s/op
[info]                  p0.9999:            0,002 s/op
[info]                  p1.00:              0,002 s/op
[info] Iteration   4: 0,002 ±(99.9%) 0,001 s/op
[info]                  gc.alloc.rate:      76,915 MB/sec
[info]                  gc.alloc.rate.norm: 166439,721 B/op
[info]                  gc.count:           ≈ 0 counts
[info]                  p0.00:              0,002 s/op
[info]                  p0.50:              0,002 s/op
[info]                  p0.90:              0,002 s/op
[info]                  p0.95:              0,002 s/op
[info]                  p0.99:              0,002 s/op
[info]                  p0.999:             0,002 s/op
[info]                  p0.9999:            0,002 s/op
[info]                  p1.00:              0,002 s/op
[info] Iteration   5: 0,002 ±(99.9%) 0,001 s/op
[info]                  gc.alloc.rate:      59,472 MB/sec
[info]                  gc.alloc.rate.norm: 166689,446 B/op
[info]                  gc.count:           1,000 counts
[info]                  gc.time:            2,000 ms
[info]                  p0.00:              0,002 s/op
[info]                  p0.50:              0,002 s/op
[info]                  p0.90:              0,002 s/op
[info]                  p0.95:              0,002 s/op
[info]                  p0.99:              0,002 s/op
[info]                  p0.999:             0,004 s/op
[info]                  p0.9999:            0,004 s/op
[info]                  p1.00:              0,004 s/op
[info] # Run progress: 63,89% complete, ETA 00:06:53
[info] # Fork: 2 of 3
[info] WARNING: A terminally deprecated method in sun.misc.Unsafe has been called
[info] WARNING: sun.misc.Unsafe::objectFieldOffset has been called by org.openjdk.jmh.util.Utils (file:/Users/stas/projects/scala-effect-bench/target/bg-jobs/sbt_abaae1e6/target/ec0caa91/1296d6b9/jmh-core-1.37.jar)
[info] WARNING: Please consider reporting this to the maintainers of class org.openjdk.jmh.util.Utils
[info] WARNING: sun.misc.Unsafe::objectFieldOffset will be removed in a future release
[info] # Warmup Iteration   1: 0,003 ±(99.9%) 0,002 s/op
[info] # Warmup Iteration   2: 0,002 ±(99.9%) 0,001 s/op
[info] # Warmup Iteration   3: 0,002 ±(99.9%) 0,001 s/op
[info] # Warmup Iteration   4: 0,002 ±(99.9%) 0,001 s/op
[info] # Warmup Iteration   5: 0,002 ±(99.9%) 0,001 s/op
[info] Iteration   1: 0,002 ±(99.9%) 0,001 s/op
[info]                  gc.alloc.rate:      77,065 MB/sec
[info]                  gc.alloc.rate.norm: 166717,721 B/op
[info]                  gc.count:           ≈ 0 counts
[info]                  p0.00:              0,002 s/op
[info]                  p0.50:              0,002 s/op
[info]                  p0.90:              0,002 s/op
[info]                  p0.95:              0,002 s/op
[info]                  p0.99:              0,002 s/op
[info]                  p0.999:             0,003 s/op
[info]                  p0.9999:            0,003 s/op
[info]                  p1.00:              0,003 s/op
[info] Iteration   2: 0,002 ±(99.9%) 0,001 s/op
[info]                  gc.alloc.rate:      76,709 MB/sec
[info]                  gc.alloc.rate.norm: 166450,573 B/op
[info]                  gc.count:           ≈ 0 counts
[info]                  p0.00:              0,002 s/op
[info]                  p0.50:              0,002 s/op
[info]                  p0.90:              0,002 s/op
[info]                  p0.95:              0,002 s/op
[info]                  p0.99:              0,003 s/op
[info]                  p0.999:             0,004 s/op
[info]                  p0.9999:            0,004 s/op
[info]                  p1.00:              0,004 s/op
[info] Iteration   3: 0,002 ±(99.9%) 0,001 s/op
[info]                  gc.alloc.rate:      77,266 MB/sec
[info]                  gc.alloc.rate.norm: 166604,679 B/op
[info]                  gc.count:           ≈ 0 counts
[info]                  p0.00:              0,002 s/op
[info]                  p0.50:              0,002 s/op
[info]                  p0.90:              0,002 s/op
[info]                  p0.95:              0,002 s/op
[info]                  p0.99:              0,002 s/op
[info]                  p0.999:             0,004 s/op
[info]                  p0.9999:            0,004 s/op
[info]                  p1.00:              0,004 s/op
[info] Iteration   4: 0,002 ±(99.9%) 0,001 s/op
[info]                  gc.alloc.rate:      80,122 MB/sec
[info]                  gc.alloc.rate.norm: 167011,447 B/op
[info]                  gc.count:           1,000 counts
[info]                  gc.time:            2,000 ms
[info]                  p0.00:              0,002 s/op
[info]                  p0.50:              0,002 s/op
[info]                  p0.90:              0,002 s/op
[info]                  p0.95:              0,002 s/op
[info]                  p0.99:              0,002 s/op
[info]                  p0.999:             0,004 s/op
[info]                  p0.9999:            0,004 s/op
[info]                  p1.00:              0,004 s/op
[info] Iteration   5: 0,002 ±(99.9%) 0,001 s/op
[info]                  gc.alloc.rate:      58,506 MB/sec
[info]                  gc.alloc.rate.norm: 167054,764 B/op
[info]                  gc.count:           ≈ 0 counts
[info]                  p0.00:              0,002 s/op
[info]                  p0.50:              0,002 s/op
[info]                  p0.90:              0,002 s/op
[info]                  p0.95:              0,002 s/op
[info]                  p0.99:              0,002 s/op
[info]                  p0.999:             0,002 s/op
[info]                  p0.9999:            0,002 s/op
[info]                  p1.00:              0,002 s/op
[info] # Run progress: 65,28% complete, ETA 00:06:37
[info] # Fork: 3 of 3
[info] WARNING: A terminally deprecated method in sun.misc.Unsafe has been called
[info] WARNING: sun.misc.Unsafe::objectFieldOffset has been called by org.openjdk.jmh.util.Utils (file:/Users/stas/projects/scala-effect-bench/target/bg-jobs/sbt_abaae1e6/target/ec0caa91/1296d6b9/jmh-core-1.37.jar)
[info] WARNING: Please consider reporting this to the maintainers of class org.openjdk.jmh.util.Utils
[info] WARNING: sun.misc.Unsafe::objectFieldOffset will be removed in a future release
[info] # Warmup Iteration   1: 0,003 ±(99.9%) 0,002 s/op
[info] # Warmup Iteration   2: 0,002 ±(99.9%) 0,001 s/op
[info] # Warmup Iteration   3: 0,002 ±(99.9%) 0,001 s/op
[info] # Warmup Iteration   4: 0,002 ±(99.9%) 0,001 s/op
[info] # Warmup Iteration   5: 0,002 ±(99.9%) 0,001 s/op
[info] Iteration   1: 0,002 ±(99.9%) 0,001 s/op
[info]                  gc.alloc.rate:      77,697 MB/sec
[info]                  gc.alloc.rate.norm: 166629,220 B/op
[info]                  gc.count:           ≈ 0 counts
[info]                  p0.00:              0,002 s/op
[info]                  p0.50:              0,002 s/op
[info]                  p0.90:              0,002 s/op
[info]                  p0.95:              0,002 s/op
[info]                  p0.99:              0,002 s/op
[info]                  p0.999:             0,003 s/op
[info]                  p0.9999:            0,003 s/op
[info]                  p1.00:              0,003 s/op
[info] Iteration   2: 0,002 ±(99.9%) 0,001 s/op
[info]                  gc.alloc.rate:      77,847 MB/sec
[info]                  gc.alloc.rate.norm: 166567,822 B/op
[info]                  gc.count:           ≈ 0 counts
[info]                  p0.00:              0,002 s/op
[info]                  p0.50:              0,002 s/op
[info]                  p0.90:              0,002 s/op
[info]                  p0.95:              0,002 s/op
[info]                  p0.99:              0,002 s/op
[info]                  p0.999:             0,003 s/op
[info]                  p0.9999:            0,003 s/op
[info]                  p1.00:              0,003 s/op
[info] Iteration   3: 0,002 ±(99.9%) 0,001 s/op
[info]                  gc.alloc.rate:      76,819 MB/sec
[info]                  gc.alloc.rate.norm: 166627,062 B/op
[info]                  gc.count:           ≈ 0 counts
[info]                  p0.00:              0,002 s/op
[info]                  p0.50:              0,002 s/op
[info]                  p0.90:              0,002 s/op
[info]                  p0.95:              0,002 s/op
[info]                  p0.99:              0,002 s/op
[info]                  p0.999:             0,002 s/op
[info]                  p0.9999:            0,002 s/op
[info]                  p1.00:              0,002 s/op
[info] Iteration   4: 0,002 ±(99.9%) 0,001 s/op
[info]                  gc.alloc.rate:      77,031 MB/sec
[info]                  gc.alloc.rate.norm: 166450,197 B/op
[info]                  gc.count:           ≈ 0 counts
[info]                  p0.00:              0,002 s/op
[info]                  p0.50:              0,002 s/op
[info]                  p0.90:              0,002 s/op
[info]                  p0.95:              0,002 s/op
[info]                  p0.99:              0,002 s/op
[info]                  p0.999:             0,003 s/op
[info]                  p0.9999:            0,003 s/op
[info]                  p1.00:              0,003 s/op
[info] Iteration   5: 0,002 ±(99.9%) 0,001 s/op
[info]                  gc.alloc.rate:      58,840 MB/sec
[info]                  gc.alloc.rate.norm: 166577,675 B/op
[info]                  gc.count:           1,000 counts
[info]                  gc.time:            2,000 ms
[info]                  p0.00:              0,002 s/op
[info]                  p0.50:              0,002 s/op
[info]                  p0.90:              0,002 s/op
[info]                  p0.95:              0,002 s/op
[info]                  p0.99:              0,002 s/op
[info]                  p0.999:             0,004 s/op
[info]                  p0.9999:            0,004 s/op
[info]                  p1.00:              0,004 s/op
[info] Result "bench.blocking.BlockingBench.requests":
[info]   N = 7353
[info]   mean =      0,002 ±(99.9%) 0,001 s/op
[info]   Histogram, s/op:
[info]     [0,001, 0,001) = 0 
[info]     [0,001, 0,002) = 0 
[info]     [0,002, 0,002) = 31 
[info]     [0,002, 0,002) = 3200 
[info]     [0,002, 0,002) = 3413 
[info]     [0,002, 0,003) = 689 
[info]     [0,003, 0,003) = 11 
[info]     [0,003, 0,003) = 4 
[info]     [0,003, 0,003) = 0 
[info]     [0,003, 0,004) = 0 
[info]     [0,004, 0,004) = 1 
[info]     [0,004, 0,004) = 3 
[info]     [0,004, 0,004) = 1 
[info]     [0,004, 0,005) = 0 
[info]     [0,005, 0,005) = 0 
[info]   Percentiles, s/op:
[info]       p(0,0000) =      0,002 s/op
[info]      p(50,0000) =      0,002 s/op
[info]      p(90,0000) =      0,002 s/op
[info]      p(95,0000) =      0,002 s/op
[info]      p(99,0000) =      0,002 s/op
[info]      p(99,9000) =      0,003 s/op
[info]      p(99,9900) =      0,004 s/op
[info]      p(99,9990) =      0,004 s/op
[info]      p(99,9999) =      0,004 s/op
[info]     p(100,0000) =      0,004 s/op
[info] Secondary result "bench.blocking.BlockingBench.requests:gc.alloc.rate":
[info]   73,612 ±(99.9%) 8,178 MB/sec [Average]
[info]   (min, avg, max) = (58,506, 73,612, 80,122), stdev = 7,650
[info]   CI (99.9%): [65,434, 81,791] (assumes normal distribution)
[info] Secondary result "bench.blocking.BlockingBench.requests:gc.alloc.rate.norm":
[info]   166596,314 ±(99.9%) 232,395 B/op [Average]
[info]   (min, avg, max) = (166239,216, 166596,314, 167054,764), stdev = 217,382
[info]   CI (99.9%): [166363,919, 166828,708] (assumes normal distribution)
[info] Secondary result "bench.blocking.BlockingBench.requests:gc.count":
[info]   3,000 ±(99.9%) 0,001 counts [Sum]
[info]   (min, avg, max) = (≈ 0, 0,200, 1,000), stdev = 0,414
[info]   CI (99.9%): [3,000, 3,000] (assumes normal distribution)
[info] Secondary result "bench.blocking.BlockingBench.requests:gc.time":
[info]   6,000 ±(99.9%) 0,001 ms [Sum]
[info]   (min, avg, max) = (≈ 0, 0,400, 2,000), stdev = 0,828
[info]   CI (99.9%): [6,000, 6,000] (assumes normal distribution)
[info] # JMH version: 1.37
[info] # VM version: JDK 25.0.3, Java HotSpot(TM) 64-Bit Server VM, 25.0.3+9-LTS-195
[info] # VM invoker: /Users/stas/.sdkman/candidates/java/25.0.3-oracle/bin/java
[info] # VM options: --add-opens=java.base/java.lang=ALL-UNNAMED -Xms2g -Xmx2g -XX:+UseG1GC
[info] # Blackhole mode: compiler (auto-detected, use -Djmh.blackhole.autoDetect=false to disable)
[info] # Warmup: 5 iterations, 1 s each
[info] # Measurement: 5 iterations, 1 s each
[info] # Timeout: 10 min per iteration
[info] # Threads: 1 thread, will synchronize iterations
[info] # Benchmark mode: Sampling time
[info] # Benchmark: bench.blocking.BlockingBench.requests
[info] # Parameters: (delayMicros = 0, parallelism = 64, runtime = ceVirtual, size = 256)
[info] # Run progress: 66,67% complete, ETA 00:06:21
[info] # Fork: 1 of 3
[info] WARNING: A terminally deprecated method in sun.misc.Unsafe has been called
[info] WARNING: sun.misc.Unsafe::objectFieldOffset has been called by org.openjdk.jmh.util.Utils (file:/Users/stas/projects/scala-effect-bench/target/bg-jobs/sbt_abaae1e6/target/ec0caa91/1296d6b9/jmh-core-1.37.jar)
[info] WARNING: Please consider reporting this to the maintainers of class org.openjdk.jmh.util.Utils
[info] WARNING: sun.misc.Unsafe::objectFieldOffset will be removed in a future release
[info] # Warmup Iteration   1: 0,003 ±(99.9%) 0,002 s/op
[info] # Warmup Iteration   2: 0,002 ±(99.9%) 0,001 s/op
[info] # Warmup Iteration   3: 0,002 ±(99.9%) 0,001 s/op
[info] # Warmup Iteration   4: 0,002 ±(99.9%) 0,001 s/op
[info] # Warmup Iteration   5: 0,002 ±(99.9%) 0,001 s/op
[info] Iteration   1: 0,002 ±(99.9%) 0,001 s/op
[info]                  gc.alloc.rate:      198,095 MB/sec
[info]                  gc.alloc.rate.norm: 448844,326 B/op
[info]                  gc.count:           ≈ 0 counts
[info]                  p0.00:              0,002 s/op
[info]                  p0.50:              0,002 s/op
[info]                  p0.90:              0,002 s/op
[info]                  p0.95:              0,003 s/op
[info]                  p0.99:              0,003 s/op
[info]                  p0.999:             0,004 s/op
[info]                  p0.9999:            0,004 s/op
[info]                  p1.00:              0,004 s/op
[info] Iteration   2: 0,002 ±(99.9%) 0,001 s/op
[info]                  gc.alloc.rate:      191,778 MB/sec
[info]                  gc.alloc.rate.norm: 448942,776 B/op
[info]                  gc.count:           ≈ 0 counts
[info]                  p0.00:              0,002 s/op
[info]                  p0.50:              0,002 s/op
[info]                  p0.90:              0,003 s/op
[info]                  p0.95:              0,003 s/op
[info]                  p0.99:              0,003 s/op
[info]                  p0.999:             0,003 s/op
[info]                  p0.9999:            0,003 s/op
[info]                  p1.00:              0,003 s/op
[info] Iteration   3: 0,002 ±(99.9%) 0,001 s/op
[info]                  gc.alloc.rate:      201,351 MB/sec
[info]                  gc.alloc.rate.norm: 448478,312 B/op
[info]                  gc.count:           ≈ 0 counts
[info]                  p0.00:              0,002 s/op
[info]                  p0.50:              0,002 s/op
[info]                  p0.90:              0,002 s/op
[info]                  p0.95:              0,002 s/op
[info]                  p0.99:              0,002 s/op
[info]                  p0.999:             0,003 s/op
[info]                  p0.9999:            0,003 s/op
[info]                  p1.00:              0,003 s/op
[info] Iteration   4: 0,002 ±(99.9%) 0,001 s/op
[info]                  gc.alloc.rate:      193,758 MB/sec
[info]                  gc.alloc.rate.norm: 449135,613 B/op
[info]                  gc.count:           1,000 counts
[info]                  gc.time:            2,000 ms
[info]                  p0.00:              0,002 s/op
[info]                  p0.50:              0,002 s/op
[info]                  p0.90:              0,002 s/op
[info]                  p0.95:              0,003 s/op
[info]                  p0.99:              0,003 s/op
[info]                  p0.999:             0,004 s/op
[info]                  p0.9999:            0,004 s/op
[info]                  p1.00:              0,004 s/op
[info] Iteration   5: 0,002 ±(99.9%) 0,001 s/op
[info]                  gc.alloc.rate:      150,684 MB/sec
[info]                  gc.alloc.rate.norm: 448318,145 B/op
[info]                  gc.count:           ≈ 0 counts
[info]                  p0.00:              0,002 s/op
[info]                  p0.50:              0,002 s/op
[info]                  p0.90:              0,002 s/op
[info]                  p0.95:              0,002 s/op
[info]                  p0.99:              0,003 s/op
[info]                  p0.999:             0,003 s/op
[info]                  p0.9999:            0,003 s/op
[info]                  p1.00:              0,003 s/op
[info] # Run progress: 68,06% complete, ETA 00:06:05
[info] # Fork: 2 of 3
[info] WARNING: A terminally deprecated method in sun.misc.Unsafe has been called
[info] WARNING: sun.misc.Unsafe::objectFieldOffset has been called by org.openjdk.jmh.util.Utils (file:/Users/stas/projects/scala-effect-bench/target/bg-jobs/sbt_abaae1e6/target/ec0caa91/1296d6b9/jmh-core-1.37.jar)
[info] WARNING: Please consider reporting this to the maintainers of class org.openjdk.jmh.util.Utils
[info] WARNING: sun.misc.Unsafe::objectFieldOffset will be removed in a future release
[info] # Warmup Iteration   1: 0,003 ±(99.9%) 0,002 s/op
[info] # Warmup Iteration   2: 0,002 ±(99.9%) 0,001 s/op
[info] # Warmup Iteration   3: 0,002 ±(99.9%) 0,001 s/op
[info] # Warmup Iteration   4: 0,002 ±(99.9%) 0,001 s/op
[info] # Warmup Iteration   5: 0,002 ±(99.9%) 0,001 s/op
[info] Iteration   1: 0,002 ±(99.9%) 0,001 s/op
[info]                  gc.alloc.rate:      201,819 MB/sec
[info]                  gc.alloc.rate.norm: 456642,644 B/op
[info]                  gc.count:           ≈ 0 counts
[info]                  p0.00:              0,002 s/op
[info]                  p0.50:              0,002 s/op
[info]                  p0.90:              0,002 s/op
[info]                  p0.95:              0,003 s/op
[info]                  p0.99:              0,003 s/op
[info]                  p0.999:             0,003 s/op
[info]                  p0.9999:            0,003 s/op
[info]                  p1.00:              0,003 s/op
[info] Iteration   2: 0,002 ±(99.9%) 0,001 s/op
[info]                  gc.alloc.rate:      202,199 MB/sec
[info]                  gc.alloc.rate.norm: 456250,256 B/op
[info]                  gc.count:           ≈ 0 counts
[info]                  p0.00:              0,002 s/op
[info]                  p0.50:              0,002 s/op
[info]                  p0.90:              0,002 s/op
[info]                  p0.95:              0,003 s/op
[info]                  p0.99:              0,003 s/op
[info]                  p0.999:             0,003 s/op
[info]                  p0.9999:            0,003 s/op
[info]                  p1.00:              0,003 s/op
[info] Iteration   3: 0,002 ±(99.9%) 0,001 s/op
[info]                  gc.alloc.rate:      191,321 MB/sec
[info]                  gc.alloc.rate.norm: 457723,138 B/op
[info]                  gc.count:           ≈ 0 counts
[info]                  p0.00:              0,002 s/op
[info]                  p0.50:              0,002 s/op
[info]                  p0.90:              0,003 s/op
[info]                  p0.95:              0,003 s/op
[info]                  p0.99:              0,003 s/op
[info]                  p0.999:             0,003 s/op
[info]                  p0.9999:            0,003 s/op
[info]                  p1.00:              0,003 s/op
[info] Iteration   4: 0,002 ±(99.9%) 0,001 s/op
[info]                  gc.alloc.rate:      202,029 MB/sec
[info]                  gc.alloc.rate.norm: 456443,605 B/op
[info]                  gc.count:           1,000 counts
[info]                  gc.time:            1,000 ms
[info]                  p0.00:              0,002 s/op
[info]                  p0.50:              0,002 s/op
[info]                  p0.90:              0,002 s/op
[info]                  p0.95:              0,002 s/op
[info]                  p0.99:              0,003 s/op
[info]                  p0.999:             0,004 s/op
[info]                  p0.9999:            0,004 s/op
[info]                  p1.00:              0,004 s/op
[info] Iteration   5: 0,002 ±(99.9%) 0,001 s/op
[info]                  gc.alloc.rate:      149,614 MB/sec
[info]                  gc.alloc.rate.norm: 456369,319 B/op
[info]                  gc.count:           ≈ 0 counts
[info]                  p0.00:              0,002 s/op
[info]                  p0.50:              0,002 s/op
[info]                  p0.90:              0,002 s/op
[info]                  p0.95:              0,003 s/op
[info]                  p0.99:              0,003 s/op
[info]                  p0.999:             0,003 s/op
[info]                  p0.9999:            0,003 s/op
[info]                  p1.00:              0,003 s/op
[info] # Run progress: 69,44% complete, ETA 00:05:49
[info] # Fork: 3 of 3
[info] WARNING: A terminally deprecated method in sun.misc.Unsafe has been called
[info] WARNING: sun.misc.Unsafe::objectFieldOffset has been called by org.openjdk.jmh.util.Utils (file:/Users/stas/projects/scala-effect-bench/target/bg-jobs/sbt_abaae1e6/target/ec0caa91/1296d6b9/jmh-core-1.37.jar)
[info] WARNING: Please consider reporting this to the maintainers of class org.openjdk.jmh.util.Utils
[info] WARNING: sun.misc.Unsafe::objectFieldOffset will be removed in a future release
[info] # Warmup Iteration   1: 0,003 ±(99.9%) 0,002 s/op
[info] # Warmup Iteration   2: 0,002 ±(99.9%) 0,001 s/op
[info] # Warmup Iteration   3: 0,002 ±(99.9%) 0,001 s/op
[info] # Warmup Iteration   4: 0,002 ±(99.9%) 0,001 s/op
[info] # Warmup Iteration   5: 0,002 ±(99.9%) 0,001 s/op
[info] Iteration   1: 0,002 ±(99.9%) 0,001 s/op
[info]                  gc.alloc.rate:      204,422 MB/sec
[info]                  gc.alloc.rate.norm: 466816,571 B/op
[info]                  gc.count:           ≈ 0 counts
[info]                  p0.00:              0,002 s/op
[info]                  p0.50:              0,002 s/op
[info]                  p0.90:              0,002 s/op
[info]                  p0.95:              0,002 s/op
[info]                  p0.99:              0,003 s/op
[info]                  p0.999:             0,003 s/op
[info]                  p0.9999:            0,003 s/op
[info]                  p1.00:              0,003 s/op
[info] Iteration   2: 0,002 ±(99.9%) 0,001 s/op
[info]                  gc.alloc.rate:      194,230 MB/sec
[info]                  gc.alloc.rate.norm: 467755,826 B/op
[info]                  gc.count:           ≈ 0 counts
[info]                  p0.00:              0,002 s/op
[info]                  p0.50:              0,002 s/op
[info]                  p0.90:              0,003 s/op
[info]                  p0.95:              0,003 s/op
[info]                  p0.99:              0,003 s/op
[info]                  p0.999:             0,003 s/op
[info]                  p0.9999:            0,003 s/op
[info]                  p1.00:              0,003 s/op
[info] Iteration   3: 0,002 ±(99.9%) 0,001 s/op
[info]                  gc.alloc.rate:      211,342 MB/sec
[info]                  gc.alloc.rate.norm: 466439,498 B/op
[info]                  gc.count:           ≈ 0 counts
[info]                  p0.00:              0,002 s/op
[info]                  p0.50:              0,002 s/op
[info]                  p0.90:              0,002 s/op
[info]                  p0.95:              0,002 s/op
[info]                  p0.99:              0,002 s/op
[info]                  p0.999:             0,003 s/op
[info]                  p0.9999:            0,003 s/op
[info]                  p1.00:              0,003 s/op
[info] Iteration   4: 0,002 ±(99.9%) 0,001 s/op
[info]                  gc.alloc.rate:      208,528 MB/sec
[info]                  gc.alloc.rate.norm: 466794,344 B/op
[info]                  gc.count:           1,000 counts
[info]                  gc.time:            2,000 ms
[info]                  p0.00:              0,002 s/op
[info]                  p0.50:              0,002 s/op
[info]                  p0.90:              0,002 s/op
[info]                  p0.95:              0,002 s/op
[info]                  p0.99:              0,002 s/op
[info]                  p0.999:             0,004 s/op
[info]                  p0.9999:            0,004 s/op
[info]                  p1.00:              0,004 s/op
[info] Iteration   5: 0,002 ±(99.9%) 0,001 s/op
[info]                  gc.alloc.rate:      153,846 MB/sec
[info]                  gc.alloc.rate.norm: 467135,306 B/op
[info]                  gc.count:           ≈ 0 counts
[info]                  p0.00:              0,002 s/op
[info]                  p0.50:              0,002 s/op
[info]                  p0.90:              0,002 s/op
[info]                  p0.95:              0,003 s/op
[info]                  p0.99:              0,003 s/op
[info]                  p0.999:             0,003 s/op
[info]                  p0.9999:            0,003 s/op
[info]                  p1.00:              0,003 s/op
[info] Result "bench.blocking.BlockingBench.requests":
[info]   N = 6927
[info]   mean =      0,002 ±(99.9%) 0,001 s/op
[info]   Histogram, s/op:
[info]     [0,001, 0,001) = 0 
[info]     [0,001, 0,002) = 0 
[info]     [0,002, 0,002) = 1 
[info]     [0,002, 0,002) = 778 
[info]     [0,002, 0,002) = 4331 
[info]     [0,002, 0,003) = 1369 
[info]     [0,003, 0,003) = 411 
[info]     [0,003, 0,003) = 28 
[info]     [0,003, 0,003) = 4 
[info]     [0,003, 0,004) = 1 
[info]     [0,004, 0,004) = 0 
[info]     [0,004, 0,004) = 2 
[info]     [0,004, 0,004) = 1 
[info]     [0,004, 0,005) = 1 
[info]     [0,005, 0,005) = 0 
[info]   Percentiles, s/op:
[info]       p(0,0000) =      0,002 s/op
[info]      p(50,0000) =      0,002 s/op
[info]      p(90,0000) =      0,002 s/op
[info]      p(95,0000) =      0,003 s/op
[info]      p(99,0000) =      0,003 s/op
[info]      p(99,9000) =      0,003 s/op
[info]      p(99,9900) =      0,004 s/op
[info]      p(99,9990) =      0,004 s/op
[info]      p(99,9999) =      0,004 s/op
[info]     p(100,0000) =      0,004 s/op
[info] Secondary result "bench.blocking.BlockingBench.requests:gc.alloc.rate":
[info]   190,334 ±(99.9%) 22,413 MB/sec [Average]
[info]   (min, avg, max) = (149,614, 190,334, 211,342), stdev = 20,965
[info]   CI (99.9%): [167,921, 212,747] (assumes normal distribution)
[info] Secondary result "bench.blocking.BlockingBench.requests:gc.alloc.rate.norm":
[info]   457472,645 ±(99.9%) 8279,212 B/op [Average]
[info]   (min, avg, max) = (448318,145, 457472,645, 467755,826), stdev = 7744,380
[info]   CI (99.9%): [449193,433, 465751,858] (assumes normal distribution)
[info] Secondary result "bench.blocking.BlockingBench.requests:gc.count":
[info]   3,000 ±(99.9%) 0,001 counts [Sum]
[info]   (min, avg, max) = (≈ 0, 0,200, 1,000), stdev = 0,414
[info]   CI (99.9%): [3,000, 3,000] (assumes normal distribution)
[info] Secondary result "bench.blocking.BlockingBench.requests:gc.time":
[info]   5,000 ±(99.9%) 0,001 ms [Sum]
[info]   (min, avg, max) = (≈ 0, 0,333, 2,000), stdev = 0,724
[info]   CI (99.9%): [5,000, 5,000] (assumes normal distribution)
[info] # JMH version: 1.37
[info] # VM version: JDK 25.0.3, Java HotSpot(TM) 64-Bit Server VM, 25.0.3+9-LTS-195
[info] # VM invoker: /Users/stas/.sdkman/candidates/java/25.0.3-oracle/bin/java
[info] # VM options: --add-opens=java.base/java.lang=ALL-UNNAMED -Xms2g -Xmx2g -XX:+UseG1GC
[info] # Blackhole mode: compiler (auto-detected, use -Djmh.blackhole.autoDetect=false to disable)
[info] # Warmup: 5 iterations, 1 s each
[info] # Measurement: 5 iterations, 1 s each
[info] # Timeout: 10 min per iteration
[info] # Threads: 1 thread, will synchronize iterations
[info] # Benchmark mode: Sampling time
[info] # Benchmark: bench.blocking.BlockingBench.requests
[info] # Parameters: (delayMicros = 0, parallelism = 64, runtime = kyo, size = 256)
[info] # Run progress: 70,83% complete, ETA 00:05:33
[info] # Fork: 1 of 3
[info] WARNING: A terminally deprecated method in sun.misc.Unsafe has been called
[info] WARNING: sun.misc.Unsafe::objectFieldOffset has been called by org.openjdk.jmh.util.Utils (file:/Users/stas/projects/scala-effect-bench/target/bg-jobs/sbt_abaae1e6/target/ec0caa91/1296d6b9/jmh-core-1.37.jar)
[info] WARNING: Please consider reporting this to the maintainers of class org.openjdk.jmh.util.Utils
[info] WARNING: sun.misc.Unsafe::objectFieldOffset will be removed in a future release
[info] # Warmup Iteration   1: 0,009 ±(99.9%) 0,006 s/op
[info] # Warmup Iteration   2: 0,006 ±(99.9%) 0,001 s/op
[info] # Warmup Iteration   3: 0,006 ±(99.9%) 0,001 s/op
[info] # Warmup Iteration   4: 0,006 ±(99.9%) 0,001 s/op
[info] # Warmup Iteration   5: 0,006 ±(99.9%) 0,001 s/op
[info] Iteration   1: 0,006 ±(99.9%) 0,001 s/op
[info]                  gc.alloc.rate:      21,729 MB/sec
[info]                  gc.alloc.rate.norm: 141428,691 B/op
[info]                  gc.count:           ≈ 0 counts
[info]                  p0.00:              0,004 s/op
[info]                  p0.50:              0,006 s/op
[info]                  p0.90:              0,007 s/op
[info]                  p0.95:              0,007 s/op
[info]                  p0.99:              0,007 s/op
[info]                  p0.999:             0,007 s/op
[info]                  p0.9999:            0,007 s/op
[info]                  p1.00:              0,007 s/op
[info] Iteration   2: 0,006 ±(99.9%) 0,001 s/op
[info]                  gc.alloc.rate:      22,155 MB/sec
[info]                  gc.alloc.rate.norm: 141484,703 B/op
[info]                  gc.count:           ≈ 0 counts
[info]                  p0.00:              0,004 s/op
[info]                  p0.50:              0,006 s/op
[info]                  p0.90:              0,007 s/op
[info]                  p0.95:              0,007 s/op
[info]                  p0.99:              0,007 s/op
[info]                  p0.999:             0,007 s/op
[info]                  p0.9999:            0,007 s/op
[info]                  p1.00:              0,007 s/op
[info] Iteration   3: 0,006 ±(99.9%) 0,001 s/op
[info]                  gc.alloc.rate:      21,135 MB/sec
[info]                  gc.alloc.rate.norm: 141436,203 B/op
[info]                  gc.count:           ≈ 0 counts
[info]                  p0.00:              0,004 s/op
[info]                  p0.50:              0,007 s/op
[info]                  p0.90:              0,007 s/op
[info]                  p0.95:              0,007 s/op
[info]                  p0.99:              0,007 s/op
[info]                  p0.999:             0,008 s/op
[info]                  p0.9999:            0,008 s/op
[info]                  p1.00:              0,008 s/op
[info] Iteration   4: 0,006 ±(99.9%) 0,001 s/op
[info]                  gc.alloc.rate:      21,232 MB/sec
[info]                  gc.alloc.rate.norm: 141450,785 B/op
[info]                  gc.count:           ≈ 0 counts
[info]                  p0.00:              0,004 s/op
[info]                  p0.50:              0,007 s/op
[info]                  p0.90:              0,007 s/op
[info]                  p0.95:              0,007 s/op
[info]                  p0.99:              0,007 s/op
[info]                  p0.999:             0,007 s/op
[info]                  p0.9999:            0,007 s/op
[info]                  p1.00:              0,007 s/op
[info] Iteration   5: 0,006 ±(99.9%) 0,001 s/op
[info]                  gc.alloc.rate:      17,106 MB/sec
[info]                  gc.alloc.rate.norm: 141669,796 B/op
[info]                  gc.count:           ≈ 0 counts
[info]                  p0.00:              0,004 s/op
[info]                  p0.50:              0,006 s/op
[info]                  p0.90:              0,007 s/op
[info]                  p0.95:              0,007 s/op
[info]                  p0.99:              0,008 s/op
[info]                  p0.999:             0,008 s/op
[info]                  p0.9999:            0,008 s/op
[info]                  p1.00:              0,008 s/op
[info] # Run progress: 72,22% complete, ETA 00:05:17
[info] # Fork: 2 of 3
[info] WARNING: A terminally deprecated method in sun.misc.Unsafe has been called
[info] WARNING: sun.misc.Unsafe::objectFieldOffset has been called by org.openjdk.jmh.util.Utils (file:/Users/stas/projects/scala-effect-bench/target/bg-jobs/sbt_abaae1e6/target/ec0caa91/1296d6b9/jmh-core-1.37.jar)
[info] WARNING: Please consider reporting this to the maintainers of class org.openjdk.jmh.util.Utils
[info] WARNING: sun.misc.Unsafe::objectFieldOffset will be removed in a future release
[info] # Warmup Iteration   1: 0,008 ±(99.9%) 0,004 s/op
[info] # Warmup Iteration   2: 0,007 ±(99.9%) 0,001 s/op
[info] # Warmup Iteration   3: 0,006 ±(99.9%) 0,001 s/op
[info] # Warmup Iteration   4: 0,006 ±(99.9%) 0,001 s/op
[info] # Warmup Iteration   5: 0,006 ±(99.9%) 0,001 s/op
[info] Iteration   1: 0,006 ±(99.9%) 0,001 s/op
[info]                  gc.alloc.rate:      21,677 MB/sec
[info]                  gc.alloc.rate.norm: 141450,634 B/op
[info]                  gc.count:           ≈ 0 counts
[info]                  p0.00:              0,004 s/op
[info]                  p0.50:              0,007 s/op
[info]                  p0.90:              0,007 s/op
[info]                  p0.95:              0,007 s/op
[info]                  p0.99:              0,007 s/op
[info]                  p0.999:             0,008 s/op
[info]                  p0.9999:            0,008 s/op
[info]                  p1.00:              0,008 s/op
[info] Iteration   2: 0,006 ±(99.9%) 0,001 s/op
[info]                  gc.alloc.rate:      21,340 MB/sec
[info]                  gc.alloc.rate.norm: 141503,094 B/op
[info]                  gc.count:           ≈ 0 counts
[info]                  p0.00:              0,004 s/op
[info]                  p0.50:              0,007 s/op
[info]                  p0.90:              0,007 s/op
[info]                  p0.95:              0,007 s/op
[info]                  p0.99:              0,007 s/op
[info]                  p0.999:             0,007 s/op
[info]                  p0.9999:            0,007 s/op
[info]                  p1.00:              0,007 s/op
[info] Iteration   3: 0,006 ±(99.9%) 0,001 s/op
[info]                  gc.alloc.rate:      20,977 MB/sec
[info]                  gc.alloc.rate.norm: 141539,771 B/op
[info]                  gc.count:           ≈ 0 counts
[info]                  p0.00:              0,004 s/op
[info]                  p0.50:              0,007 s/op
[info]                  p0.90:              0,007 s/op
[info]                  p0.95:              0,007 s/op
[info]                  p0.99:              0,008 s/op
[info]                  p0.999:             0,008 s/op
[info]                  p0.9999:            0,008 s/op
[info]                  p1.00:              0,008 s/op
[info] Iteration   4: 0,006 ±(99.9%) 0,001 s/op
[info]                  gc.alloc.rate:      22,010 MB/sec
[info]                  gc.alloc.rate.norm: 141418,327 B/op
[info]                  gc.count:           ≈ 0 counts
[info]                  p0.00:              0,003 s/op
[info]                  p0.50:              0,006 s/op
[info]                  p0.90:              0,007 s/op
[info]                  p0.95:              0,007 s/op
[info]                  p0.99:              0,007 s/op
[info]                  p0.999:             0,007 s/op
[info]                  p0.9999:            0,007 s/op
[info]                  p1.00:              0,007 s/op
[info] Iteration   5: 0,006 ±(99.9%) 0,001 s/op
[info]                  gc.alloc.rate:      16,472 MB/sec
[info]                  gc.alloc.rate.norm: 141685,728 B/op
[info]                  gc.count:           ≈ 0 counts
[info]                  p0.00:              0,004 s/op
[info]                  p0.50:              0,006 s/op
[info]                  p0.90:              0,007 s/op
[info]                  p0.95:              0,007 s/op
[info]                  p0.99:              0,007 s/op
[info]                  p0.999:             0,007 s/op
[info]                  p0.9999:            0,007 s/op
[info]                  p1.00:              0,007 s/op
[info] # Run progress: 73,61% complete, ETA 00:05:01
[info] # Fork: 3 of 3
[info] WARNING: A terminally deprecated method in sun.misc.Unsafe has been called
[info] WARNING: sun.misc.Unsafe::objectFieldOffset has been called by org.openjdk.jmh.util.Utils (file:/Users/stas/projects/scala-effect-bench/target/bg-jobs/sbt_abaae1e6/target/ec0caa91/1296d6b9/jmh-core-1.37.jar)
[info] WARNING: Please consider reporting this to the maintainers of class org.openjdk.jmh.util.Utils
[info] WARNING: sun.misc.Unsafe::objectFieldOffset will be removed in a future release
[info] # Warmup Iteration   1: 0,009 ±(99.9%) 0,007 s/op
[info] # Warmup Iteration   2: 0,006 ±(99.9%) 0,001 s/op
[info] # Warmup Iteration   3: 0,006 ±(99.9%) 0,001 s/op
[info] # Warmup Iteration   4: 0,006 ±(99.9%) 0,001 s/op
[info] # Warmup Iteration   5: 0,006 ±(99.9%) 0,001 s/op
[info] Iteration   1: 0,006 ±(99.9%) 0,001 s/op
[info]                  gc.alloc.rate:      21,474 MB/sec
[info]                  gc.alloc.rate.norm: 141426,400 B/op
[info]                  gc.count:           ≈ 0 counts
[info]                  p0.00:              0,004 s/op
[info]                  p0.50:              0,007 s/op
[info]                  p0.90:              0,007 s/op
[info]                  p0.95:              0,007 s/op
[info]                  p0.99:              0,007 s/op
[info]                  p0.999:             0,007 s/op
[info]                  p0.9999:            0,007 s/op
[info]                  p1.00:              0,007 s/op
[info] Iteration   2: 0,006 ±(99.9%) 0,001 s/op
[info]                  gc.alloc.rate:      20,844 MB/sec
[info]                  gc.alloc.rate.norm: 141574,658 B/op
[info]                  gc.count:           ≈ 0 counts
[info]                  p0.00:              0,004 s/op
[info]                  p0.50:              0,007 s/op
[info]                  p0.90:              0,007 s/op
[info]                  p0.95:              0,007 s/op
[info]                  p0.99:              0,008 s/op
[info]                  p0.999:             0,008 s/op
[info]                  p0.9999:            0,008 s/op
[info]                  p1.00:              0,008 s/op
[info] Iteration   3: 0,006 ±(99.9%) 0,001 s/op
[info]                  gc.alloc.rate:      20,840 MB/sec
[info]                  gc.alloc.rate.norm: 141600,929 B/op
[info]                  gc.count:           ≈ 0 counts
[info]                  p0.00:              0,004 s/op
[info]                  p0.50:              0,007 s/op
[info]                  p0.90:              0,007 s/op
[info]                  p0.95:              0,007 s/op
[info]                  p0.99:              0,007 s/op
[info]                  p0.999:             0,007 s/op
[info]                  p0.9999:            0,007 s/op
[info]                  p1.00:              0,007 s/op
[info] Iteration   4: 0,006 ±(99.9%) 0,001 s/op
[info]                  gc.alloc.rate:      21,346 MB/sec
[info]                  gc.alloc.rate.norm: 141428,428 B/op
[info]                  gc.count:           ≈ 0 counts
[info]                  p0.00:              0,004 s/op
[info]                  p0.50:              0,007 s/op
[info]                  p0.90:              0,007 s/op
[info]                  p0.95:              0,007 s/op
[info]                  p0.99:              0,007 s/op
[info]                  p0.999:             0,007 s/op
[info]                  p0.9999:            0,007 s/op
[info]                  p1.00:              0,007 s/op
[info] Iteration   5: 0,006 ±(99.9%) 0,001 s/op
[info]                  gc.alloc.rate:      16,026 MB/sec
[info]                  gc.alloc.rate.norm: 141894,522 B/op
[info]                  gc.count:           ≈ 0 counts
[info]                  p0.00:              0,004 s/op
[info]                  p0.50:              0,007 s/op
[info]                  p0.90:              0,007 s/op
[info]                  p0.95:              0,007 s/op
[info]                  p0.99:              0,008 s/op
[info]                  p0.999:             0,010 s/op
[info]                  p0.9999:            0,010 s/op
[info]                  p1.00:              0,010 s/op
[info] Result "bench.blocking.BlockingBench.requests":
[info]   N = 2400
[info]   mean =      0,006 ±(99.9%) 0,001 s/op
[info]   Histogram, s/op:
[info]     [0,003, 0,004) = 1 
[info]     [0,004, 0,004) = 13 
[info]     [0,004, 0,005) = 56 
[info]     [0,005, 0,005) = 38 
[info]     [0,005, 0,006) = 210 
[info]     [0,006, 0,006) = 552 
[info]     [0,006, 0,007) = 231 
[info]     [0,007, 0,007) = 1127 
[info]     [0,007, 0,008) = 166 
[info]     [0,008, 0,008) = 3 
[info]     [0,008, 0,009) = 2 
[info]     [0,009, 0,009) = 0 
[info]     [0,009, 0,010) = 0 
[info]   Percentiles, s/op:
[info]       p(0,0000) =      0,003 s/op
[info]      p(50,0000) =      0,007 s/op
[info]      p(90,0000) =      0,007 s/op
[info]      p(95,0000) =      0,007 s/op
[info]      p(99,0000) =      0,007 s/op
[info]      p(99,9000) =      0,008 s/op
[info]      p(99,9900) =      0,010 s/op
[info]      p(99,9990) =      0,010 s/op
[info]      p(99,9999) =      0,010 s/op
[info]     p(100,0000) =      0,010 s/op
[info] Secondary result "bench.blocking.BlockingBench.requests:gc.alloc.rate":
[info]   20,424 ±(99.9%) 2,201 MB/sec [Average]
[info]   (min, avg, max) = (16,026, 20,424, 22,155), stdev = 2,059
[info]   CI (99.9%): [18,223, 22,626] (assumes normal distribution)
[info] Secondary result "bench.blocking.BlockingBench.requests:gc.alloc.rate.norm":
[info]   141532,845 ±(99.9%) 143,316 B/op [Average]
[info]   (min, avg, max) = (141418,327, 141532,845, 141894,522), stdev = 134,058
[info]   CI (99.9%): [141389,528, 141676,161] (assumes normal distribution)
[info] Secondary result "bench.blocking.BlockingBench.requests:gc.count":
[info]   ≈ 0 counts
[info] # JMH version: 1.37
[info] # VM version: JDK 25.0.3, Java HotSpot(TM) 64-Bit Server VM, 25.0.3+9-LTS-195
[info] # VM invoker: /Users/stas/.sdkman/candidates/java/25.0.3-oracle/bin/java
[info] # VM options: --add-opens=java.base/java.lang=ALL-UNNAMED -Xms2g -Xmx2g -XX:+UseG1GC
[info] # Blackhole mode: compiler (auto-detected, use -Djmh.blackhole.autoDetect=false to disable)
[info] # Warmup: 5 iterations, 1 s each
[info] # Measurement: 5 iterations, 1 s each
[info] # Timeout: 10 min per iteration
[info] # Threads: 1 thread, will synchronize iterations
[info] # Benchmark mode: Sampling time
[info] # Benchmark: bench.blocking.BlockingBench.requests
[info] # Parameters: (delayMicros = 1000, parallelism = 8, runtime = ce, size = 256)
[info] # Run progress: 75,00% complete, ETA 00:04:45
[info] # Fork: 1 of 3
[info] WARNING: A terminally deprecated method in sun.misc.Unsafe has been called
[info] WARNING: sun.misc.Unsafe::objectFieldOffset has been called by org.openjdk.jmh.util.Utils (file:/Users/stas/projects/scala-effect-bench/target/bg-jobs/sbt_abaae1e6/target/ec0caa91/1296d6b9/jmh-core-1.37.jar)
[info] WARNING: Please consider reporting this to the maintainers of class org.openjdk.jmh.util.Utils
[info] WARNING: sun.misc.Unsafe::objectFieldOffset will be removed in a future release
[info] # Warmup Iteration   1: 0,057 ±(99.9%) 0,040 s/op
[info] # Warmup Iteration   2: 0,048 ±(99.9%) 0,003 s/op
[info] # Warmup Iteration   3: 0,052 ±(99.9%) 0,006 s/op
[info] # Warmup Iteration   4: 0,048 ±(99.9%) 0,002 s/op
[info] # Warmup Iteration   5: 0,052 ±(99.9%) 0,006 s/op
[info] Iteration   1: 0,051 ±(99.9%) 0,004 s/op
[info]                  gc.alloc.rate:      1,410 MB/sec
[info]                  gc.alloc.rate.norm: 75888,000 B/op
[info]                  gc.count:           ≈ 0 counts
[info]                  p0.00:              0,044 s/op
[info]                  p0.50:              0,051 s/op
[info]                  p0.90:              0,057 s/op
[info]                  p0.95:              0,061 s/op
[info]                  p0.99:              0,061 s/op
[info]                  p0.999:             0,061 s/op
[info]                  p0.9999:            0,061 s/op
[info]                  p1.00:              0,061 s/op
[info] Iteration   2: 0,049 ±(99.9%) 0,004 s/op
[info]                  gc.alloc.rate:      1,473 MB/sec
[info]                  gc.alloc.rate.norm: 75846,476 B/op
[info]                  gc.count:           ≈ 0 counts
[info]                  p0.00:              0,044 s/op
[info]                  p0.50:              0,048 s/op
[info]                  p0.90:              0,055 s/op
[info]                  p0.95:              0,063 s/op
[info]                  p0.99:              0,064 s/op
[info]                  p0.999:             0,064 s/op
[info]                  p0.9999:            0,064 s/op
[info]                  p1.00:              0,064 s/op
[info] Iteration   3: 0,050 ±(99.9%) 0,004 s/op
[info]                  gc.alloc.rate:      1,437 MB/sec
[info]                  gc.alloc.rate.norm: 75877,200 B/op
[info]                  gc.count:           ≈ 0 counts
[info]                  p0.00:              0,044 s/op
[info]                  p0.50:              0,049 s/op
[info]                  p0.90:              0,059 s/op
[info]                  p0.95:              0,061 s/op
[info]                  p0.99:              0,061 s/op
[info]                  p0.999:             0,061 s/op
[info]                  p0.9999:            0,061 s/op
[info]                  p1.00:              0,061 s/op
[info] Iteration   4: 0,051 ±(99.9%) 0,006 s/op
[info]                  gc.alloc.rate:      1,419 MB/sec
[info]                  gc.alloc.rate.norm: 75920,000 B/op
[info]                  gc.count:           ≈ 0 counts
[info]                  p0.00:              0,043 s/op
[info]                  p0.50:              0,049 s/op
[info]                  p0.90:              0,060 s/op
[info]                  p0.95:              0,062 s/op
[info]                  p0.99:              0,062 s/op
[info]                  p0.999:             0,062 s/op
[info]                  p0.9999:            0,062 s/op
[info]                  p1.00:              0,062 s/op
[info] Iteration   5: 0,051 ±(99.9%) 0,006 s/op
[info]                  gc.alloc.rate:      1,094 MB/sec
[info]                  gc.alloc.rate.norm: 77818,400 B/op
[info]                  gc.count:           ≈ 0 counts
[info]                  p0.00:              0,044 s/op
[info]                  p0.50:              0,050 s/op
[info]                  p0.90:              0,060 s/op
[info]                  p0.95:              0,063 s/op
[info]                  p0.99:              0,063 s/op
[info]                  p0.999:             0,063 s/op
[info]                  p0.9999:            0,063 s/op
[info]                  p1.00:              0,063 s/op
[info] # Run progress: 76,39% complete, ETA 00:04:30
[info] # Fork: 2 of 3
[info] WARNING: A terminally deprecated method in sun.misc.Unsafe has been called
[info] WARNING: sun.misc.Unsafe::objectFieldOffset has been called by org.openjdk.jmh.util.Utils (file:/Users/stas/projects/scala-effect-bench/target/bg-jobs/sbt_abaae1e6/target/ec0caa91/1296d6b9/jmh-core-1.37.jar)
[info] WARNING: Please consider reporting this to the maintainers of class org.openjdk.jmh.util.Utils
[info] WARNING: sun.misc.Unsafe::objectFieldOffset will be removed in a future release
[info] # Warmup Iteration   1: 0,056 ±(99.9%) 0,035 s/op
[info] # Warmup Iteration   2: 0,048 ±(99.9%) 0,002 s/op
[info] # Warmup Iteration   3: 0,052 ±(99.9%) 0,009 s/op
[info] # Warmup Iteration   4: 0,048 ±(99.9%) 0,004 s/op
[info] # Warmup Iteration   5: 0,049 ±(99.9%) 0,004 s/op
[info] Iteration   1: 0,051 ±(99.9%) 0,005 s/op
[info]                  gc.alloc.rate:      1,406 MB/sec
[info]                  gc.alloc.rate.norm: 75970,800 B/op
[info]                  gc.count:           ≈ 0 counts
[info]                  p0.00:              0,044 s/op
[info]                  p0.50:              0,050 s/op
[info]                  p0.90:              0,060 s/op
[info]                  p0.95:              0,061 s/op
[info]                  p0.99:              0,061 s/op
[info]                  p0.999:             0,061 s/op
[info]                  p0.9999:            0,061 s/op
[info]                  p1.00:              0,061 s/op
[info] Iteration   2: 0,050 ±(99.9%) 0,005 s/op
[info]                  gc.alloc.rate:      1,434 MB/sec
[info]                  gc.alloc.rate.norm: 75908,400 B/op
[info]                  gc.count:           ≈ 0 counts
[info]                  p0.00:              0,044 s/op
[info]                  p0.50:              0,049 s/op
[info]                  p0.90:              0,060 s/op
[info]                  p0.95:              0,063 s/op
[info]                  p0.99:              0,063 s/op
[info]                  p0.999:             0,063 s/op
[info]                  p0.9999:            0,063 s/op
[info]                  p1.00:              0,063 s/op
[info] Iteration   3: 0,053 ±(99.9%) 0,006 s/op
[info]                  gc.alloc.rate:      1,373 MB/sec
[info]                  gc.alloc.rate.norm: 75908,400 B/op
[info]                  gc.count:           ≈ 0 counts
[info]                  p0.00:              0,044 s/op
[info]                  p0.50:              0,051 s/op
[info]                  p0.90:              0,062 s/op
[info]                  p0.95:              0,064 s/op
[info]                  p0.99:              0,064 s/op
[info]                  p0.999:             0,064 s/op
[info]                  p0.9999:            0,064 s/op
[info]                  p1.00:              0,064 s/op
[info] Iteration   4: 0,052 ±(99.9%) 0,005 s/op
[info]                  gc.alloc.rate:      1,384 MB/sec
[info]                  gc.alloc.rate.norm: 75981,600 B/op
[info]                  gc.count:           ≈ 0 counts
[info]                  p0.00:              0,044 s/op
[info]                  p0.50:              0,052 s/op
[info]                  p0.90:              0,060 s/op
[info]                  p0.95:              0,064 s/op
[info]                  p0.99:              0,064 s/op
[info]                  p0.999:             0,064 s/op
[info]                  p0.9999:            0,064 s/op
[info]                  p1.00:              0,064 s/op
[info] Iteration   5: 0,051 ±(99.9%) 0,005 s/op
[info]                  gc.alloc.rate:      1,098 MB/sec
[info]                  gc.alloc.rate.norm: 77886,000 B/op
[info]                  gc.count:           ≈ 0 counts
[info]                  p0.00:              0,044 s/op
[info]                  p0.50:              0,051 s/op
[info]                  p0.90:              0,063 s/op
[info]                  p0.95:              0,064 s/op
[info]                  p0.99:              0,064 s/op
[info]                  p0.999:             0,064 s/op
[info]                  p0.9999:            0,064 s/op
[info]                  p1.00:              0,064 s/op
[info] # Run progress: 77,78% complete, ETA 00:04:14
[info] # Fork: 3 of 3
[info] WARNING: A terminally deprecated method in sun.misc.Unsafe has been called
[info] WARNING: sun.misc.Unsafe::objectFieldOffset has been called by org.openjdk.jmh.util.Utils (file:/Users/stas/projects/scala-effect-bench/target/bg-jobs/sbt_abaae1e6/target/ec0caa91/1296d6b9/jmh-core-1.37.jar)
[info] WARNING: Please consider reporting this to the maintainers of class org.openjdk.jmh.util.Utils
[info] WARNING: sun.misc.Unsafe::objectFieldOffset will be removed in a future release
[info] # Warmup Iteration   1: 0,056 ±(99.9%) 0,037 s/op
[info] # Warmup Iteration   2: 0,048 ±(99.9%) 0,003 s/op
[info] # Warmup Iteration   3: 0,050 ±(99.9%) 0,005 s/op
[info] # Warmup Iteration   4: 0,048 ±(99.9%) 0,003 s/op
[info] # Warmup Iteration   5: 0,050 ±(99.9%) 0,004 s/op
[info] Iteration   1: 0,051 ±(99.9%) 0,005 s/op
[info]                  gc.alloc.rate:      1,428 MB/sec
[info]                  gc.alloc.rate.norm: 75918,000 B/op
[info]                  gc.count:           ≈ 0 counts
[info]                  p0.00:              0,043 s/op
[info]                  p0.50:              0,049 s/op
[info]                  p0.90:              0,063 s/op
[info]                  p0.95:              0,064 s/op
[info]                  p0.99:              0,064 s/op
[info]                  p0.999:             0,064 s/op
[info]                  p0.9999:            0,064 s/op
[info]                  p1.00:              0,064 s/op
[info] Iteration   2: 0,049 ±(99.9%) 0,003 s/op
[info]                  gc.alloc.rate:      1,468 MB/sec
[info]                  gc.alloc.rate.norm: 75926,476 B/op
[info]                  gc.count:           ≈ 0 counts
[info]                  p0.00:              0,043 s/op
[info]                  p0.50:              0,049 s/op
[info]                  p0.90:              0,057 s/op
[info]                  p0.95:              0,057 s/op
[info]                  p0.99:              0,057 s/op
[info]                  p0.999:             0,057 s/op
[info]                  p0.9999:            0,057 s/op
[info]                  p1.00:              0,057 s/op
[info] Iteration   3: 0,050 ±(99.9%) 0,004 s/op
[info]                  gc.alloc.rate:      1,456 MB/sec
[info]                  gc.alloc.rate.norm: 75850,286 B/op
[info]                  gc.count:           ≈ 0 counts
[info]                  p0.00:              0,044 s/op
[info]                  p0.50:              0,049 s/op
[info]                  p0.90:              0,058 s/op
[info]                  p0.95:              0,062 s/op
[info]                  p0.99:              0,062 s/op
[info]                  p0.999:             0,062 s/op
[info]                  p0.9999:            0,062 s/op
[info]                  p1.00:              0,062 s/op
[info] Iteration   4: 0,052 ±(99.9%) 0,006 s/op
[info]                  gc.alloc.rate:      1,393 MB/sec
[info]                  gc.alloc.rate.norm: 75873,200 B/op
[info]                  gc.count:           ≈ 0 counts
[info]                  p0.00:              0,043 s/op
[info]                  p0.50:              0,050 s/op
[info]                  p0.90:              0,061 s/op
[info]                  p0.95:              0,062 s/op
[info]                  p0.99:              0,062 s/op
[info]                  p0.999:             0,062 s/op
[info]                  p0.9999:            0,062 s/op
[info]                  p1.00:              0,062 s/op
[info] Iteration   5: 0,051 ±(99.9%) 0,005 s/op
[info]                  gc.alloc.rate:      1,111 MB/sec
[info]                  gc.alloc.rate.norm: 77838,800 B/op
[info]                  gc.count:           ≈ 0 counts
[info]                  p0.00:              0,044 s/op
[info]                  p0.50:              0,048 s/op
[info]                  p0.90:              0,062 s/op
[info]                  p0.95:              0,064 s/op
[info]                  p0.99:              0,065 s/op
[info]                  p0.999:             0,065 s/op
[info]                  p0.9999:            0,065 s/op
[info]                  p1.00:              0,065 s/op
[info] Result "bench.blocking.BlockingBench.requests":
[info]   N = 303
[info]   mean =      0,051 ±(99.9%) 0,001 s/op
[info]   Histogram, s/op:
[info]     [0,040, 0,043) = 0 
[info]     [0,043, 0,045) = 49 
[info]     [0,045, 0,048) = 52 
[info]     [0,048, 0,050) = 63 
[info]     [0,050, 0,053) = 34 
[info]     [0,053, 0,055) = 30 
[info]     [0,055, 0,058) = 29 
[info]     [0,058, 0,060) = 18 
[info]     [0,060, 0,063) = 18 
[info]     [0,063, 0,065) = 10 
[info]     [0,065, 0,068) = 0 
[info]     [0,068, 0,070) = 0 
[info]   Percentiles, s/op:
[info]       p(0,0000) =      0,043 s/op
[info]      p(50,0000) =      0,049 s/op
[info]      p(90,0000) =      0,060 s/op
[info]      p(95,0000) =      0,062 s/op
[info]      p(99,0000) =      0,064 s/op
[info]      p(99,9000) =      0,065 s/op
[info]      p(99,9900) =      0,065 s/op
[info]      p(99,9990) =      0,065 s/op
[info]      p(99,9999) =      0,065 s/op
[info]     p(100,0000) =      0,065 s/op
[info] Secondary result "bench.blocking.BlockingBench.requests:gc.alloc.rate":
[info]   1,359 ±(99.9%) 0,146 MB/sec [Average]
[info]   (min, avg, max) = (1,094, 1,359, 1,473), stdev = 0,137
[info]   CI (99.9%): [1,213, 1,505] (assumes normal distribution)
[info] Secondary result "bench.blocking.BlockingBench.requests:gc.alloc.rate.norm":
[info]   76294,136 ±(99.9%) 860,635 B/op [Average]
[info]   (min, avg, max) = (75846,476, 76294,136, 77886,000), stdev = 805,038
[info]   CI (99.9%): [75433,501, 77154,770] (assumes normal distribution)
[info] Secondary result "bench.blocking.BlockingBench.requests:gc.count":
[info]   ≈ 0 counts
[info] # JMH version: 1.37
[info] # VM version: JDK 25.0.3, Java HotSpot(TM) 64-Bit Server VM, 25.0.3+9-LTS-195
[info] # VM invoker: /Users/stas/.sdkman/candidates/java/25.0.3-oracle/bin/java
[info] # VM options: --add-opens=java.base/java.lang=ALL-UNNAMED -Xms2g -Xmx2g -XX:+UseG1GC
[info] # Blackhole mode: compiler (auto-detected, use -Djmh.blackhole.autoDetect=false to disable)
[info] # Warmup: 5 iterations, 1 s each
[info] # Measurement: 5 iterations, 1 s each
[info] # Timeout: 10 min per iteration
[info] # Threads: 1 thread, will synchronize iterations
[info] # Benchmark mode: Sampling time
[info] # Benchmark: bench.blocking.BlockingBench.requests
[info] # Parameters: (delayMicros = 1000, parallelism = 8, runtime = ceVirtual, size = 256)
[info] # Run progress: 79,17% complete, ETA 00:03:58
[info] # Fork: 1 of 3
[info] WARNING: A terminally deprecated method in sun.misc.Unsafe has been called
[info] WARNING: sun.misc.Unsafe::objectFieldOffset has been called by org.openjdk.jmh.util.Utils (file:/Users/stas/projects/scala-effect-bench/target/bg-jobs/sbt_abaae1e6/target/ec0caa91/1296d6b9/jmh-core-1.37.jar)
[info] WARNING: Please consider reporting this to the maintainers of class org.openjdk.jmh.util.Utils
[info] WARNING: sun.misc.Unsafe::objectFieldOffset will be removed in a future release
[info] # Warmup Iteration   1: 0,055 ±(99.9%) 0,033 s/op
[info] # Warmup Iteration   2: 0,050 ±(99.9%) 0,005 s/op
[info] # Warmup Iteration   3: 0,053 ±(99.9%) 0,007 s/op
[info] # Warmup Iteration   4: 0,053 ±(99.9%) 0,008 s/op
[info] # Warmup Iteration   5: 0,051 ±(99.9%) 0,005 s/op
[info] Iteration   1: 0,051 ±(99.9%) 0,004 s/op
[info]                  gc.alloc.rate:      6,909 MB/sec
[info]                  gc.alloc.rate.norm: 369931,600 B/op
[info]                  gc.count:           ≈ 0 counts
[info]                  p0.00:              0,045 s/op
[info]                  p0.50:              0,050 s/op
[info]                  p0.90:              0,058 s/op
[info]                  p0.95:              0,061 s/op
[info]                  p0.99:              0,061 s/op
[info]                  p0.999:             0,061 s/op
[info]                  p0.9999:            0,061 s/op
[info]                  p1.00:              0,061 s/op
[info] Iteration   2: 0,050 ±(99.9%) 0,006 s/op
[info]                  gc.alloc.rate:      6,984 MB/sec
[info]                  gc.alloc.rate.norm: 370255,200 B/op
[info]                  gc.count:           ≈ 0 counts
[info]                  p0.00:              0,044 s/op
[info]                  p0.50:              0,048 s/op
[info]                  p0.90:              0,067 s/op
[info]                  p0.95:              0,069 s/op
[info]                  p0.99:              0,069 s/op
[info]                  p0.999:             0,069 s/op
[info]                  p0.9999:            0,069 s/op
[info]                  p1.00:              0,069 s/op
[info] Iteration   3: 0,052 ±(99.9%) 0,006 s/op
[info]                  gc.alloc.rate:      6,732 MB/sec
[info]                  gc.alloc.rate.norm: 368848,000 B/op
[info]                  gc.count:           ≈ 0 counts
[info]                  p0.00:              0,045 s/op
[info]                  p0.50:              0,050 s/op
[info]                  p0.90:              0,064 s/op
[info]                  p0.95:              0,066 s/op
[info]                  p0.99:              0,066 s/op
[info]                  p0.999:             0,066 s/op
[info]                  p0.9999:            0,066 s/op
[info]                  p1.00:              0,066 s/op
[info] Iteration   4: 0,052 ±(99.9%) 0,007 s/op
[info]                  gc.alloc.rate:      6,772 MB/sec
[info]                  gc.alloc.rate.norm: 370268,000 B/op
[info]                  gc.count:           ≈ 0 counts
[info]                  p0.00:              0,045 s/op
[info]                  p0.50:              0,049 s/op
[info]                  p0.90:              0,067 s/op
[info]                  p0.95:              0,069 s/op
[info]                  p0.99:              0,069 s/op
[info]                  p0.999:             0,069 s/op
[info]                  p0.9999:            0,069 s/op
[info]                  p1.00:              0,069 s/op
[info] Iteration   5: 0,050 ±(99.9%) 0,003 s/op
[info]                  gc.alloc.rate:      5,385 MB/sec
[info]                  gc.alloc.rate.norm: 370800,381 B/op
[info]                  gc.count:           ≈ 0 counts
[info]                  p0.00:              0,045 s/op
[info]                  p0.50:              0,050 s/op
[info]                  p0.90:              0,053 s/op
[info]                  p0.95:              0,060 s/op
[info]                  p0.99:              0,061 s/op
[info]                  p0.999:             0,061 s/op
[info]                  p0.9999:            0,061 s/op
[info]                  p1.00:              0,061 s/op
[info] # Run progress: 80,56% complete, ETA 00:03:42
[info] # Fork: 2 of 3
[info] WARNING: A terminally deprecated method in sun.misc.Unsafe has been called
[info] WARNING: sun.misc.Unsafe::objectFieldOffset has been called by org.openjdk.jmh.util.Utils (file:/Users/stas/projects/scala-effect-bench/target/bg-jobs/sbt_abaae1e6/target/ec0caa91/1296d6b9/jmh-core-1.37.jar)
[info] WARNING: Please consider reporting this to the maintainers of class org.openjdk.jmh.util.Utils
[info] WARNING: sun.misc.Unsafe::objectFieldOffset will be removed in a future release
[info] # Warmup Iteration   1: 0,056 ±(99.9%) 0,036 s/op
[info] # Warmup Iteration   2: 0,048 ±(99.9%) 0,002 s/op
[info] # Warmup Iteration   3: 0,053 ±(99.9%) 0,008 s/op
[info] # Warmup Iteration   4: 0,051 ±(99.9%) 0,005 s/op
[info] # Warmup Iteration   5: 0,051 ±(99.9%) 0,006 s/op
[info] Iteration   1: 0,053 ±(99.9%) 0,008 s/op
[info]                  gc.alloc.rate:      6,682 MB/sec
[info]                  gc.alloc.rate.norm: 370425,263 B/op
[info]                  gc.count:           ≈ 0 counts
[info]                  p0.00:              0,045 s/op
[info]                  p0.50:              0,050 s/op
[info]                  p0.90:              0,069 s/op
[info]                  p0.95:              0,069 s/op
[info]                  p0.99:              0,069 s/op
[info]                  p0.999:             0,069 s/op
[info]                  p0.9999:            0,069 s/op
[info]                  p1.00:              0,069 s/op
[info] Iteration   2: 0,052 ±(99.9%) 0,007 s/op
[info]                  gc.alloc.rate:      6,756 MB/sec
[info]                  gc.alloc.rate.norm: 370228,800 B/op
[info]                  gc.count:           ≈ 0 counts
[info]                  p0.00:              0,045 s/op
[info]                  p0.50:              0,048 s/op
[info]                  p0.90:              0,066 s/op
[info]                  p0.95:              0,070 s/op
[info]                  p0.99:              0,070 s/op
[info]                  p0.999:             0,070 s/op
[info]                  p0.9999:            0,070 s/op
[info]                  p1.00:              0,070 s/op
[info] Iteration   3: 0,052 ±(99.9%) 0,008 s/op
[info]                  gc.alloc.rate:      6,728 MB/sec
[info]                  gc.alloc.rate.norm: 370347,600 B/op
[info]                  gc.count:           ≈ 0 counts
[info]                  p0.00:              0,044 s/op
[info]                  p0.50:              0,049 s/op
[info]                  p0.90:              0,069 s/op
[info]                  p0.95:              0,072 s/op
[info]                  p0.99:              0,072 s/op
[info]                  p0.999:             0,072 s/op
[info]                  p0.9999:            0,072 s/op
[info]                  p1.00:              0,072 s/op
[info] Iteration   4: 0,052 ±(99.9%) 0,007 s/op
[info]                  gc.alloc.rate:      6,823 MB/sec
[info]                  gc.alloc.rate.norm: 370235,600 B/op
[info]                  gc.count:           ≈ 0 counts
[info]                  p0.00:              0,044 s/op
[info]                  p0.50:              0,048 s/op
[info]                  p0.90:              0,067 s/op
[info]                  p0.95:              0,070 s/op
[info]                  p0.99:              0,070 s/op
[info]                  p0.999:             0,070 s/op
[info]                  p0.9999:            0,070 s/op
[info]                  p1.00:              0,070 s/op
[info] Iteration   5: 0,054 ±(99.9%) 0,008 s/op
[info]                  gc.alloc.rate:      4,992 MB/sec
[info]                  gc.alloc.rate.norm: 372798,737 B/op
[info]                  gc.count:           ≈ 0 counts
[info]                  p0.00:              0,045 s/op
[info]                  p0.50:              0,052 s/op
[info]                  p0.90:              0,070 s/op
[info]                  p0.95:              0,070 s/op
[info]                  p0.99:              0,070 s/op
[info]                  p0.999:             0,070 s/op
[info]                  p0.9999:            0,070 s/op
[info]                  p1.00:              0,070 s/op
[info] # Run progress: 81,94% complete, ETA 00:03:26
[info] # Fork: 3 of 3
[info] WARNING: A terminally deprecated method in sun.misc.Unsafe has been called
[info] WARNING: sun.misc.Unsafe::objectFieldOffset has been called by org.openjdk.jmh.util.Utils (file:/Users/stas/projects/scala-effect-bench/target/bg-jobs/sbt_abaae1e6/target/ec0caa91/1296d6b9/jmh-core-1.37.jar)
[info] WARNING: Please consider reporting this to the maintainers of class org.openjdk.jmh.util.Utils
[info] WARNING: sun.misc.Unsafe::objectFieldOffset will be removed in a future release
[info] # Warmup Iteration   1: 0,057 ±(99.9%) 0,035 s/op
[info] # Warmup Iteration   2: 0,049 ±(99.9%) 0,005 s/op
[info] # Warmup Iteration   3: 0,050 ±(99.9%) 0,004 s/op
[info] # Warmup Iteration   4: 0,054 ±(99.9%) 0,008 s/op
[info] # Warmup Iteration   5: 0,052 ±(99.9%) 0,005 s/op
[info] Iteration   1: 0,049 ±(99.9%) 0,004 s/op
[info]                  gc.alloc.rate:      7,222 MB/sec
[info]                  gc.alloc.rate.norm: 368731,048 B/op
[info]                  gc.count:           ≈ 0 counts
[info]                  p0.00:              0,045 s/op
[info]                  p0.50:              0,046 s/op
[info]                  p0.90:              0,057 s/op
[info]                  p0.95:              0,063 s/op
[info]                  p0.99:              0,063 s/op
[info]                  p0.999:             0,063 s/op
[info]                  p0.9999:            0,063 s/op
[info]                  p1.00:              0,063 s/op
[info] Iteration   2: 0,053 ±(99.9%) 0,007 s/op
[info]                  gc.alloc.rate:      6,673 MB/sec
[info]                  gc.alloc.rate.norm: 370258,400 B/op
[info]                  gc.count:           ≈ 0 counts
[info]                  p0.00:              0,045 s/op
[info]                  p0.50:              0,050 s/op
[info]                  p0.90:              0,067 s/op
[info]                  p0.95:              0,070 s/op
[info]                  p0.99:              0,070 s/op
[info]                  p0.999:             0,070 s/op
[info]                  p0.9999:            0,070 s/op
[info]                  p1.00:              0,070 s/op
[info] Iteration   3: 0,054 ±(99.9%) 0,009 s/op
[info]                  gc.alloc.rate:      6,524 MB/sec
[info]                  gc.alloc.rate.norm: 370432,000 B/op
[info]                  gc.count:           ≈ 0 counts
[info]                  p0.00:              0,045 s/op
[info]                  p0.50:              0,053 s/op
[info]                  p0.90:              0,070 s/op
[info]                  p0.95:              0,079 s/op
[info]                  p0.99:              0,079 s/op
[info]                  p0.999:             0,079 s/op
[info]                  p0.9999:            0,079 s/op
[info]                  p1.00:              0,079 s/op
[info] Iteration   4: 0,054 ±(99.9%) 0,009 s/op
[info]                  gc.alloc.rate:      6,483 MB/sec
[info]                  gc.alloc.rate.norm: 370413,895 B/op
[info]                  gc.count:           ≈ 0 counts
[info]                  p0.00:              0,045 s/op
[info]                  p0.50:              0,049 s/op
[info]                  p0.90:              0,069 s/op
[info]                  p0.95:              0,074 s/op
[info]                  p0.99:              0,074 s/op
[info]                  p0.999:             0,074 s/op
[info]                  p0.9999:            0,074 s/op
[info]                  p1.00:              0,074 s/op
[info] Iteration   5: 0,052 ±(99.9%) 0,007 s/op
[info]                  gc.alloc.rate:      5,166 MB/sec
[info]                  gc.alloc.rate.norm: 372446,400 B/op
[info]                  gc.count:           ≈ 0 counts
[info]                  p0.00:              0,045 s/op
[info]                  p0.50:              0,049 s/op
[info]                  p0.90:              0,068 s/op
[info]                  p0.95:              0,070 s/op
[info]                  p0.99:              0,070 s/op
[info]                  p0.999:             0,070 s/op
[info]                  p0.9999:            0,070 s/op
[info]                  p1.00:              0,070 s/op
[info] Result "bench.blocking.BlockingBench.requests":
[info]   N = 298
[info]   mean =      0,052 ±(99.9%) 0,002 s/op
[info]   Histogram, s/op:
[info]     [0,040, 0,043) = 0 
[info]     [0,043, 0,045) = 48 
[info]     [0,045, 0,048) = 61 
[info]     [0,048, 0,050) = 60 
[info]     [0,050, 0,053) = 26 
[info]     [0,053, 0,055) = 24 
[info]     [0,055, 0,058) = 15 
[info]     [0,058, 0,060) = 10 
[info]     [0,060, 0,063) = 12 
[info]     [0,063, 0,065) = 7 
[info]     [0,065, 0,068) = 13 
[info]     [0,068, 0,070) = 17 
[info]     [0,070, 0,073) = 3 
[info]     [0,073, 0,075) = 1 
[info]     [0,075, 0,078) = 0 
[info]   Percentiles, s/op:
[info]       p(0,0000) =      0,044 s/op
[info]      p(50,0000) =      0,049 s/op
[info]      p(90,0000) =      0,066 s/op
[info]      p(95,0000) =      0,069 s/op
[info]      p(99,0000) =      0,072 s/op
[info]      p(99,9000) =      0,079 s/op
[info]      p(99,9900) =      0,079 s/op
[info]      p(99,9990) =      0,079 s/op
[info]      p(99,9999) =      0,079 s/op
[info]     p(100,0000) =      0,079 s/op
[info] Secondary result "bench.blocking.BlockingBench.requests:gc.alloc.rate":
[info]   6,456 ±(99.9%) 0,734 MB/sec [Average]
[info]   (min, avg, max) = (4,992, 6,456, 7,222), stdev = 0,687
[info]   CI (99.9%): [5,721, 7,190] (assumes normal distribution)
[info] Secondary result "bench.blocking.BlockingBench.requests:gc.alloc.rate.norm":
[info]   370428,062 ±(99.9%) 1129,332 B/op [Average]
[info]   (min, avg, max) = (368731,048, 370428,062, 372798,737), stdev = 1056,378
[info]   CI (99.9%): [369298,730, 371557,393] (assumes normal distribution)
[info] Secondary result "bench.blocking.BlockingBench.requests:gc.count":
[info]   ≈ 0 counts
[info] # JMH version: 1.37
[info] # VM version: JDK 25.0.3, Java HotSpot(TM) 64-Bit Server VM, 25.0.3+9-LTS-195
[info] # VM invoker: /Users/stas/.sdkman/candidates/java/25.0.3-oracle/bin/java
[info] # VM options: --add-opens=java.base/java.lang=ALL-UNNAMED -Xms2g -Xmx2g -XX:+UseG1GC
[info] # Blackhole mode: compiler (auto-detected, use -Djmh.blackhole.autoDetect=false to disable)
[info] # Warmup: 5 iterations, 1 s each
[info] # Measurement: 5 iterations, 1 s each
[info] # Timeout: 10 min per iteration
[info] # Threads: 1 thread, will synchronize iterations
[info] # Benchmark mode: Sampling time
[info] # Benchmark: bench.blocking.BlockingBench.requests
[info] # Parameters: (delayMicros = 1000, parallelism = 8, runtime = kyo, size = 256)
[info] # Run progress: 83,33% complete, ETA 00:03:10
[info] # Fork: 1 of 3
[info] WARNING: A terminally deprecated method in sun.misc.Unsafe has been called
[info] WARNING: sun.misc.Unsafe::objectFieldOffset has been called by org.openjdk.jmh.util.Utils (file:/Users/stas/projects/scala-effect-bench/target/bg-jobs/sbt_abaae1e6/target/ec0caa91/1296d6b9/jmh-core-1.37.jar)
[info] WARNING: Please consider reporting this to the maintainers of class org.openjdk.jmh.util.Utils
[info] WARNING: sun.misc.Unsafe::objectFieldOffset will be removed in a future release
[info] # Warmup Iteration   1: 0,064 ±(99.9%) 0,037 s/op
[info] # Warmup Iteration   2: 0,055 ±(99.9%) 0,003 s/op
[info] # Warmup Iteration   3: 0,054 ±(99.9%) 0,002 s/op
[info] # Warmup Iteration   4: 0,056 ±(99.9%) 0,004 s/op
[info] # Warmup Iteration   5: 0,055 ±(99.9%) 0,004 s/op
[info] Iteration   1: 0,055 ±(99.9%) 0,003 s/op
[info]                  gc.alloc.rate:      1,967 MB/sec
[info]                  gc.alloc.rate.norm: 114439,158 B/op
[info]                  gc.count:           ≈ 0 counts
[info]                  p0.00:              0,052 s/op
[info]                  p0.50:              0,054 s/op
[info]                  p0.90:              0,064 s/op
[info]                  p0.95:              0,067 s/op
[info]                  p0.99:              0,067 s/op
[info]                  p0.999:             0,067 s/op
[info]                  p0.9999:            0,067 s/op
[info]                  p1.00:              0,067 s/op
[info] Iteration   2: 0,055 ±(99.9%) 0,003 s/op
[info]                  gc.alloc.rate:      1,973 MB/sec
[info]                  gc.alloc.rate.norm: 114418,947 B/op
[info]                  gc.count:           ≈ 0 counts
[info]                  p0.00:              0,053 s/op
[info]                  p0.50:              0,054 s/op
[info]                  p0.90:              0,063 s/op
[info]                  p0.95:              0,064 s/op
[info]                  p0.99:              0,064 s/op
[info]                  p0.999:             0,064 s/op
[info]                  p0.9999:            0,064 s/op
[info]                  p1.00:              0,064 s/op
[info] Iteration   3: 0,055 ±(99.9%) 0,003 s/op
[info]                  gc.alloc.rate:      1,965 MB/sec
[info]                  gc.alloc.rate.norm: 114077,895 B/op
[info]                  gc.count:           ≈ 0 counts
[info]                  p0.00:              0,053 s/op
[info]                  p0.50:              0,054 s/op
[info]                  p0.90:              0,064 s/op
[info]                  p0.95:              0,065 s/op
[info]                  p0.99:              0,065 s/op
[info]                  p0.999:             0,065 s/op
[info]                  p0.9999:            0,065 s/op
[info]                  p1.00:              0,065 s/op
[info] Iteration   4: 0,055 ±(99.9%) 0,002 s/op
[info]                  gc.alloc.rate:      1,991 MB/sec
[info]                  gc.alloc.rate.norm: 114111,158 B/op
[info]                  gc.count:           ≈ 0 counts
[info]                  p0.00:              0,052 s/op
[info]                  p0.50:              0,054 s/op
[info]                  p0.90:              0,057 s/op
[info]                  p0.95:              0,065 s/op
[info]                  p0.99:              0,065 s/op
[info]                  p0.999:             0,065 s/op
[info]                  p0.9999:            0,065 s/op
[info]                  p1.00:              0,065 s/op
[info] Iteration   5: 0,056 ±(99.9%) 0,004 s/op
[info]                  gc.alloc.rate:      1,551 MB/sec
[info]                  gc.alloc.rate.norm: 117946,105 B/op
[info]                  gc.count:           ≈ 0 counts
[info]                  p0.00:              0,052 s/op
[info]                  p0.50:              0,054 s/op
[info]                  p0.90:              0,066 s/op
[info]                  p0.95:              0,068 s/op
[info]                  p0.99:              0,068 s/op
[info]                  p0.999:             0,068 s/op
[info]                  p0.9999:            0,068 s/op
[info]                  p1.00:              0,068 s/op
[info] # Run progress: 84,72% complete, ETA 00:02:54
[info] # Fork: 2 of 3
[info] WARNING: A terminally deprecated method in sun.misc.Unsafe has been called
[info] WARNING: sun.misc.Unsafe::objectFieldOffset has been called by org.openjdk.jmh.util.Utils (file:/Users/stas/projects/scala-effect-bench/target/bg-jobs/sbt_abaae1e6/target/ec0caa91/1296d6b9/jmh-core-1.37.jar)
[info] WARNING: Please consider reporting this to the maintainers of class org.openjdk.jmh.util.Utils
[info] WARNING: sun.misc.Unsafe::objectFieldOffset will be removed in a future release
[info] # Warmup Iteration   1: 0,066 ±(99.9%) 0,041 s/op
[info] # Warmup Iteration   2: 0,056 ±(99.9%) 0,004 s/op
[info] # Warmup Iteration   3: 0,055 ±(99.9%) 0,003 s/op
[info] # Warmup Iteration   4: 0,055 ±(99.9%) 0,003 s/op
[info] # Warmup Iteration   5: 0,055 ±(99.9%) 0,003 s/op
[info] Iteration   1: 0,055 ±(99.9%) 0,003 s/op
[info]                  gc.alloc.rate:      1,990 MB/sec
[info]                  gc.alloc.rate.norm: 114083,368 B/op
[info]                  gc.count:           ≈ 0 counts
[info]                  p0.00:              0,052 s/op
[info]                  p0.50:              0,054 s/op
[info]                  p0.90:              0,064 s/op
[info]                  p0.95:              0,064 s/op
[info]                  p0.99:              0,064 s/op
[info]                  p0.999:             0,064 s/op
[info]                  p0.9999:            0,064 s/op
[info]                  p1.00:              0,064 s/op
[info] Iteration   2: 0,055 ±(99.9%) 0,003 s/op
[info]                  gc.alloc.rate:      1,988 MB/sec
[info]                  gc.alloc.rate.norm: 114128,842 B/op
[info]                  gc.count:           ≈ 0 counts
[info]                  p0.00:              0,052 s/op
[info]                  p0.50:              0,054 s/op
[info]                  p0.90:              0,057 s/op
[info]                  p0.95:              0,066 s/op
[info]                  p0.99:              0,066 s/op
[info]                  p0.999:             0,066 s/op
[info]                  p0.9999:            0,066 s/op
[info]                  p1.00:              0,066 s/op
[info] Iteration   3: 0,056 ±(99.9%) 0,005 s/op
[info]                  gc.alloc.rate:      1,986 MB/sec
[info]                  gc.alloc.rate.norm: 115812,000 B/op
[info]                  gc.count:           ≈ 0 counts
[info]                  p0.00:              0,052 s/op
[info]                  p0.50:              0,054 s/op
[info]                  p0.90:              0,065 s/op
[info]                  p0.95:              0,073 s/op
[info]                  p0.99:              0,073 s/op
[info]                  p0.999:             0,073 s/op
[info]                  p0.9999:            0,073 s/op
[info]                  p1.00:              0,073 s/op
[info] Iteration   4: 0,055 ±(99.9%) 0,004 s/op
[info]                  gc.alloc.rate:      1,990 MB/sec
[info]                  gc.alloc.rate.norm: 115781,474 B/op
[info]                  gc.count:           ≈ 0 counts
[info]                  p0.00:              0,052 s/op
[info]                  p0.50:              0,054 s/op
[info]                  p0.90:              0,066 s/op
[info]                  p0.95:              0,068 s/op
[info]                  p0.99:              0,068 s/op
[info]                  p0.999:             0,068 s/op
[info]                  p0.9999:            0,068 s/op
[info]                  p1.00:              0,068 s/op
[info] Iteration   5: 0,056 ±(99.9%) 0,004 s/op
[info]                  gc.alloc.rate:      1,535 MB/sec
[info]                  gc.alloc.rate.norm: 118182,667 B/op
[info]                  gc.count:           ≈ 0 counts
[info]                  p0.00:              0,052 s/op
[info]                  p0.50:              0,055 s/op
[info]                  p0.90:              0,065 s/op
[info]                  p0.95:              0,069 s/op
[info]                  p0.99:              0,069 s/op
[info]                  p0.999:             0,069 s/op
[info]                  p0.9999:            0,069 s/op
[info]                  p1.00:              0,069 s/op
[info] # Run progress: 86,11% complete, ETA 00:02:39
[info] # Fork: 3 of 3
[info] WARNING: A terminally deprecated method in sun.misc.Unsafe has been called
[info] WARNING: sun.misc.Unsafe::objectFieldOffset has been called by org.openjdk.jmh.util.Utils (file:/Users/stas/projects/scala-effect-bench/target/bg-jobs/sbt_abaae1e6/target/ec0caa91/1296d6b9/jmh-core-1.37.jar)
[info] WARNING: Please consider reporting this to the maintainers of class org.openjdk.jmh.util.Utils
[info] WARNING: sun.misc.Unsafe::objectFieldOffset will be removed in a future release
[info] # Warmup Iteration   1: 0,065 ±(99.9%) 0,038 s/op
[info] # Warmup Iteration   2: 0,055 ±(99.9%) 0,003 s/op
[info] # Warmup Iteration   3: 0,055 ±(99.9%) 0,002 s/op
[info] # Warmup Iteration   4: 0,055 ±(99.9%) 0,003 s/op
[info] # Warmup Iteration   5: 0,054 ±(99.9%) 0,002 s/op
[info] Iteration   1: 0,055 ±(99.9%) 0,004 s/op
[info]                  gc.alloc.rate:      1,995 MB/sec
[info]                  gc.alloc.rate.norm: 115677,895 B/op
[info]                  gc.count:           ≈ 0 counts
[info]                  p0.00:              0,052 s/op
[info]                  p0.50:              0,054 s/op
[info]                  p0.90:              0,064 s/op
[info]                  p0.95:              0,068 s/op
[info]                  p0.99:              0,068 s/op
[info]                  p0.999:             0,068 s/op
[info]                  p0.9999:            0,068 s/op
[info]                  p1.00:              0,068 s/op
[info] Iteration   2: 0,055 ±(99.9%) 0,003 s/op
[info]                  gc.alloc.rate:      1,987 MB/sec
[info]                  gc.alloc.rate.norm: 114045,895 B/op
[info]                  gc.count:           ≈ 0 counts
[info]                  p0.00:              0,052 s/op
[info]                  p0.50:              0,054 s/op
[info]                  p0.90:              0,064 s/op
[info]                  p0.95:              0,065 s/op
[info]                  p0.99:              0,065 s/op
[info]                  p0.999:             0,065 s/op
[info]                  p0.9999:            0,065 s/op
[info]                  p1.00:              0,065 s/op
[info] Iteration   3: 0,054 ±(99.9%) 0,003 s/op
[info]                  gc.alloc.rate:      2,006 MB/sec
[info]                  gc.alloc.rate.norm: 114095,158 B/op
[info]                  gc.count:           ≈ 0 counts
[info]                  p0.00:              0,052 s/op
[info]                  p0.50:              0,054 s/op
[info]                  p0.90:              0,056 s/op
[info]                  p0.95:              0,065 s/op
[info]                  p0.99:              0,065 s/op
[info]                  p0.999:             0,065 s/op
[info]                  p0.9999:            0,065 s/op
[info]                  p1.00:              0,065 s/op
[info] Iteration   4: 0,055 ±(99.9%) 0,003 s/op
[info]                  gc.alloc.rate:      1,964 MB/sec
[info]                  gc.alloc.rate.norm: 114344,421 B/op
[info]                  gc.count:           ≈ 0 counts
[info]                  p0.00:              0,052 s/op
[info]                  p0.50:              0,055 s/op
[info]                  p0.90:              0,065 s/op
[info]                  p0.95:              0,066 s/op
[info]                  p0.99:              0,066 s/op
[info]                  p0.999:             0,066 s/op
[info]                  p0.9999:            0,066 s/op
[info]                  p1.00:              0,066 s/op
[info] Iteration   5: 0,055 ±(99.9%) 0,003 s/op
[info]                  gc.alloc.rate:      1,551 MB/sec
[info]                  gc.alloc.rate.norm: 116242,105 B/op
[info]                  gc.count:           ≈ 0 counts
[info]                  p0.00:              0,052 s/op
[info]                  p0.50:              0,054 s/op
[info]                  p0.90:              0,064 s/op
[info]                  p0.95:              0,066 s/op
[info]                  p0.99:              0,066 s/op
[info]                  p0.999:             0,066 s/op
[info]                  p0.9999:            0,066 s/op
[info]                  p1.00:              0,066 s/op
[info] Result "bench.blocking.BlockingBench.requests":
[info]   N = 283
[info]   mean =      0,055 ±(99.9%) 0,001 s/op
[info]   Histogram, s/op:
[info]     [0,050, 0,053) = 23 
[info]     [0,053, 0,055) = 183 
[info]     [0,055, 0,058) = 49 
[info]     [0,058, 0,060) = 1 
[info]     [0,060, 0,063) = 0 
[info]     [0,063, 0,065) = 15 
[info]     [0,065, 0,068) = 7 
[info]     [0,068, 0,070) = 4 
[info]     [0,070, 0,073) = 0 
[info]     [0,073, 0,075) = 1 
[info]     [0,075, 0,078) = 0 
[info]   Percentiles, s/op:
[info]       p(0,0000) =      0,052 s/op
[info]      p(50,0000) =      0,054 s/op
[info]      p(90,0000) =      0,058 s/op
[info]      p(95,0000) =      0,065 s/op
[info]      p(99,0000) =      0,068 s/op
[info]      p(99,9000) =      0,073 s/op
[info]      p(99,9900) =      0,073 s/op
[info]      p(99,9990) =      0,073 s/op
[info]      p(99,9999) =      0,073 s/op
[info]     p(100,0000) =      0,073 s/op
[info] Secondary result "bench.blocking.BlockingBench.requests:gc.alloc.rate":
[info]   1,896 ±(99.9%) 0,194 MB/sec [Average]
[info]   (min, avg, max) = (1,535, 1,896, 2,006), stdev = 0,182
[info]   CI (99.9%): [1,701, 2,090] (assumes normal distribution)
[info] Secondary result "bench.blocking.BlockingBench.requests:gc.alloc.rate.norm":
[info]   115159,139 ±(99.9%) 1505,167 B/op [Average]
[info]   (min, avg, max) = (114045,895, 115159,139, 118182,667), stdev = 1407,934
[info]   CI (99.9%): [113653,972, 116664,306] (assumes normal distribution)
[info] Secondary result "bench.blocking.BlockingBench.requests:gc.count":
[info]   ≈ 0 counts
[info] # JMH version: 1.37
[info] # VM version: JDK 25.0.3, Java HotSpot(TM) 64-Bit Server VM, 25.0.3+9-LTS-195
[info] # VM invoker: /Users/stas/.sdkman/candidates/java/25.0.3-oracle/bin/java
[info] # VM options: --add-opens=java.base/java.lang=ALL-UNNAMED -Xms2g -Xmx2g -XX:+UseG1GC
[info] # Blackhole mode: compiler (auto-detected, use -Djmh.blackhole.autoDetect=false to disable)
[info] # Warmup: 5 iterations, 1 s each
[info] # Measurement: 5 iterations, 1 s each
[info] # Timeout: 10 min per iteration
[info] # Threads: 1 thread, will synchronize iterations
[info] # Benchmark mode: Sampling time
[info] # Benchmark: bench.blocking.BlockingBench.requests
[info] # Parameters: (delayMicros = 1000, parallelism = 64, runtime = ce, size = 256)
[info] # Run progress: 87,50% complete, ETA 00:02:23
[info] # Fork: 1 of 3
[info] WARNING: A terminally deprecated method in sun.misc.Unsafe has been called
[info] WARNING: sun.misc.Unsafe::objectFieldOffset has been called by org.openjdk.jmh.util.Utils (file:/Users/stas/projects/scala-effect-bench/target/bg-jobs/sbt_abaae1e6/target/ec0caa91/1296d6b9/jmh-core-1.37.jar)
[info] WARNING: Please consider reporting this to the maintainers of class org.openjdk.jmh.util.Utils
[info] WARNING: sun.misc.Unsafe::objectFieldOffset will be removed in a future release
[info] # Warmup Iteration   1: 0,009 ±(99.9%) 0,005 s/op
[info] # Warmup Iteration   2: 0,007 ±(99.9%) 0,001 s/op
[info] # Warmup Iteration   3: 0,007 ±(99.9%) 0,001 s/op
[info] # Warmup Iteration   4: 0,007 ±(99.9%) 0,001 s/op
[info] # Warmup Iteration   5: 0,007 ±(99.9%) 0,001 s/op
[info] Iteration   1: 0,007 ±(99.9%) 0,001 s/op
[info]                  gc.alloc.rate:      23,459 MB/sec
[info]                  gc.alloc.rate.norm: 164782,187 B/op
[info]                  gc.count:           ≈ 0 counts
[info]                  p0.00:              0,006 s/op
[info]                  p0.50:              0,007 s/op
[info]                  p0.90:              0,007 s/op
[info]                  p0.95:              0,008 s/op
[info]                  p0.99:              0,008 s/op
[info]                  p0.999:             0,008 s/op
[info]                  p0.9999:            0,008 s/op
[info]                  p1.00:              0,008 s/op
[info] Iteration   2: 0,007 ±(99.9%) 0,001 s/op
[info]                  gc.alloc.rate:      22,820 MB/sec
[info]                  gc.alloc.rate.norm: 164929,918 B/op
[info]                  gc.count:           ≈ 0 counts
[info]                  p0.00:              0,006 s/op
[info]                  p0.50:              0,007 s/op
[info]                  p0.90:              0,008 s/op
[info]                  p0.95:              0,008 s/op
[info]                  p0.99:              0,008 s/op
[info]                  p0.999:             0,009 s/op
[info]                  p0.9999:            0,009 s/op
[info]                  p1.00:              0,009 s/op
[info] Iteration   3: 0,007 ±(99.9%) 0,001 s/op
[info]                  gc.alloc.rate:      23,316 MB/sec
[info]                  gc.alloc.rate.norm: 164907,007 B/op
[info]                  gc.count:           ≈ 0 counts
[info]                  p0.00:              0,006 s/op
[info]                  p0.50:              0,007 s/op
[info]                  p0.90:              0,007 s/op
[info]                  p0.95:              0,008 s/op
[info]                  p0.99:              0,008 s/op
[info]                  p0.999:             0,008 s/op
[info]                  p0.9999:            0,008 s/op
[info]                  p1.00:              0,008 s/op
[info] Iteration   4: 0,007 ±(99.9%) 0,001 s/op
[info]                  gc.alloc.rate:      22,257 MB/sec
[info]                  gc.alloc.rate.norm: 164691,469 B/op
[info]                  gc.count:           ≈ 0 counts
[info]                  p0.00:              0,006 s/op
[info]                  p0.50:              0,007 s/op
[info]                  p0.90:              0,008 s/op
[info]                  p0.95:              0,008 s/op
[info]                  p0.99:              0,009 s/op
[info]                  p0.999:             0,009 s/op
[info]                  p0.9999:            0,009 s/op
[info]                  p1.00:              0,009 s/op
[info] Iteration   5: 0,007 ±(99.9%) 0,001 s/op
[info]                  gc.alloc.rate:      16,649 MB/sec
[info]                  gc.alloc.rate.norm: 164605,220 B/op
[info]                  gc.count:           ≈ 0 counts
[info]                  p0.00:              0,006 s/op
[info]                  p0.50:              0,007 s/op
[info]                  p0.90:              0,008 s/op
[info]                  p0.95:              0,008 s/op
[info]                  p0.99:              0,008 s/op
[info]                  p0.999:             0,008 s/op
[info]                  p0.9999:            0,008 s/op
[info]                  p1.00:              0,008 s/op
[info] # Run progress: 88,89% complete, ETA 00:02:07
[info] # Fork: 2 of 3
[info] WARNING: A terminally deprecated method in sun.misc.Unsafe has been called
[info] WARNING: sun.misc.Unsafe::objectFieldOffset has been called by org.openjdk.jmh.util.Utils (file:/Users/stas/projects/scala-effect-bench/target/bg-jobs/sbt_abaae1e6/target/ec0caa91/1296d6b9/jmh-core-1.37.jar)
[info] WARNING: Please consider reporting this to the maintainers of class org.openjdk.jmh.util.Utils
[info] WARNING: sun.misc.Unsafe::objectFieldOffset will be removed in a future release
[info] # Warmup Iteration   1: 0,008 ±(99.9%) 0,005 s/op
[info] # Warmup Iteration   2: 0,007 ±(99.9%) 0,001 s/op
[info] # Warmup Iteration   3: 0,007 ±(99.9%) 0,001 s/op
[info] # Warmup Iteration   4: 0,007 ±(99.9%) 0,001 s/op
[info] # Warmup Iteration   5: 0,007 ±(99.9%) 0,001 s/op
[info] Iteration   1: 0,007 ±(99.9%) 0,001 s/op
[info]                  gc.alloc.rate:      23,156 MB/sec
[info]                  gc.alloc.rate.norm: 166463,836 B/op
[info]                  gc.count:           ≈ 0 counts
[info]                  p0.00:              0,006 s/op
[info]                  p0.50:              0,007 s/op
[info]                  p0.90:              0,008 s/op
[info]                  p0.95:              0,008 s/op
[info]                  p0.99:              0,008 s/op
[info]                  p0.999:             0,008 s/op
[info]                  p0.9999:            0,008 s/op
[info]                  p1.00:              0,008 s/op
[info] Iteration   2: 0,007 ±(99.9%) 0,001 s/op
[info]                  gc.alloc.rate:      22,918 MB/sec
[info]                  gc.alloc.rate.norm: 166473,048 B/op
[info]                  gc.count:           ≈ 0 counts
[info]                  p0.00:              0,006 s/op
[info]                  p0.50:              0,007 s/op
[info]                  p0.90:              0,008 s/op
[info]                  p0.95:              0,008 s/op
[info]                  p0.99:              0,008 s/op
[info]                  p0.999:             0,008 s/op
[info]                  p0.9999:            0,008 s/op
[info]                  p1.00:              0,008 s/op
[info] Iteration   3: 0,007 ±(99.9%) 0,001 s/op
[info]                  gc.alloc.rate:      22,792 MB/sec
[info]                  gc.alloc.rate.norm: 165922,041 B/op
[info]                  gc.count:           ≈ 0 counts
[info]                  p0.00:              0,006 s/op
[info]                  p0.50:              0,007 s/op
[info]                  p0.90:              0,008 s/op
[info]                  p0.95:              0,008 s/op
[info]                  p0.99:              0,008 s/op
[info]                  p0.999:             0,008 s/op
[info]                  p0.9999:            0,008 s/op
[info]                  p1.00:              0,008 s/op
[info] Iteration   4: 0,007 ±(99.9%) 0,001 s/op
[info]                  gc.alloc.rate:      22,397 MB/sec
[info]                  gc.alloc.rate.norm: 165936,676 B/op
[info]                  gc.count:           ≈ 0 counts
[info]                  p0.00:              0,006 s/op
[info]                  p0.50:              0,007 s/op
[info]                  p0.90:              0,008 s/op
[info]                  p0.95:              0,008 s/op
[info]                  p0.99:              0,008 s/op
[info]                  p0.999:             0,008 s/op
[info]                  p0.9999:            0,008 s/op
[info]                  p1.00:              0,008 s/op
[info] Iteration   5: 0,007 ±(99.9%) 0,001 s/op
[info]                  gc.alloc.rate:      17,997 MB/sec
[info]                  gc.alloc.rate.norm: 166856,160 B/op
[info]                  gc.count:           ≈ 0 counts
[info]                  p0.00:              0,006 s/op
[info]                  p0.50:              0,007 s/op
[info]                  p0.90:              0,007 s/op
[info]                  p0.95:              0,008 s/op
[info]                  p0.99:              0,008 s/op
[info]                  p0.999:             0,008 s/op
[info]                  p0.9999:            0,008 s/op
[info]                  p1.00:              0,008 s/op
[info] # Run progress: 90,28% complete, ETA 00:01:51
[info] # Fork: 3 of 3
[info] WARNING: A terminally deprecated method in sun.misc.Unsafe has been called
[info] WARNING: sun.misc.Unsafe::objectFieldOffset has been called by org.openjdk.jmh.util.Utils (file:/Users/stas/projects/scala-effect-bench/target/bg-jobs/sbt_abaae1e6/target/ec0caa91/1296d6b9/jmh-core-1.37.jar)
[info] WARNING: Please consider reporting this to the maintainers of class org.openjdk.jmh.util.Utils
[info] WARNING: sun.misc.Unsafe::objectFieldOffset will be removed in a future release
[info] # Warmup Iteration   1: 0,009 ±(99.9%) 0,005 s/op
[info] # Warmup Iteration   2: 0,007 ±(99.9%) 0,001 s/op
[info] # Warmup Iteration   3: 0,007 ±(99.9%) 0,001 s/op
[info] # Warmup Iteration   4: 0,007 ±(99.9%) 0,001 s/op
[info] # Warmup Iteration   5: 0,007 ±(99.9%) 0,001 s/op
[info] Iteration   1: 0,007 ±(99.9%) 0,001 s/op
[info]                  gc.alloc.rate:      23,575 MB/sec
[info]                  gc.alloc.rate.norm: 164603,232 B/op
[info]                  gc.count:           ≈ 0 counts
[info]                  p0.00:              0,006 s/op
[info]                  p0.50:              0,007 s/op
[info]                  p0.90:              0,007 s/op
[info]                  p0.95:              0,007 s/op
[info]                  p0.99:              0,008 s/op
[info]                  p0.999:             0,008 s/op
[info]                  p0.9999:            0,008 s/op
[info]                  p1.00:              0,008 s/op
[info] Iteration   2: 0,007 ±(99.9%) 0,001 s/op
[info]                  gc.alloc.rate:      22,755 MB/sec
[info]                  gc.alloc.rate.norm: 164553,096 B/op
[info]                  gc.count:           ≈ 0 counts
[info]                  p0.00:              0,006 s/op
[info]                  p0.50:              0,007 s/op
[info]                  p0.90:              0,008 s/op
[info]                  p0.95:              0,008 s/op
[info]                  p0.99:              0,008 s/op
[info]                  p0.999:             0,008 s/op
[info]                  p0.9999:            0,008 s/op
[info]                  p1.00:              0,008 s/op
[info] Iteration   3: 0,007 ±(99.9%) 0,001 s/op
[info]                  gc.alloc.rate:      22,011 MB/sec
[info]                  gc.alloc.rate.norm: 164484,369 B/op
[info]                  gc.count:           ≈ 0 counts
[info]                  p0.00:              0,006 s/op
[info]                  p0.50:              0,007 s/op
[info]                  p0.90:              0,008 s/op
[info]                  p0.95:              0,008 s/op
[info]                  p0.99:              0,008 s/op
[info]                  p0.999:             0,008 s/op
[info]                  p0.9999:            0,008 s/op
[info]                  p1.00:              0,008 s/op
[info] Iteration   4: 0,007 ±(99.9%) 0,001 s/op
[info]                  gc.alloc.rate:      21,786 MB/sec
[info]                  gc.alloc.rate.norm: 164383,771 B/op
[info]                  gc.count:           ≈ 0 counts
[info]                  p0.00:              0,006 s/op
[info]                  p0.50:              0,007 s/op
[info]                  p0.90:              0,008 s/op
[info]                  p0.95:              0,008 s/op
[info]                  p0.99:              0,009 s/op
[info]                  p0.999:             0,009 s/op
[info]                  p0.9999:            0,009 s/op
[info]                  p1.00:              0,009 s/op
[info] Iteration   5: 0,007 ±(99.9%) 0,001 s/op
[info]                  gc.alloc.rate:      17,536 MB/sec
[info]                  gc.alloc.rate.norm: 165394,667 B/op
[info]                  gc.count:           ≈ 0 counts
[info]                  p0.00:              0,006 s/op
[info]                  p0.50:              0,007 s/op
[info]                  p0.90:              0,008 s/op
[info]                  p0.95:              0,008 s/op
[info]                  p0.99:              0,009 s/op
[info]                  p0.999:             0,009 s/op
[info]                  p0.9999:            0,009 s/op
[info]                  p1.00:              0,009 s/op
[info] Result "bench.blocking.BlockingBench.requests":
[info]   N = 2182
[info]   mean =      0,007 ±(99.9%) 0,001 s/op
[info]   Histogram, s/op:
[info]     [0,005, 0,006) = 0 
[info]     [0,006, 0,006) = 63 
[info]     [0,006, 0,007) = 522 
[info]     [0,007, 0,007) = 734 
[info]     [0,007, 0,008) = 486 
[info]     [0,008, 0,008) = 288 
[info]     [0,008, 0,009) = 83 
[info]     [0,009, 0,009) = 5 
[info]     [0,009, 0,010) = 1 
[info]   Percentiles, s/op:
[info]       p(0,0000) =      0,006 s/op
[info]      p(50,0000) =      0,007 s/op
[info]      p(90,0000) =      0,008 s/op
[info]      p(95,0000) =      0,008 s/op
[info]      p(99,0000) =      0,008 s/op
[info]      p(99,9000) =      0,009 s/op
[info]      p(99,9900) =      0,009 s/op
[info]      p(99,9990) =      0,009 s/op
[info]      p(99,9999) =      0,009 s/op
[info]     p(100,0000) =      0,009 s/op
[info] Secondary result "bench.blocking.BlockingBench.requests:gc.alloc.rate":
[info]   21,695 ±(99.9%) 2,455 MB/sec [Average]
[info]   (min, avg, max) = (16,649, 21,695, 23,575), stdev = 2,297
[info]   CI (99.9%): [19,240, 24,150] (assumes normal distribution)
[info] Secondary result "bench.blocking.BlockingBench.requests:gc.alloc.rate.norm":
[info]   165265,780 ±(99.9%) 898,834 B/op [Average]
[info]   (min, avg, max) = (164383,771, 165265,780, 166856,160), stdev = 840,770
[info]   CI (99.9%): [164366,945, 166164,614] (assumes normal distribution)
[info] Secondary result "bench.blocking.BlockingBench.requests:gc.count":
[info]   ≈ 0 counts
[info] # JMH version: 1.37
[info] # VM version: JDK 25.0.3, Java HotSpot(TM) 64-Bit Server VM, 25.0.3+9-LTS-195
[info] # VM invoker: /Users/stas/.sdkman/candidates/java/25.0.3-oracle/bin/java
[info] # VM options: --add-opens=java.base/java.lang=ALL-UNNAMED -Xms2g -Xmx2g -XX:+UseG1GC
[info] # Blackhole mode: compiler (auto-detected, use -Djmh.blackhole.autoDetect=false to disable)
[info] # Warmup: 5 iterations, 1 s each
[info] # Measurement: 5 iterations, 1 s each
[info] # Timeout: 10 min per iteration
[info] # Threads: 1 thread, will synchronize iterations
[info] # Benchmark mode: Sampling time
[info] # Benchmark: bench.blocking.BlockingBench.requests
[info] # Parameters: (delayMicros = 1000, parallelism = 64, runtime = ceVirtual, size = 256)
[info] # Run progress: 91,67% complete, ETA 00:01:35
[info] # Fork: 1 of 3
[info] WARNING: A terminally deprecated method in sun.misc.Unsafe has been called
[info] WARNING: sun.misc.Unsafe::objectFieldOffset has been called by org.openjdk.jmh.util.Utils (file:/Users/stas/projects/scala-effect-bench/target/bg-jobs/sbt_abaae1e6/target/ec0caa91/1296d6b9/jmh-core-1.37.jar)
[info] WARNING: Please consider reporting this to the maintainers of class org.openjdk.jmh.util.Utils
[info] WARNING: sun.misc.Unsafe::objectFieldOffset will be removed in a future release
[info] # Warmup Iteration   1: 0,010 ±(99.9%) 0,006 s/op
[info] # Warmup Iteration   2: 0,008 ±(99.9%) 0,001 s/op
[info] # Warmup Iteration   3: 0,008 ±(99.9%) 0,001 s/op
[info] # Warmup Iteration   4: 0,007 ±(99.9%) 0,001 s/op
[info] # Warmup Iteration   5: 0,008 ±(99.9%) 0,001 s/op
[info] Iteration   1: 0,007 ±(99.9%) 0,001 s/op
[info]                  gc.alloc.rate:      63,595 MB/sec
[info]                  gc.alloc.rate.norm: 484775,884 B/op
[info]                  gc.count:           ≈ 0 counts
[info]                  p0.00:              0,006 s/op
[info]                  p0.50:              0,007 s/op
[info]                  p0.90:              0,008 s/op
[info]                  p0.95:              0,008 s/op
[info]                  p0.99:              0,009 s/op
[info]                  p0.999:             0,009 s/op
[info]                  p0.9999:            0,009 s/op
[info]                  p1.00:              0,009 s/op
[info] Iteration   2: 0,008 ±(99.9%) 0,001 s/op
[info]                  gc.alloc.rate:      58,971 MB/sec
[info]                  gc.alloc.rate.norm: 484310,625 B/op
[info]                  gc.count:           ≈ 0 counts
[info]                  p0.00:              0,006 s/op
[info]                  p0.50:              0,008 s/op
[info]                  p0.90:              0,008 s/op
[info]                  p0.95:              0,009 s/op
[info]                  p0.99:              0,011 s/op
[info]                  p0.999:             0,011 s/op
[info]                  p0.9999:            0,011 s/op
[info]                  p1.00:              0,011 s/op
[info] Iteration   3: 0,008 ±(99.9%) 0,001 s/op
[info]                  gc.alloc.rate:      60,295 MB/sec
[info]                  gc.alloc.rate.norm: 484560,305 B/op
[info]                  gc.count:           ≈ 0 counts
[info]                  p0.00:              0,006 s/op
[info]                  p0.50:              0,008 s/op
[info]                  p0.90:              0,009 s/op
[info]                  p0.95:              0,010 s/op
[info]                  p0.99:              0,012 s/op
[info]                  p0.999:             0,012 s/op
[info]                  p0.9999:            0,012 s/op
[info]                  p1.00:              0,012 s/op
[info] Iteration   4: 0,008 ±(99.9%) 0,001 s/op
[info]                  gc.alloc.rate:      58,599 MB/sec
[info]                  gc.alloc.rate.norm: 484431,938 B/op
[info]                  gc.count:           ≈ 0 counts
[info]                  p0.00:              0,006 s/op
[info]                  p0.50:              0,008 s/op
[info]                  p0.90:              0,009 s/op
[info]                  p0.95:              0,010 s/op
[info]                  p0.99:              0,013 s/op
[info]                  p0.999:             0,014 s/op
[info]                  p0.9999:            0,014 s/op
[info]                  p1.00:              0,014 s/op
[info] Iteration   5: 0,007 ±(99.9%) 0,001 s/op
[info]                  gc.alloc.rate:      48,470 MB/sec
[info]                  gc.alloc.rate.norm: 485035,281 B/op
[info]                  gc.count:           ≈ 0 counts
[info]                  p0.00:              0,006 s/op
[info]                  p0.50:              0,007 s/op
[info]                  p0.90:              0,008 s/op
[info]                  p0.95:              0,008 s/op
[info]                  p0.99:              0,009 s/op
[info]                  p0.999:             0,009 s/op
[info]                  p0.9999:            0,009 s/op
[info]                  p1.00:              0,009 s/op
[info] # Run progress: 93,06% complete, ETA 00:01:19
[info] # Fork: 2 of 3
[info] WARNING: A terminally deprecated method in sun.misc.Unsafe has been called
[info] WARNING: sun.misc.Unsafe::objectFieldOffset has been called by org.openjdk.jmh.util.Utils (file:/Users/stas/projects/scala-effect-bench/target/bg-jobs/sbt_abaae1e6/target/ec0caa91/1296d6b9/jmh-core-1.37.jar)
[info] WARNING: Please consider reporting this to the maintainers of class org.openjdk.jmh.util.Utils
[info] WARNING: sun.misc.Unsafe::objectFieldOffset will be removed in a future release
[info] # Warmup Iteration   1: 0,010 ±(99.9%) 0,006 s/op
[info] # Warmup Iteration   2: 0,008 ±(99.9%) 0,001 s/op
[info] # Warmup Iteration   3: 0,008 ±(99.9%) 0,001 s/op
[info] # Warmup Iteration   4: 0,007 ±(99.9%) 0,001 s/op
[info] # Warmup Iteration   5: 0,008 ±(99.9%) 0,001 s/op
[info] Iteration   1: 0,007 ±(99.9%) 0,001 s/op
[info]                  gc.alloc.rate:      59,126 MB/sec
[info]                  gc.alloc.rate.norm: 459414,176 B/op
[info]                  gc.count:           ≈ 0 counts
[info]                  p0.00:              0,006 s/op
[info]                  p0.50:              0,007 s/op
[info]                  p0.90:              0,008 s/op
[info]                  p0.95:              0,008 s/op
[info]                  p0.99:              0,009 s/op
[info]                  p0.999:             0,009 s/op
[info]                  p0.9999:            0,009 s/op
[info]                  p1.00:              0,009 s/op
[info] Iteration   2: 0,008 ±(99.9%) 0,001 s/op
[info]                  gc.alloc.rate:      54,598 MB/sec
[info]                  gc.alloc.rate.norm: 459166,272 B/op
[info]                  gc.count:           ≈ 0 counts
[info]                  p0.00:              0,007 s/op
[info]                  p0.50:              0,008 s/op
[info]                  p0.90:              0,009 s/op
[info]                  p0.95:              0,010 s/op
[info]                  p0.99:              0,012 s/op
[info]                  p0.999:             0,012 s/op
[info]                  p0.9999:            0,012 s/op
[info]                  p1.00:              0,012 s/op
[info] Iteration   3: 0,007 ±(99.9%) 0,001 s/op
[info]                  gc.alloc.rate:      58,460 MB/sec
[info]                  gc.alloc.rate.norm: 459236,836 B/op
[info]                  gc.count:           ≈ 0 counts
[info]                  p0.00:              0,006 s/op
[info]                  p0.50:              0,008 s/op
[info]                  p0.90:              0,008 s/op
[info]                  p0.95:              0,008 s/op
[info]                  p0.99:              0,009 s/op
[info]                  p0.999:             0,009 s/op
[info]                  p0.9999:            0,009 s/op
[info]                  p1.00:              0,009 s/op
[info] Iteration   4: 0,008 ±(99.9%) 0,001 s/op
[info]                  gc.alloc.rate:      56,453 MB/sec
[info]                  gc.alloc.rate.norm: 459321,538 B/op
[info]                  gc.count:           ≈ 0 counts
[info]                  p0.00:              0,006 s/op
[info]                  p0.50:              0,008 s/op
[info]                  p0.90:              0,008 s/op
[info]                  p0.95:              0,009 s/op
[info]                  p0.99:              0,010 s/op
[info]                  p0.999:             0,010 s/op
[info]                  p0.9999:            0,010 s/op
[info]                  p1.00:              0,010 s/op
[info] Iteration   5: 0,008 ±(99.9%) 0,001 s/op
[info]                  gc.alloc.rate:      42,336 MB/sec
[info]                  gc.alloc.rate.norm: 459579,875 B/op
[info]                  gc.count:           ≈ 0 counts
[info]                  p0.00:              0,006 s/op
[info]                  p0.50:              0,008 s/op
[info]                  p0.90:              0,009 s/op
[info]                  p0.95:              0,009 s/op
[info]                  p0.99:              0,011 s/op
[info]                  p0.999:             0,011 s/op
[info]                  p0.9999:            0,011 s/op
[info]                  p1.00:              0,011 s/op
[info] # Run progress: 94,44% complete, ETA 00:01:03
[info] # Fork: 3 of 3
[info] WARNING: A terminally deprecated method in sun.misc.Unsafe has been called
[info] WARNING: sun.misc.Unsafe::objectFieldOffset has been called by org.openjdk.jmh.util.Utils (file:/Users/stas/projects/scala-effect-bench/target/bg-jobs/sbt_abaae1e6/target/ec0caa91/1296d6b9/jmh-core-1.37.jar)
[info] WARNING: Please consider reporting this to the maintainers of class org.openjdk.jmh.util.Utils
[info] WARNING: sun.misc.Unsafe::objectFieldOffset will be removed in a future release
[info] # Warmup Iteration   1: 0,009 ±(99.9%) 0,005 s/op
[info] # Warmup Iteration   2: 0,008 ±(99.9%) 0,001 s/op
[info] # Warmup Iteration   3: 0,008 ±(99.9%) 0,001 s/op
[info] # Warmup Iteration   4: 0,008 ±(99.9%) 0,001 s/op
[info] # Warmup Iteration   5: 0,007 ±(99.9%) 0,001 s/op
[info] Iteration   1: 0,008 ±(99.9%) 0,001 s/op
[info]                  gc.alloc.rate:      61,909 MB/sec
[info]                  gc.alloc.rate.norm: 527253,419 B/op
[info]                  gc.count:           ≈ 0 counts
[info]                  p0.00:              0,007 s/op
[info]                  p0.50:              0,008 s/op
[info]                  p0.90:              0,009 s/op
[info]                  p0.95:              0,011 s/op
[info]                  p0.99:              0,014 s/op
[info]                  p0.999:             0,014 s/op
[info]                  p0.9999:            0,014 s/op
[info]                  p1.00:              0,014 s/op
[info] Iteration   2: 0,008 ±(99.9%) 0,001 s/op
[info]                  gc.alloc.rate:      62,983 MB/sec
[info]                  gc.alloc.rate.norm: 527319,429 B/op
[info]                  gc.count:           ≈ 0 counts
[info]                  p0.00:              0,007 s/op
[info]                  p0.50:              0,008 s/op
[info]                  p0.90:              0,009 s/op
[info]                  p0.95:              0,010 s/op
[info]                  p0.99:              0,011 s/op
[info]                  p0.999:             0,011 s/op
[info]                  p0.9999:            0,011 s/op
[info]                  p1.00:              0,011 s/op
[info] Iteration   3: 0,007 ±(99.9%) 0,001 s/op
[info]                  gc.alloc.rate:      70,786 MB/sec
[info]                  gc.alloc.rate.norm: 527737,070 B/op
[info]                  gc.count:           ≈ 0 counts
[info]                  p0.00:              0,006 s/op
[info]                  p0.50:              0,007 s/op
[info]                  p0.90:              0,008 s/op
[info]                  p0.95:              0,008 s/op
[info]                  p0.99:              0,009 s/op
[info]                  p0.999:             0,009 s/op
[info]                  p0.9999:            0,009 s/op
[info]                  p1.00:              0,009 s/op
[info] Iteration   4: 0,007 ±(99.9%) 0,001 s/op
[info]                  gc.alloc.rate:      68,297 MB/sec
[info]                  gc.alloc.rate.norm: 527710,118 B/op
[info]                  gc.count:           ≈ 0 counts
[info]                  p0.00:              0,006 s/op
[info]                  p0.50:              0,007 s/op
[info]                  p0.90:              0,008 s/op
[info]                  p0.95:              0,009 s/op
[info]                  p0.99:              0,012 s/op
[info]                  p0.999:             0,013 s/op
[info]                  p0.9999:            0,013 s/op
[info]                  p1.00:              0,013 s/op
[info] Iteration   5: 0,008 ±(99.9%) 0,001 s/op
[info]                  gc.alloc.rate:      49,374 MB/sec
[info]                  gc.alloc.rate.norm: 527781,252 B/op
[info]                  gc.count:           ≈ 0 counts
[info]                  p0.00:              0,006 s/op
[info]                  p0.50:              0,007 s/op
[info]                  p0.90:              0,009 s/op
[info]                  p0.95:              0,010 s/op
[info]                  p0.99:              0,011 s/op
[info]                  p0.999:             0,011 s/op
[info]                  p0.9999:            0,011 s/op
[info]                  p1.00:              0,011 s/op
[info] Result "bench.blocking.BlockingBench.requests":
[info]   N = 1976
[info]   mean =      0,008 ±(99.9%) 0,001 s/op
[info]   Histogram, s/op:
[info]     [0,005, 0,006) = 0 
[info]     [0,006, 0,006) = 3 
[info]     [0,006, 0,007) = 121 
[info]     [0,007, 0,007) = 322 
[info]     [0,007, 0,008) = 422 
[info]     [0,008, 0,008) = 622 
[info]     [0,008, 0,009) = 330 
[info]     [0,009, 0,009) = 56 
[info]     [0,009, 0,010) = 27 
[info]     [0,010, 0,010) = 23 
[info]     [0,010, 0,010) = 16 
[info]     [0,010, 0,011) = 16 
[info]     [0,011, 0,012) = 8 
[info]     [0,012, 0,012) = 5 
[info]     [0,012, 0,013) = 0 
[info]     [0,013, 0,013) = 1 
[info]     [0,013, 0,014) = 1 
[info]     [0,014, 0,014) = 2 
[info]     [0,014, 0,014) = 1 
[info]   Percentiles, s/op:
[info]       p(0,0000) =      0,006 s/op
[info]      p(50,0000) =      0,008 s/op
[info]      p(90,0000) =      0,008 s/op
[info]      p(95,0000) =      0,009 s/op
[info]      p(99,0000) =      0,011 s/op
[info]      p(99,9000) =      0,014 s/op
[info]      p(99,9900) =      0,014 s/op
[info]      p(99,9990) =      0,014 s/op
[info]      p(99,9999) =      0,014 s/op
[info]     p(100,0000) =      0,014 s/op
[info] Secondary result "bench.blocking.BlockingBench.requests:gc.alloc.rate":
[info]   58,283 ±(99.9%) 7,940 MB/sec [Average]
[info]   (min, avg, max) = (42,336, 58,283, 70,786), stdev = 7,427
[info]   CI (99.9%): [50,343, 66,224] (assumes normal distribution)
[info] Secondary result "bench.blocking.BlockingBench.requests:gc.alloc.rate.norm":
[info]   490508,935 ±(99.9%) 31160,704 B/op [Average]
[info]   (min, avg, max) = (459166,272, 490508,935, 527781,252), stdev = 29147,742
[info]   CI (99.9%): [459348,230, 521669,639] (assumes normal distribution)
[info] Secondary result "bench.blocking.BlockingBench.requests:gc.count":
[info]   ≈ 0 counts
[info] # JMH version: 1.37
[info] # VM version: JDK 25.0.3, Java HotSpot(TM) 64-Bit Server VM, 25.0.3+9-LTS-195
[info] # VM invoker: /Users/stas/.sdkman/candidates/java/25.0.3-oracle/bin/java
[info] # VM options: --add-opens=java.base/java.lang=ALL-UNNAMED -Xms2g -Xmx2g -XX:+UseG1GC
[info] # Blackhole mode: compiler (auto-detected, use -Djmh.blackhole.autoDetect=false to disable)
[info] # Warmup: 5 iterations, 1 s each
[info] # Measurement: 5 iterations, 1 s each
[info] # Timeout: 10 min per iteration
[info] # Threads: 1 thread, will synchronize iterations
[info] # Benchmark mode: Sampling time
[info] # Benchmark: bench.blocking.BlockingBench.requests
[info] # Parameters: (delayMicros = 1000, parallelism = 64, runtime = kyo, size = 256)
[info] # Run progress: 95,83% complete, ETA 00:00:47
[info] # Fork: 1 of 3
[info] WARNING: A terminally deprecated method in sun.misc.Unsafe has been called
[info] WARNING: sun.misc.Unsafe::objectFieldOffset has been called by org.openjdk.jmh.util.Utils (file:/Users/stas/projects/scala-effect-bench/target/bg-jobs/sbt_abaae1e6/target/ec0caa91/1296d6b9/jmh-core-1.37.jar)
[info] WARNING: Please consider reporting this to the maintainers of class org.openjdk.jmh.util.Utils
[info] WARNING: sun.misc.Unsafe::objectFieldOffset will be removed in a future release
[info] # Warmup Iteration   1: 0,197 ±(99.9%) 0,049 s/op
[info] # Warmup Iteration   2: 0,200 ±(99.9%) 0,019 s/op
[info] # Warmup Iteration   3: 0,202 ±(99.9%) 0,010 s/op
[info] # Warmup Iteration   4: 0,201 ±(99.9%) 0,006 s/op
[info] # Warmup Iteration   5: 0,202 ±(99.9%) 0,007 s/op
[info] Iteration   1: 0,201 ±(99.9%) 0,010 s/op
[info]                  gc.alloc.rate:      0,754 MB/sec
[info]                  gc.alloc.rate.norm: 158907,200 B/op
[info]                  gc.count:           ≈ 0 counts
[info]                  p0.00:              0,198 s/op
[info]                  p0.50:              0,202 s/op
[info]                  p0.90:              0,203 s/op
[info]                  p0.95:              0,203 s/op
[info]                  p0.99:              0,203 s/op
[info]                  p0.999:             0,203 s/op
[info]                  p0.9999:            0,203 s/op
[info]                  p1.00:              0,203 s/op
[info] Iteration   2: 0,202 ±(99.9%) 0,011 s/op
[info]                  gc.alloc.rate:      0,736 MB/sec
[info]                  gc.alloc.rate.norm: 156113,600 B/op
[info]                  gc.count:           ≈ 0 counts
[info]                  p0.00:              0,199 s/op
[info]                  p0.50:              0,201 s/op
[info]                  p0.90:              0,206 s/op
[info]                  p0.95:              0,206 s/op
[info]                  p0.99:              0,206 s/op
[info]                  p0.999:             0,206 s/op
[info]                  p0.9999:            0,206 s/op
[info]                  p1.00:              0,206 s/op
[info] Iteration   3: 0,202 ±(99.9%) 0,014 s/op
[info]                  gc.alloc.rate:      0,750 MB/sec
[info]                  gc.alloc.rate.norm: 159099,200 B/op
[info]                  gc.count:           ≈ 0 counts
[info]                  p0.00:              0,197 s/op
[info]                  p0.50:              0,202 s/op
[info]                  p0.90:              0,206 s/op
[info]                  p0.95:              0,206 s/op
[info]                  p0.99:              0,206 s/op
[info]                  p0.999:             0,206 s/op
[info]                  p0.9999:            0,206 s/op
[info]                  p1.00:              0,206 s/op
[info] Iteration   4: 0,201 ±(99.9%) 0,010 s/op
[info]                  gc.alloc.rate:      0,756 MB/sec
[info]                  gc.alloc.rate.norm: 159304,000 B/op
[info]                  gc.count:           ≈ 0 counts
[info]                  p0.00:              0,198 s/op
[info]                  p0.50:              0,201 s/op
[info]                  p0.90:              0,204 s/op
[info]                  p0.95:              0,204 s/op
[info]                  p0.99:              0,204 s/op
[info]                  p0.999:             0,204 s/op
[info]                  p0.9999:            0,204 s/op
[info]                  p1.00:              0,204 s/op
[info] Iteration   5: 0,201 ±(99.9%) 0,006 s/op
[info]                  gc.alloc.rate:      0,583 MB/sec
[info]                  gc.alloc.rate.norm: 161406,400 B/op
[info]                  gc.count:           ≈ 0 counts
[info]                  p0.00:              0,199 s/op
[info]                  p0.50:              0,201 s/op
[info]                  p0.90:              0,203 s/op
[info]                  p0.95:              0,203 s/op
[info]                  p0.99:              0,203 s/op
[info]                  p0.999:             0,203 s/op
[info]                  p0.9999:            0,203 s/op
[info]                  p1.00:              0,203 s/op
[info] # Run progress: 97,22% complete, ETA 00:00:31
[info] # Fork: 2 of 3
[info] WARNING: A terminally deprecated method in sun.misc.Unsafe has been called
[info] WARNING: sun.misc.Unsafe::objectFieldOffset has been called by org.openjdk.jmh.util.Utils (file:/Users/stas/projects/scala-effect-bench/target/bg-jobs/sbt_abaae1e6/target/ec0caa91/1296d6b9/jmh-core-1.37.jar)
[info] WARNING: Please consider reporting this to the maintainers of class org.openjdk.jmh.util.Utils
[info] WARNING: sun.misc.Unsafe::objectFieldOffset will be removed in a future release
[info] # Warmup Iteration   1: 0,200 ±(99.9%) 0,026 s/op
[info] # Warmup Iteration   2: 0,200 ±(99.9%) 0,017 s/op
[info] # Warmup Iteration   3: 0,201 ±(99.9%) 0,013 s/op
[info] # Warmup Iteration   4: 0,203 ±(99.9%) 0,002 s/op
[info] # Warmup Iteration   5: 0,202 ±(99.9%) 0,010 s/op
[info] Iteration   1: 0,201 ±(99.9%) 0,006 s/op
[info]                  gc.alloc.rate:      0,748 MB/sec
[info]                  gc.alloc.rate.norm: 157396,800 B/op
[info]                  gc.count:           ≈ 0 counts
[info]                  p0.00:              0,198 s/op
[info]                  p0.50:              0,200 s/op
[info]                  p0.90:              0,203 s/op
[info]                  p0.95:              0,203 s/op
[info]                  p0.99:              0,203 s/op
[info]                  p0.999:             0,203 s/op
[info]                  p0.9999:            0,203 s/op
[info]                  p1.00:              0,203 s/op
[info] Iteration   2: 0,202 ±(99.9%) 0,006 s/op
[info]                  gc.alloc.rate:      0,751 MB/sec
[info]                  gc.alloc.rate.norm: 159617,600 B/op
[info]                  gc.count:           ≈ 0 counts
[info]                  p0.00:              0,201 s/op
[info]                  p0.50:              0,203 s/op
[info]                  p0.90:              0,205 s/op
[info]                  p0.95:              0,205 s/op
[info]                  p0.99:              0,205 s/op
[info]                  p0.999:             0,205 s/op
[info]                  p0.9999:            0,205 s/op
[info]                  p1.00:              0,205 s/op
[info] Iteration   3: 0,201 ±(99.9%) 0,010 s/op
[info]                  gc.alloc.rate:      0,760 MB/sec
[info]                  gc.alloc.rate.norm: 160168,000 B/op
[info]                  gc.count:           ≈ 0 counts
[info]                  p0.00:              0,197 s/op
[info]                  p0.50:              0,201 s/op
[info]                  p0.90:              0,204 s/op
[info]                  p0.95:              0,204 s/op
[info]                  p0.99:              0,204 s/op
[info]                  p0.999:             0,204 s/op
[info]                  p0.9999:            0,204 s/op
[info]                  p1.00:              0,204 s/op
[info] Iteration   4: 0,202 ±(99.9%) 0,009 s/op
[info]                  gc.alloc.rate:      0,739 MB/sec
[info]                  gc.alloc.rate.norm: 156644,800 B/op
[info]                  gc.count:           ≈ 0 counts
[info]                  p0.00:              0,199 s/op
[info]                  p0.50:              0,202 s/op
[info]                  p0.90:              0,204 s/op
[info]                  p0.95:              0,204 s/op
[info]                  p0.99:              0,204 s/op
[info]                  p0.999:             0,204 s/op
[info]                  p0.9999:            0,204 s/op
[info]                  p1.00:              0,204 s/op
[info] Iteration   5: 0,202 ±(99.9%) 0,004 s/op
[info]                  gc.alloc.rate:      0,579 MB/sec
[info]                  gc.alloc.rate.norm: 160766,400 B/op
[info]                  gc.count:           ≈ 0 counts
[info]                  p0.00:              0,201 s/op
[info]                  p0.50:              0,202 s/op
[info]                  p0.90:              0,203 s/op
[info]                  p0.95:              0,203 s/op
[info]                  p0.99:              0,203 s/op
[info]                  p0.999:             0,203 s/op
[info]                  p0.9999:            0,203 s/op
[info]                  p1.00:              0,203 s/op
[info] # Run progress: 98,61% complete, ETA 00:00:15
[info] # Fork: 3 of 3
[info] WARNING: A terminally deprecated method in sun.misc.Unsafe has been called
[info] WARNING: sun.misc.Unsafe::objectFieldOffset has been called by org.openjdk.jmh.util.Utils (file:/Users/stas/projects/scala-effect-bench/target/bg-jobs/sbt_abaae1e6/target/ec0caa91/1296d6b9/jmh-core-1.37.jar)
[info] WARNING: Please consider reporting this to the maintainers of class org.openjdk.jmh.util.Utils
[info] WARNING: sun.misc.Unsafe::objectFieldOffset will be removed in a future release
[info] # Warmup Iteration   1: 0,219 ±(99.9%) 0,209 s/op
[info] # Warmup Iteration   2: 0,200 ±(99.9%) 0,004 s/op
[info] # Warmup Iteration   3: 0,201 ±(99.9%) 0,003 s/op
[info] # Warmup Iteration   4: 0,201 ±(99.9%) 0,004 s/op
[info] # Warmup Iteration   5: 0,201 ±(99.9%) 0,010 s/op
[info] Iteration   1: 0,202 ±(99.9%) 0,004 s/op
[info]                  gc.alloc.rate:      0,757 MB/sec
[info]                  gc.alloc.rate.norm: 160328,000 B/op
[info]                  gc.count:           ≈ 0 counts
[info]                  p0.00:              0,200 s/op
[info]                  p0.50:              0,202 s/op
[info]                  p0.90:              0,203 s/op
[info]                  p0.95:              0,203 s/op
[info]                  p0.99:              0,203 s/op
[info]                  p0.999:             0,203 s/op
[info]                  p0.9999:            0,203 s/op
[info]                  p1.00:              0,203 s/op
[info] Iteration   2: 0,202 ±(99.9%) 0,004 s/op
[info]                  gc.alloc.rate:      0,737 MB/sec
[info]                  gc.alloc.rate.norm: 156395,200 B/op
[info]                  gc.count:           ≈ 0 counts
[info]                  p0.00:              0,201 s/op
[info]                  p0.50:              0,202 s/op
[info]                  p0.90:              0,203 s/op
[info]                  p0.95:              0,203 s/op
[info]                  p0.99:              0,203 s/op
[info]                  p0.999:             0,203 s/op
[info]                  p0.9999:            0,203 s/op
[info]                  p1.00:              0,203 s/op
[info] Iteration   3: 0,201 ±(99.9%) 0,010 s/op
[info]                  gc.alloc.rate:      0,759 MB/sec
[info]                  gc.alloc.rate.norm: 160238,400 B/op
[info]                  gc.count:           ≈ 0 counts
[info]                  p0.00:              0,197 s/op
[info]                  p0.50:              0,203 s/op
[info]                  p0.90:              0,203 s/op
[info]                  p0.95:              0,203 s/op
[info]                  p0.99:              0,203 s/op
[info]                  p0.999:             0,203 s/op
[info]                  p0.9999:            0,203 s/op
[info]                  p1.00:              0,203 s/op
[info] Iteration   4: 0,202 ±(99.9%) 0,007 s/op
[info]                  gc.alloc.rate:      0,757 MB/sec
[info]                  gc.alloc.rate.norm: 160067,200 B/op
[info]                  gc.count:           ≈ 0 counts
[info]                  p0.00:              0,199 s/op
[info]                  p0.50:              0,202 s/op
[info]                  p0.90:              0,204 s/op
[info]                  p0.95:              0,204 s/op
[info]                  p0.99:              0,204 s/op
[info]                  p0.999:             0,204 s/op
[info]                  p0.9999:            0,204 s/op
[info]                  p1.00:              0,204 s/op
[info] Iteration   5: 0,202 ±(99.9%) 0,010 s/op
[info]                  gc.alloc.rate:      0,582 MB/sec
[info]                  gc.alloc.rate.norm: 161528,000 B/op
[info]                  gc.count:           ≈ 0 counts
[info]                  p0.00:              0,199 s/op
[info]                  p0.50:              0,201 s/op
[info]                  p0.90:              0,205 s/op
[info]                  p0.95:              0,205 s/op
[info]                  p0.99:              0,205 s/op
[info]                  p0.999:             0,205 s/op
[info]                  p0.9999:            0,205 s/op
[info]                  p1.00:              0,205 s/op
[info] Result "bench.blocking.BlockingBench.requests":
[info]   N = 75
[info]   mean =      0,202 ±(99.9%) 0,001 s/op
[info]   Histogram, s/op:
[info]     [0,197, 0,198) = 5 
[info]     [0,198, 0,199) = 4 
[info]     [0,199, 0,200) = 8 
[info]     [0,200, 0,201) = 9 
[info]     [0,201, 0,202) = 14 
[info]     [0,202, 0,203) = 19 
[info]     [0,203, 0,204) = 9 
[info]     [0,204, 0,205) = 4 
[info]     [0,205, 0,206) = 2 
[info]     [0,206, 0,207) = 1 
[info]   Percentiles, s/op:
[info]       p(0,0000) =      0,197 s/op
[info]      p(50,0000) =      0,202 s/op
[info]      p(90,0000) =      0,204 s/op
[info]      p(95,0000) =      0,205 s/op
[info]      p(99,0000) =      0,206 s/op
[info]      p(99,9000) =      0,206 s/op
[info]      p(99,9900) =      0,206 s/op
[info]      p(99,9990) =      0,206 s/op
[info]      p(99,9999) =      0,206 s/op
[info]     p(100,0000) =      0,206 s/op
[info] Secondary result "bench.blocking.BlockingBench.requests:gc.alloc.rate":
[info]   0,716 ±(99.9%) 0,075 MB/sec [Average]
[info]   (min, avg, max) = (0,579, 0,716, 0,760), stdev = 0,070
[info]   CI (99.9%): [0,641, 0,792] (assumes normal distribution)
[info] Secondary result "bench.blocking.BlockingBench.requests:gc.alloc.rate.norm":
[info]   159198,720 ±(99.9%) 1900,308 B/op [Average]
[info]   (min, avg, max) = (156113,600, 159198,720, 161528,000), stdev = 1777,549
[info]   CI (99.9%): [157298,412, 161099,028] (assumes normal distribution)
[info] Secondary result "bench.blocking.BlockingBench.requests:gc.count":
[info]   ≈ 0 counts
[info] # Run complete. Total time: 00:19:06
[info] REMEMBER: The numbers below are just data. To gain reusable insights, you need to follow up on
[info] why the numbers are the way they are. Use profilers (see -prof, -lprof), design factorial
[info] experiments, perform baseline and negative tests that provide experimental control, make sure
[info] the benchmarking environment is safe on JVM/OS/HW level, ask for reviews from the domain experts.
[info] Do not assume the numbers tell you what you want them to tell.
[info] NOTE: Current JVM experimentally supports Compiler Blackholes, and they are in use. Please exercise
[info] extra caution when trusting the results, look into the generated code to check the benchmark still
[info] works, and factor in a small probability of new VM bugs. Additionally, while comparisons between
[info] different JVMs are already problematic, the performance difference caused by different Blackhole
[info] modes can be very significant. Please make sure you use the consistent Blackhole mode for comparisons.
[info] Benchmark                                  (delayMicros)  (parallelism)  (runtime)  (size)    Mode   Cnt       Score       Error   Units
[info] BlockingBench.requests                                 0              8         ce     256   thrpt    15     469,743 ±     3,356   ops/s
[info] BlockingBench.requests:gc.alloc.rate                   0              8         ce     256   thrpt    15      30,626 ±     3,434  MB/sec
[info] BlockingBench.requests:gc.alloc.rate.norm              0              8         ce     256   thrpt    15   71811,344 ±    95,898    B/op
[info] BlockingBench.requests:gc.count                        0              8         ce     256   thrpt    15         ≈ 0              counts
[info] BlockingBench.requests                                 0              8  ceVirtual     256   thrpt    15     270,040 ±     5,997   ops/s
[info] BlockingBench.requests:gc.alloc.rate                   0              8  ceVirtual     256   thrpt    15      94,903 ±    11,073  MB/sec
[info] BlockingBench.requests:gc.alloc.rate.norm              0              8  ceVirtual     256   thrpt    15  387566,234 ± 17867,527    B/op
[info] BlockingBench.requests:gc.count                        0              8  ceVirtual     256   thrpt    15       3,000              counts
[info] BlockingBench.requests:gc.time                         0              8  ceVirtual     256   thrpt    15       6,000                  ms
[info] BlockingBench.requests                                 0              8        kyo     256   thrpt    15     178,112 ±     0,835   ops/s
[info] BlockingBench.requests:gc.alloc.rate                   0              8        kyo     256   thrpt    15      16,745 ±     1,838  MB/sec
[info] BlockingBench.requests:gc.alloc.rate.norm              0              8        kyo     256   thrpt    15  103595,535 ±   102,096    B/op
[info] BlockingBench.requests:gc.count                        0              8        kyo     256   thrpt    15         ≈ 0              counts
[info] BlockingBench.requests                                 0             64         ce     256   thrpt    15     488,967 ±     5,868   ops/s
[info] BlockingBench.requests:gc.alloc.rate                   0             64         ce     256   thrpt    15      74,185 ±     8,221  MB/sec
[info] BlockingBench.requests:gc.alloc.rate.norm              0             64         ce     256   thrpt    15  167254,144 ±   825,024    B/op
[info] BlockingBench.requests:gc.count                        0             64         ce     256   thrpt    15       1,000              counts
[info] BlockingBench.requests:gc.time                         0             64         ce     256   thrpt    15       2,000                  ms
[info] BlockingBench.requests                                 0             64  ceVirtual     256   thrpt    15     455,417 ±    15,926   ops/s
[info] BlockingBench.requests:gc.alloc.rate                   0             64  ceVirtual     256   thrpt    15     195,597 ±    22,018  MB/sec
[info] BlockingBench.requests:gc.alloc.rate.norm              0             64  ceVirtual     256   thrpt    15  474003,753 ± 23080,506    B/op
[info] BlockingBench.requests:gc.count                        0             64  ceVirtual     256   thrpt    15       3,000              counts
[info] BlockingBench.requests:gc.time                         0             64  ceVirtual     256   thrpt    15       6,000                  ms
[info] BlockingBench.requests                                 0             64        kyo     256   thrpt    15     177,363 ±     1,374   ops/s
[info] BlockingBench.requests:gc.alloc.rate                   0             64        kyo     256   thrpt    15      22,724 ±     2,495  MB/sec
[info] BlockingBench.requests:gc.alloc.rate.norm              0             64        kyo     256   thrpt    15  141123,468 ±   149,091    B/op
[info] BlockingBench.requests:gc.count                        0             64        kyo     256   thrpt    15         ≈ 0              counts
[info] BlockingBench.requests                              1000              8         ce     256   thrpt    15      22,081 ±     0,220   ops/s
[info] BlockingBench.requests:gc.alloc.rate                1000              8         ce     256   thrpt    15       1,496 ±     0,147  MB/sec
[info] BlockingBench.requests:gc.alloc.rate.norm           1000              8         ce     256   thrpt    15   74678,639 ±   708,733    B/op
[info] BlockingBench.requests:gc.count                     1000              8         ce     256   thrpt    15         ≈ 0              counts
[info] BlockingBench.requests                              1000              8  ceVirtual     256   thrpt    15      21,761 ±     0,256   ops/s
[info] BlockingBench.requests:gc.alloc.rate                1000              8  ceVirtual     256   thrpt    15       7,372 ±     0,817  MB/sec
[info] BlockingBench.requests:gc.alloc.rate.norm           1000              8  ceVirtual     256   thrpt    15  373117,558 ±  4351,767    B/op
[info] BlockingBench.requests:gc.count                     1000              8  ceVirtual     256   thrpt    15         ≈ 0              counts
[info] BlockingBench.requests                              1000              8        kyo     256   thrpt    15      18,444 ±     0,201   ops/s
[info] BlockingBench.requests:gc.alloc.rate                1000              8        kyo     256   thrpt    15       1,908 ±     0,193  MB/sec
[info] BlockingBench.requests:gc.alloc.rate.norm           1000              8        kyo     256   thrpt    15  113822,288 ±  1503,613    B/op
[info] BlockingBench.requests:gc.count                     1000              8        kyo     256   thrpt    15         ≈ 0              counts
[info] BlockingBench.requests                              1000             64         ce     256   thrpt    15     152,813 ±     1,563   ops/s
[info] BlockingBench.requests:gc.alloc.rate                1000             64         ce     256   thrpt    15      22,885 ±     2,586  MB/sec
[info] BlockingBench.requests:gc.alloc.rate.norm           1000             64         ce     256   thrpt    15  165007,152 ±   837,978    B/op
[info] BlockingBench.requests:gc.count                     1000             64         ce     256   thrpt    15         ≈ 0              counts
[info] BlockingBench.requests                              1000             64  ceVirtual     256   thrpt    15     137,512 ±     3,506   ops/s
[info] BlockingBench.requests:gc.alloc.rate                1000             64  ceVirtual     256   thrpt    15      57,263 ±     6,495  MB/sec
[info] BlockingBench.requests:gc.alloc.rate.norm           1000             64  ceVirtual     256   thrpt    15  458998,539 ±   229,040    B/op
[info] BlockingBench.requests:gc.count                     1000             64  ceVirtual     256   thrpt    15         ≈ 0              counts
[info] BlockingBench.requests                              1000             64        kyo     256   thrpt    15       4,960 ±     0,014   ops/s
[info] BlockingBench.requests:gc.alloc.rate                1000             64        kyo     256   thrpt    15       0,695 ±     0,073  MB/sec
[info] BlockingBench.requests:gc.alloc.rate.norm           1000             64        kyo     256   thrpt    15  154375,964 ±  2151,134    B/op
[info] BlockingBench.requests:gc.count                     1000             64        kyo     256   thrpt    15         ≈ 0              counts
[info] BlockingBench.requests                                 0              8         ce     256  sample  7006       0,002 ±     0,001    s/op
[info] BlockingBench.requests:gc.alloc.rate                   0              8         ce     256  sample    15      30,323 ±     3,430  MB/sec
[info] BlockingBench.requests:gc.alloc.rate.norm              0              8         ce     256  sample    15   71961,071 ±   101,068    B/op
[info] BlockingBench.requests:gc.count                        0              8         ce     256  sample    15         ≈ 0              counts
[info] BlockingBench.requests:p0.00                           0              8         ce     256  sample             0,002                s/op
[info] BlockingBench.requests:p0.50                           0              8         ce     256  sample             0,002                s/op
[info] BlockingBench.requests:p0.90                           0              8         ce     256  sample             0,002                s/op
[info] BlockingBench.requests:p0.95                           0              8         ce     256  sample             0,002                s/op
[info] BlockingBench.requests:p0.99                           0              8         ce     256  sample             0,002                s/op
[info] BlockingBench.requests:p0.999                          0              8         ce     256  sample             0,003                s/op
[info] BlockingBench.requests:p0.9999                         0              8         ce     256  sample             0,005                s/op
[info] BlockingBench.requests:p1.00                           0              8         ce     256  sample             0,005                s/op
[info] BlockingBench.requests                                 0              8  ceVirtual     256  sample  4098       0,004 ±     0,001    s/op
[info] BlockingBench.requests:gc.alloc.rate                   0              8  ceVirtual     256  sample    15      94,472 ±    10,818  MB/sec
[info] BlockingBench.requests:gc.alloc.rate.norm              0              8  ceVirtual     256  sample    15  383670,759 ± 13812,007    B/op
[info] BlockingBench.requests:gc.count                        0              8  ceVirtual     256  sample    15       3,000              counts
[info] BlockingBench.requests:gc.time                         0              8  ceVirtual     256  sample    15       4,000                  ms
[info] BlockingBench.requests:p0.00                           0              8  ceVirtual     256  sample             0,003                s/op
[info] BlockingBench.requests:p0.50                           0              8  ceVirtual     256  sample             0,004                s/op
[info] BlockingBench.requests:p0.90                           0              8  ceVirtual     256  sample             0,004                s/op
[info] BlockingBench.requests:p0.95                           0              8  ceVirtual     256  sample             0,004                s/op
[info] BlockingBench.requests:p0.99                           0              8  ceVirtual     256  sample             0,004                s/op
[info] BlockingBench.requests:p0.999                          0              8  ceVirtual     256  sample             0,005                s/op
[info] BlockingBench.requests:p0.9999                         0              8  ceVirtual     256  sample             0,006                s/op
[info] BlockingBench.requests:p1.00                           0              8  ceVirtual     256  sample             0,006                s/op
[info] BlockingBench.requests                                 0              8        kyo     256  sample  2645       0,006 ±     0,001    s/op
[info] BlockingBench.requests:gc.alloc.rate                   0              8        kyo     256  sample    15      16,534 ±     1,758  MB/sec
[info] BlockingBench.requests:gc.alloc.rate.norm              0              8        kyo     256  sample    15  103946,270 ±   156,232    B/op
[info] BlockingBench.requests:gc.count                        0              8        kyo     256  sample    15         ≈ 0              counts
[info] BlockingBench.requests:p0.00                           0              8        kyo     256  sample             0,003                s/op
[info] BlockingBench.requests:p0.50                           0              8        kyo     256  sample             0,006                s/op
[info] BlockingBench.requests:p0.90                           0              8        kyo     256  sample             0,006                s/op
[info] BlockingBench.requests:p0.95                           0              8        kyo     256  sample             0,006                s/op
[info] BlockingBench.requests:p0.99                           0              8        kyo     256  sample             0,006                s/op
[info] BlockingBench.requests:p0.999                          0              8        kyo     256  sample             0,010                s/op
[info] BlockingBench.requests:p0.9999                         0              8        kyo     256  sample             0,010                s/op
[info] BlockingBench.requests:p1.00                           0              8        kyo     256  sample             0,010                s/op
[info] BlockingBench.requests                                 0             64         ce     256  sample  7353       0,002 ±     0,001    s/op
[info] BlockingBench.requests:gc.alloc.rate                   0             64         ce     256  sample    15      73,612 ±     8,178  MB/sec
[info] BlockingBench.requests:gc.alloc.rate.norm              0             64         ce     256  sample    15  166596,314 ±   232,395    B/op
[info] BlockingBench.requests:gc.count                        0             64         ce     256  sample    15       3,000              counts
[info] BlockingBench.requests:gc.time                         0             64         ce     256  sample    15       6,000                  ms
[info] BlockingBench.requests:p0.00                           0             64         ce     256  sample             0,002                s/op
[info] BlockingBench.requests:p0.50                           0             64         ce     256  sample             0,002                s/op
[info] BlockingBench.requests:p0.90                           0             64         ce     256  sample             0,002                s/op
[info] BlockingBench.requests:p0.95                           0             64         ce     256  sample             0,002                s/op
[info] BlockingBench.requests:p0.99                           0             64         ce     256  sample             0,002                s/op
[info] BlockingBench.requests:p0.999                          0             64         ce     256  sample             0,003                s/op
[info] BlockingBench.requests:p0.9999                         0             64         ce     256  sample             0,004                s/op
[info] BlockingBench.requests:p1.00                           0             64         ce     256  sample             0,004                s/op
[info] BlockingBench.requests                                 0             64  ceVirtual     256  sample  6927       0,002 ±     0,001    s/op
[info] BlockingBench.requests:gc.alloc.rate                   0             64  ceVirtual     256  sample    15     190,334 ±    22,413  MB/sec
[info] BlockingBench.requests:gc.alloc.rate.norm              0             64  ceVirtual     256  sample    15  457472,645 ±  8279,212    B/op
[info] BlockingBench.requests:gc.count                        0             64  ceVirtual     256  sample    15       3,000              counts
[info] BlockingBench.requests:gc.time                         0             64  ceVirtual     256  sample    15       5,000                  ms
[info] BlockingBench.requests:p0.00                           0             64  ceVirtual     256  sample             0,002                s/op
[info] BlockingBench.requests:p0.50                           0             64  ceVirtual     256  sample             0,002                s/op
[info] BlockingBench.requests:p0.90                           0             64  ceVirtual     256  sample             0,002                s/op
[info] BlockingBench.requests:p0.95                           0             64  ceVirtual     256  sample             0,003                s/op
[info] BlockingBench.requests:p0.99                           0             64  ceVirtual     256  sample             0,003                s/op
[info] BlockingBench.requests:p0.999                          0             64  ceVirtual     256  sample             0,003                s/op
[info] BlockingBench.requests:p0.9999                         0             64  ceVirtual     256  sample             0,004                s/op
[info] BlockingBench.requests:p1.00                           0             64  ceVirtual     256  sample             0,004                s/op
[info] BlockingBench.requests                                 0             64        kyo     256  sample  2400       0,006 ±     0,001    s/op
[info] BlockingBench.requests:gc.alloc.rate                   0             64        kyo     256  sample    15      20,424 ±     2,201  MB/sec
[info] BlockingBench.requests:gc.alloc.rate.norm              0             64        kyo     256  sample    15  141532,845 ±   143,316    B/op
[info] BlockingBench.requests:gc.count                        0             64        kyo     256  sample    15         ≈ 0              counts
[info] BlockingBench.requests:p0.00                           0             64        kyo     256  sample             0,003                s/op
[info] BlockingBench.requests:p0.50                           0             64        kyo     256  sample             0,007                s/op
[info] BlockingBench.requests:p0.90                           0             64        kyo     256  sample             0,007                s/op
[info] BlockingBench.requests:p0.95                           0             64        kyo     256  sample             0,007                s/op
[info] BlockingBench.requests:p0.99                           0             64        kyo     256  sample             0,007                s/op
[info] BlockingBench.requests:p0.999                          0             64        kyo     256  sample             0,008                s/op
[info] BlockingBench.requests:p0.9999                         0             64        kyo     256  sample             0,010                s/op
[info] BlockingBench.requests:p1.00                           0             64        kyo     256  sample             0,010                s/op
[info] BlockingBench.requests                              1000              8         ce     256  sample   303       0,051 ±     0,001    s/op
[info] BlockingBench.requests:gc.alloc.rate                1000              8         ce     256  sample    15       1,359 ±     0,146  MB/sec
[info] BlockingBench.requests:gc.alloc.rate.norm           1000              8         ce     256  sample    15   76294,136 ±   860,635    B/op
[info] BlockingBench.requests:gc.count                     1000              8         ce     256  sample    15         ≈ 0              counts
[info] BlockingBench.requests:p0.00                        1000              8         ce     256  sample             0,043                s/op
[info] BlockingBench.requests:p0.50                        1000              8         ce     256  sample             0,049                s/op
[info] BlockingBench.requests:p0.90                        1000              8         ce     256  sample             0,060                s/op
[info] BlockingBench.requests:p0.95                        1000              8         ce     256  sample             0,062                s/op
[info] BlockingBench.requests:p0.99                        1000              8         ce     256  sample             0,064                s/op
[info] BlockingBench.requests:p0.999                       1000              8         ce     256  sample             0,065                s/op
[info] BlockingBench.requests:p0.9999                      1000              8         ce     256  sample             0,065                s/op
[info] BlockingBench.requests:p1.00                        1000              8         ce     256  sample             0,065                s/op
[info] BlockingBench.requests                              1000              8  ceVirtual     256  sample   298       0,052 ±     0,002    s/op
[info] BlockingBench.requests:gc.alloc.rate                1000              8  ceVirtual     256  sample    15       6,456 ±     0,734  MB/sec
[info] BlockingBench.requests:gc.alloc.rate.norm           1000              8  ceVirtual     256  sample    15  370428,062 ±  1129,332    B/op
[info] BlockingBench.requests:gc.count                     1000              8  ceVirtual     256  sample    15         ≈ 0              counts
[info] BlockingBench.requests:p0.00                        1000              8  ceVirtual     256  sample             0,044                s/op
[info] BlockingBench.requests:p0.50                        1000              8  ceVirtual     256  sample             0,049                s/op
[info] BlockingBench.requests:p0.90                        1000              8  ceVirtual     256  sample             0,066                s/op
[info] BlockingBench.requests:p0.95                        1000              8  ceVirtual     256  sample             0,069                s/op
[info] BlockingBench.requests:p0.99                        1000              8  ceVirtual     256  sample             0,072                s/op
[info] BlockingBench.requests:p0.999                       1000              8  ceVirtual     256  sample             0,079                s/op
[info] BlockingBench.requests:p0.9999                      1000              8  ceVirtual     256  sample             0,079                s/op
[info] BlockingBench.requests:p1.00                        1000              8  ceVirtual     256  sample             0,079                s/op
[info] BlockingBench.requests                              1000              8        kyo     256  sample   283       0,055 ±     0,001    s/op
[info] BlockingBench.requests:gc.alloc.rate                1000              8        kyo     256  sample    15       1,896 ±     0,194  MB/sec
[info] BlockingBench.requests:gc.alloc.rate.norm           1000              8        kyo     256  sample    15  115159,139 ±  1505,167    B/op
[info] BlockingBench.requests:gc.count                     1000              8        kyo     256  sample    15         ≈ 0              counts
[info] BlockingBench.requests:p0.00                        1000              8        kyo     256  sample             0,052                s/op
[info] BlockingBench.requests:p0.50                        1000              8        kyo     256  sample             0,054                s/op
[info] BlockingBench.requests:p0.90                        1000              8        kyo     256  sample             0,058                s/op
[info] BlockingBench.requests:p0.95                        1000              8        kyo     256  sample             0,065                s/op
[info] BlockingBench.requests:p0.99                        1000              8        kyo     256  sample             0,068                s/op
[info] BlockingBench.requests:p0.999                       1000              8        kyo     256  sample             0,073                s/op
[info] BlockingBench.requests:p0.9999                      1000              8        kyo     256  sample             0,073                s/op
[info] BlockingBench.requests:p1.00                        1000              8        kyo     256  sample             0,073                s/op
[info] BlockingBench.requests                              1000             64         ce     256  sample  2182       0,007 ±     0,001    s/op
[info] BlockingBench.requests:gc.alloc.rate                1000             64         ce     256  sample    15      21,695 ±     2,455  MB/sec
[info] BlockingBench.requests:gc.alloc.rate.norm           1000             64         ce     256  sample    15  165265,780 ±   898,834    B/op
[info] BlockingBench.requests:gc.count                     1000             64         ce     256  sample    15         ≈ 0              counts
[info] BlockingBench.requests:p0.00                        1000             64         ce     256  sample             0,006                s/op
[info] BlockingBench.requests:p0.50                        1000             64         ce     256  sample             0,007                s/op
[info] BlockingBench.requests:p0.90                        1000             64         ce     256  sample             0,008                s/op
[info] BlockingBench.requests:p0.95                        1000             64         ce     256  sample             0,008                s/op
[info] BlockingBench.requests:p0.99                        1000             64         ce     256  sample             0,008                s/op
[info] BlockingBench.requests:p0.999                       1000             64         ce     256  sample             0,009                s/op
[info] BlockingBench.requests:p0.9999                      1000             64         ce     256  sample             0,009                s/op
[info] BlockingBench.requests:p1.00                        1000             64         ce     256  sample             0,009                s/op
[info] BlockingBench.requests                              1000             64  ceVirtual     256  sample  1976       0,008 ±     0,001    s/op
[info] BlockingBench.requests:gc.alloc.rate                1000             64  ceVirtual     256  sample    15      58,283 ±     7,940  MB/sec
[info] BlockingBench.requests:gc.alloc.rate.norm           1000             64  ceVirtual     256  sample    15  490508,935 ± 31160,704    B/op
[info] BlockingBench.requests:gc.count                     1000             64  ceVirtual     256  sample    15         ≈ 0              counts
[info] BlockingBench.requests:p0.00                        1000             64  ceVirtual     256  sample             0,006                s/op
[info] BlockingBench.requests:p0.50                        1000             64  ceVirtual     256  sample             0,008                s/op
[info] BlockingBench.requests:p0.90                        1000             64  ceVirtual     256  sample             0,008                s/op
[info] BlockingBench.requests:p0.95                        1000             64  ceVirtual     256  sample             0,009                s/op
[info] BlockingBench.requests:p0.99                        1000             64  ceVirtual     256  sample             0,011                s/op
[info] BlockingBench.requests:p0.999                       1000             64  ceVirtual     256  sample             0,014                s/op
[info] BlockingBench.requests:p0.9999                      1000             64  ceVirtual     256  sample             0,014                s/op
[info] BlockingBench.requests:p1.00                        1000             64  ceVirtual     256  sample             0,014                s/op
[info] BlockingBench.requests                              1000             64        kyo     256  sample    75       0,202 ±     0,001    s/op
[info] BlockingBench.requests:gc.alloc.rate                1000             64        kyo     256  sample    15       0,716 ±     0,075  MB/sec
[info] BlockingBench.requests:gc.alloc.rate.norm           1000             64        kyo     256  sample    15  159198,720 ±  1900,308    B/op
[info] BlockingBench.requests:gc.count                     1000             64        kyo     256  sample    15         ≈ 0              counts
[info] BlockingBench.requests:p0.00                        1000             64        kyo     256  sample             0,197                s/op
[info] BlockingBench.requests:p0.50                        1000             64        kyo     256  sample             0,202                s/op
[info] BlockingBench.requests:p0.90                        1000             64        kyo     256  sample             0,204                s/op
[info] BlockingBench.requests:p0.95                        1000             64        kyo     256  sample             0,205                s/op
[info] BlockingBench.requests:p0.99                        1000             64        kyo     256  sample             0,206                s/op
[info] BlockingBench.requests:p0.999                       1000             64        kyo     256  sample             0,206                s/op
[info] BlockingBench.requests:p0.9999                      1000             64        kyo     256  sample             0,206                s/op
[info] BlockingBench.requests:p1.00                        1000             64        kyo     256  sample             0,206                s/op
[info] Benchmark result is saved to /Users/stas/projects/scala-effect-bench/results/blocking/current.json
[success] Total time: 1147 s (0:19:07.0), completed 6 Sept 2026, 13:07:41
